delivery_id,order_id,delivery_status,delivery_time,rider_id
1,658,Delivered,0:11:00,1
2,111,Delivered,11:00:15,6
3,8481,Not Delivered,11:21:28,6
4,4634,Delivered,9:33:59,4
5,8699,Delivered,0:38:11,13
6,2031,Delivered,12:09:24,4
7,2844,Delivered,7:38:05,13
8,4074,Delivered,22:20:42,3
9,3060,Delivered,23:12:11,6
10,8260,Delivered,18:15:50,12
11,2359,Delivered,21:32:17,6
12,4928,Delivered,12:38:25,7
13,228,Delivered,7:48:16,9
14,1325,Delivered,14:28:45,11
15,6422,Delivered,23:19:38,3
16,4938,Delivered,17:31:40,1
17,3439,Order,12:45:12,3
18,3939,Delivered,17:16:55,12
19,2416,Delivered,23:44:29,15
20,7023,Delivered,9:50:47,8
21,5889,Delivered,23:51:28,4
22,8831,Delivered,20:39:44,15
23,7514,Delivered,11:38:46,6
24,4113,Delivered,0:23:00,5
25,1111,Delivered,20:39:09,7
26,4992,Delivered,14:10:07,4
27,1989,Order,1:16:00,14
28,3123,Not Delivered,21:14:05,3
29,896,Order,13:23:22,20
30,1431,Delivered,17:23:38,1
31,7971,Not Delivered,22:36:32,5
32,6212,Order,14:00:42,8
33,2171,Delivered,19:20:18,15
34,197,Delivered,4:55:17,1
35,687,Order,5:05:31,11
36,6451,Order,21:16:58,5
37,2062,Order,20:28:36,5
38,5395,Not Delivered,8:13:45,7
39,3862,Not Delivered,15:08:05,17
40,3896,Order,6:26:35,18
41,1285,Not Delivered,17:43:41,20
42,6285,Order,2:36:55,2
43,6365,Order,2:32:22,20
44,2615,Order,20:54:29,12
45,2171,Not Delivered,16:24:42,7
46,9579,Delivered,0:37:16,1
47,4887,Order,15:53:14,15
48,8543,Delivered,6:27:52,11
49,7448,Not Delivered,19:30:45,11
50,3205,Not Delivered,10:02:03,9
51,694,Delivered,17:00:59,19
52,9664,Delivered,18:09:09,16
53,3170,Delivered,18:58:00,8
54,7525,Order,0:43:02,15
55,9637,Order,8:31:34,11
56,333,Not Delivered,18:38:04,7
57,7966,Not Delivered,7:10:33,4
58,5664,Order,0:36:39,8
59,8843,Order,20:22:57,3
60,2814,Not Delivered,3:43:48,13
61,9073,Not Delivered,8:54:15,12
62,7180,Order,12:40:06,19
63,3872,Delivered,0:36:23,5
64,8336,Not Delivered,"1 day, 0:30:31",13
65,309,Order,21:28:19,5
66,4525,Not Delivered,5:06:59,8
67,8971,Not Delivered,4:01:11,20
68,6335,Order,8:48:31,15
69,7558,Delivered,6:43:53,11
70,9296,Order,13:45:55,20
71,6394,Delivered,16:21:21,12
72,7113,Not Delivered,2:33:49,18
73,3177,Order,23:15:12,8
74,9563,Delivered,15:07:24,20
75,797,Delivered,5:38:35,2
76,6698,Delivered,20:48:26,14
77,3824,Not Delivered,14:53:57,1
78,679,Not Delivered,0:48:11,2
79,786,Order,13:18:28,1
80,4462,Not Delivered,19:38:52,1
81,3425,Delivered,6:34:14,9
82,2499,Delivered,"1 day, 0:36:36",11
83,8869,Order,12:36:40,20
84,5779,Order,6:48:08,19
85,3527,Order,12:49:28,1
86,9378,Delivered,0:27:41,20
87,5450,Delivered,4:09:18,15
88,5265,Order,21:34:53,3
89,3041,Delivered,17:28:50,2
90,1886,Delivered,13:57:06,18
91,3910,Not Delivered,0:13:50,10
92,9512,Not Delivered,8:20:57,4
93,6234,Not Delivered,7:03:04,5
94,1564,Order,"1 day, 0:50:11",2
95,5690,Not Delivered,4:17:40,13
96,9997,Not Delivered,8:10:51,10
97,2335,Delivered,13:42:59,3
98,8781,Delivered,18:58:20,6
99,1096,Not Delivered,5:50:44,11
100,5697,Order,3:29:04,3
101,6430,Not Delivered,6:05:24,18
102,3276,Delivered,0:39:24,4
103,7621,Order,23:09:07,18
104,7784,Not Delivered,6:24:20,16
105,2444,Not Delivered,13:42:34,3
106,6608,Order,1:50:18,10
107,4683,Order,19:32:52,11
108,1183,Order,0:46:00,10
109,2753,Not Delivered,0:26:22,11
110,9049,Delivered,4:06:17,12
111,6351,Delivered,7:11:32,7
112,9379,Not Delivered,2:07:55,17
113,6174,Order,3:46:08,15
114,9255,Delivered,13:02:06,2
115,4074,Order,20:52:02,6
116,9672,Delivered,14:48:20,8
117,8606,Not Delivered,23:19:52,8
118,6006,Not Delivered,10:38:45,15
119,2689,Not Delivered,11:06:31,9
120,2584,Order,14:19:33,1
121,7451,Delivered,21:10:26,5
122,235,Order,6:44:22,10
123,8748,Order,19:04:02,7
124,4014,Not Delivered,1:24:18,13
125,9328,Delivered,19:38:43,7
126,4507,Order,4:30:23,16
127,7890,Order,14:23:14,3
128,1237,Order,17:28:37,18
129,7545,Delivered,12:33:30,14
130,8754,Not Delivered,6:44:25,2
131,1122,Order,14:55:37,13
132,2904,Order,14:12:13,7
133,7027,Order,8:54:05,11
134,7502,Not Delivered,2:02:16,8
135,2339,Order,20:50:52,1
136,7142,Order,14:01:24,10
137,4039,Not Delivered,21:43:45,12
138,4198,Order,1:42:03,20
139,896,Order,15:12:10,6
140,623,Delivered,13:59:59,11
141,2578,Not Delivered,5:40:41,7
142,6091,Not Delivered,4:32:50,6
143,8654,Not Delivered,9:56:50,1
144,1154,Delivered,16:15:20,3
145,5378,Delivered,4:28:23,3
146,2425,Delivered,1:50:23,17
147,1348,Not Delivered,2:24:38,9
148,2072,Not Delivered,"1 day, 0:36:55",2
149,7444,Delivered,10:55:43,1
150,1225,Order,16:28:55,9
151,929,Order,16:21:50,4
152,3462,Delivered,23:57:50,20
153,1834,Not Delivered,11:12:18,3
154,6241,Order,13:06:04,18
155,6988,Not Delivered,9:44:27,5
156,4145,Not Delivered,7:51:20,17
157,2280,Delivered,11:34:28,5
158,9843,Delivered,2:39:15,10
159,2374,Order,17:19:52,9
160,4216,Not Delivered,7:59:38,8
161,657,Delivered,2:14:45,8
162,7028,Not Delivered,9:38:23,7
163,802,Order,2:32:26,19
164,300,Order,4:56:09,2
165,3017,Order,0:22:07,13
166,4827,Not Delivered,"1 day, 0:45:18",10
167,8012,Order,10:13:24,2
168,4189,Not Delivered,1:04:23,16
169,9894,Not Delivered,18:09:41,13
170,9654,Not Delivered,1:17:14,13
171,6234,Order,20:43:30,3
172,3833,Not Delivered,14:23:11,5
173,206,Delivered,17:44:27,9
174,6428,Order,13:40:39,11
175,4345,Not Delivered,7:49:37,16
176,5757,Not Delivered,21:11:41,14
177,1264,Order,5:53:18,10
178,9573,Order,10:37:00,1
179,3243,Delivered,8:12:54,14
180,1083,Order,15:17:34,17
181,3829,Not Delivered,10:34:48,16
182,1579,Not Delivered,16:49:58,5
183,9515,Not Delivered,0:45:00,17
184,6251,Not Delivered,13:17:42,14
185,9508,Not Delivered,"1 day, 0:42:11",2
186,5997,Order,6:14:10,14
187,538,Order,12:36:27,6
188,7645,Order,23:50:25,14
189,3315,Not Delivered,22:40:20,11
190,8495,Order,2:19:52,19
191,7158,Not Delivered,8:37:18,7
192,5135,Delivered,20:33:42,17
193,4289,Order,7:28:54,1
194,2113,Not Delivered,4:56:04,7
195,900,Not Delivered,14:07:31,7
196,9360,Order,8:40:37,6
197,1887,Delivered,7:39:27,20
198,1010,Order,20:53:50,2
199,103,Not Delivered,21:26:16,20
200,3946,Not Delivered,13:41:55,20
201,7351,Order,11:58:47,6
202,2269,Delivered,12:06:58,4
203,1725,Delivered,1:29:15,5
204,6306,Order,12:00:31,7
205,719,Not Delivered,10:12:49,4
206,2115,Not Delivered,3:31:06,8
207,6010,Not Delivered,18:27:38,1
208,6792,Order,0:23:44,13
209,8983,Delivered,0:48:16,6
210,8812,Delivered,19:29:27,17
211,2425,Not Delivered,18:32:06,2
212,7510,Delivered,6:01:54,13
213,1370,Not Delivered,17:29:07,9
214,7696,Delivered,2:44:49,6
215,3020,Order,1:33:22,13
216,2684,Not Delivered,16:25:29,18
217,7748,Order,14:06:36,4
218,7863,Not Delivered,10:21:51,10
219,4796,Delivered,"1 day, 0:29:14",12
220,7265,Delivered,20:43:42,3
221,7873,Not Delivered,0:10:34,15
222,3004,Delivered,2:39:00,10
223,9249,Order,5:12:59,15
224,3822,Delivered,13:08:07,5
225,6939,Delivered,12:31:12,18
226,9327,Order,3:55:04,18
227,6322,Delivered,2:49:35,10
228,5257,Order,15:18:56,4
229,7237,Not Delivered,21:44:52,1
230,1777,Not Delivered,5:23:19,17
231,5469,Not Delivered,18:16:49,10
232,6750,Order,14:31:18,16
233,5054,Delivered,4:53:43,14
234,3255,Delivered,17:37:52,10
235,2081,Delivered,7:19:02,5
236,2692,Delivered,20:50:01,12
237,380,Order,19:13:10,20
238,6688,Delivered,14:16:09,13
239,9333,Not Delivered,0:10:00,3
240,7948,Delivered,12:39:55,1
241,1047,Not Delivered,5:38:04,5
242,3002,Not Delivered,9:49:58,19
243,4123,Delivered,0:14:06,14
244,8364,Order,1:51:49,8
245,4714,Order,23:41:25,16
246,7723,Order,11:18:09,13
247,8014,Not Delivered,17:15:04,19
248,9383,Not Delivered,0:16:03,5
249,8556,Delivered,0:55:44,3
250,4476,Not Delivered,22:41:07,5
251,846,Order,3:50:18,20
252,9616,Not Delivered,18:18:35,20
253,4316,Not Delivered,11:25:51,2
254,3195,Not Delivered,15:15:47,8
255,6749,Not Delivered,0:37:43,6
256,6996,Order,8:08:49,14
257,9196,Order,22:00:03,16
258,5799,Order,7:48:47,3
259,1635,Order,1:15:54,20
260,4753,Delivered,15:32:27,1
261,6140,Order,"1 day, 0:48:06",19
262,5529,Delivered,12:53:13,16
263,5684,Order,4:54:54,18
264,8798,Not Delivered,"1 day, 0:25:28",17
265,3667,Order,17:12:18,6
266,7156,Delivered,8:35:03,15
267,2012,Not Delivered,9:15:14,12
268,8733,Order,1:02:07,13
269,703,Not Delivered,3:40:40,1
270,7700,Order,1:15:48,9
271,4726,Not Delivered,8:55:22,6
272,8376,Not Delivered,17:20:09,15
273,4611,Delivered,0:51:22,8
274,6680,Order,22:31:11,1
275,8835,Not Delivered,10:12:14,13
276,5421,Order,13:44:07,18
277,1028,Order,15:05:25,3
278,1107,Not Delivered,20:54:15,19
279,244,Order,16:20:33,18
280,304,Delivered,17:07:34,15
281,5109,Delivered,6:50:24,20
282,9140,Not Delivered,11:02:03,3
283,1607,Not Delivered,8:42:15,9
284,8159,Delivered,6:23:14,4
285,4725,Order,11:06:38,15
286,5875,Order,1:49:59,15
287,7226,Not Delivered,"1 day, 0:48:22",8
288,6458,Order,22:42:39,12
289,219,Not Delivered,12:19:58,3
290,6735,Order,6:46:23,6
291,483,Order,3:41:03,4
292,2804,Not Delivered,4:44:45,4
293,6522,Order,14:48:30,15
294,9774,Not Delivered,1:41:10,10
295,5339,Not Delivered,9:06:13,13
296,9368,Not Delivered,3:18:31,20
297,131,Not Delivered,3:11:22,19
298,1688,Delivered,8:08:40,1
299,9323,Delivered,5:37:42,12
300,899,Not Delivered,5:00:57,3
301,846,Order,9:16:03,5
302,4971,Delivered,17:45:36,15
303,2564,Order,19:29:30,2
304,3034,Not Delivered,11:43:00,18
305,8179,Not Delivered,7:14:08,15
306,7657,Not Delivered,19:15:21,3
307,1773,Delivered,11:46:57,1
308,4724,Delivered,12:14:20,17
309,3228,Delivered,11:26:06,5
310,8423,Not Delivered,10:35:45,17
311,596,Not Delivered,18:33:17,4
312,9604,Delivered,18:54:57,1
313,4220,Not Delivered,11:03:39,1
314,144,Not Delivered,5:08:47,6
315,7575,Not Delivered,0:11:17,16
316,7412,Delivered,0:54:24,9
317,7270,Delivered,14:03:42,6
318,7832,Not Delivered,6:56:49,19
319,8960,Delivered,4:30:05,16
320,6888,Not Delivered,9:46:05,5
321,7346,Delivered,2:03:17,1
322,1228,Delivered,"1 day, 0:18:42",4
323,1612,Order,15:22:52,11
324,6656,Order,11:59:56,18
325,7585,Delivered,22:02:13,2
326,261,Not Delivered,3:25:51,17
327,2967,Delivered,6:07:23,1
328,1438,Not Delivered,9:58:45,6
329,1764,Delivered,3:09:42,8
330,3156,Not Delivered,"1 day, 0:24:04",18
331,2074,Not Delivered,10:16:51,16
332,9325,Order,16:02:06,13
333,4448,Delivered,9:46:31,16
334,5541,Delivered,0:45:46,7
335,7633,Delivered,2:25:23,10
336,3429,Not Delivered,15:15:01,16
337,2331,Not Delivered,20:12:07,11
338,6887,Order,7:32:59,20
339,4479,Order,9:21:16,4
340,401,Delivered,21:43:36,8
341,2980,Not Delivered,8:04:26,3
342,2120,Order,2:11:49,18
343,3097,Delivered,7:02:55,18
344,8233,Not Delivered,17:58:29,11
345,511,Not Delivered,6:45:29,20
346,9198,Order,0:10:27,8
347,4540,Not Delivered,8:43:33,14
348,115,Not Delivered,8:57:24,11
349,9134,Delivered,9:55:55,4
350,546,Not Delivered,23:41:40,15
351,6054,Order,23:31:29,17
352,5740,Delivered,11:36:09,11
353,2958,Not Delivered,12:44:25,7
354,7148,Order,9:17:53,5
355,3322,Delivered,21:55:55,6
356,3790,Not Delivered,3:13:04,14
357,7874,Order,7:18:16,2
358,515,Order,4:56:56,6
359,3432,Not Delivered,6:11:21,18
360,2537,Order,"1 day, 0:49:22",5
361,7970,Delivered,10:54:24,20
362,4475,Not Delivered,17:02:08,13
363,2175,Order,22:40:47,15
364,2142,Order,8:41:14,4
365,2439,Not Delivered,13:34:35,9
366,2962,Order,6:16:45,13
367,603,Delivered,17:52:39,12
368,2111,Order,4:13:22,7
369,4555,Order,2:33:29,11
370,2014,Order,23:36:07,13
371,8112,Delivered,8:05:00,4
372,4295,Order,17:02:29,8
373,7554,Not Delivered,20:24:08,5
374,5600,Not Delivered,20:57:34,5
375,8837,Delivered,14:24:00,11
376,5575,Delivered,10:38:42,7
377,8105,Order,23:09:08,5
378,1231,Order,13:25:26,2
379,4669,Order,10:33:16,14
380,9758,Not Delivered,3:56:27,4
381,6400,Order,10:34:09,3
382,7800,Not Delivered,9:41:10,12
383,5213,Order,11:51:17,19
384,9570,Order,9:39:55,19
385,2417,Delivered,8:40:29,13
386,7618,Order,3:03:55,1
387,1673,Order,12:31:24,8
388,9313,Order,18:54:11,15
389,4968,Order,21:59:29,7
390,2721,Not Delivered,6:40:41,5
391,1022,Not Delivered,12:33:21,17
392,1497,Order,15:30:41,3
393,4747,Not Delivered,20:17:15,15
394,9060,Order,23:02:34,2
395,4128,Delivered,6:31:49,17
396,6788,Not Delivered,7:54:14,3
397,2891,Order,10:15:43,7
398,9780,Order,8:55:46,19
399,8058,Delivered,3:10:50,13
400,1218,Order,0:46:52,18
401,9132,Delivered,14:19:06,19
402,7066,Not Delivered,1:58:05,19
403,4783,Order,16:19:24,11
404,3659,Not Delivered,15:49:06,20
405,1011,Not Delivered,2:15:40,9
406,2991,Delivered,23:07:11,14
407,5012,Order,9:53:08,1
408,5689,Not Delivered,3:39:02,7
409,6900,Delivered,8:04:14,19
410,5258,Delivered,10:15:34,20
411,7913,Not Delivered,0:37:36,20
412,2418,Delivered,2:53:51,2
413,6649,Delivered,14:22:54,2
414,2489,Not Delivered,6:03:40,4
415,6617,Delivered,15:47:07,4
416,3311,Order,"1 day, 0:08:11",14
417,3879,Not Delivered,10:23:42,18
418,8378,Delivered,15:18:50,5
419,7583,Not Delivered,5:40:13,18
420,4650,Order,11:25:06,16
421,8620,Order,9:53:38,4
422,7526,Not Delivered,12:41:05,10
423,8766,Delivered,19:20:27,19
424,3098,Delivered,8:48:12,20
425,8689,Not Delivered,21:29:42,9
426,4302,Not Delivered,13:36:47,16
427,5336,Order,12:00:50,18
428,1121,Delivered,21:04:49,15
429,5230,Delivered,23:23:49,20
430,9601,Delivered,7:01:38,15
431,7150,Not Delivered,4:35:29,17
432,8508,Delivered,13:26:46,7
433,9274,Not Delivered,10:45:14,19
434,1261,Not Delivered,3:15:21,18
435,8791,Order,7:07:42,3
436,8237,Delivered,6:18:34,7
437,679,Order,15:23:20,4
438,1558,Order,17:34:17,16
439,3946,Not Delivered,15:45:37,3
440,3712,Not Delivered,3:22:10,9
441,3561,Order,18:07:45,12
442,8232,Order,18:26:55,5
443,1088,Order,20:38:35,1
444,9734,Not Delivered,"1 day, 0:54:13",16
445,9709,Delivered,13:00:13,3
446,3228,Not Delivered,20:37:34,8
447,3153,Delivered,22:34:09,17
448,2513,Order,12:29:17,10
449,3255,Order,9:30:28,2
450,9266,Not Delivered,9:34:17,15
451,3092,Not Delivered,15:24:29,7
452,7458,Delivered,19:37:38,7
453,2330,Delivered,21:10:12,19
454,9189,Order,6:39:15,8
455,5252,Delivered,5:38:03,5
456,4051,Delivered,1:52:36,12
457,9100,Not Delivered,18:30:28,17
458,4546,Not Delivered,14:35:16,11
459,2416,Not Delivered,7:45:04,15
460,6356,Order,16:56:55,5
461,5767,Not Delivered,16:07:37,4
462,1589,Not Delivered,7:12:14,5
463,6248,Not Delivered,10:28:53,1
464,621,Not Delivered,2:52:10,12
465,6543,Not Delivered,13:25:09,19
466,6537,Not Delivered,20:26:52,13
467,6690,Delivered,20:10:19,16
468,5619,Order,9:18:52,17
469,2080,Not Delivered,5:39:09,17
470,8222,Delivered,22:50:41,9
471,8344,Delivered,23:51:17,12
472,976,Order,15:55:46,10
473,9416,Not Delivered,1:22:57,1
474,8426,Order,8:05:39,12
475,622,Order,2:35:28,14
476,4425,Order,18:02:25,8
477,7332,Delivered,9:34:04,2
478,5123,Order,0:18:29,9
479,8609,Not Delivered,5:52:06,7
480,4345,Order,9:36:02,13
481,8606,Not Delivered,21:46:29,13
482,1522,Not Delivered,21:41:27,10
483,182,Delivered,22:58:52,12
484,6683,Delivered,"1 day, 0:57:01",10
485,7699,Not Delivered,2:10:47,12
486,7210,Not Delivered,7:38:45,15
487,141,Order,4:33:18,12
488,9116,Delivered,16:32:21,19
489,8194,Not Delivered,21:34:33,6
490,7276,Not Delivered,3:11:58,6
491,8825,Delivered,18:22:32,4
492,3725,Not Delivered,20:38:01,18
493,9347,Not Delivered,21:45:22,16
494,542,Not Delivered,6:03:11,19
495,9905,Order,6:13:07,8
496,5334,Order,5:41:55,20
497,8491,Order,18:41:51,2
498,1700,Delivered,17:26:56,2
499,2122,Order,11:40:30,17
500,8800,Order,17:35:18,12
501,4840,Not Delivered,16:38:51,9
502,1995,Order,1:11:22,1
503,1012,Order,17:21:06,7
504,1581,Order,11:38:42,14
505,7230,Order,1:17:26,10
506,1125,Order,21:51:57,10
507,9883,Not Delivered,5:20:04,8
508,2048,Not Delivered,23:59:52,15
509,6267,Not Delivered,0:50:24,3
510,7048,Not Delivered,14:01:25,9
511,9805,Order,1:16:10,4
512,6068,Delivered,0:48:30,18
513,2694,Not Delivered,6:00:14,10
514,7929,Not Delivered,15:52:48,4
515,7783,Not Delivered,23:15:25,9
516,6883,Not Delivered,15:22:58,3
517,4540,Delivered,9:26:43,12
518,7412,Delivered,4:21:04,14
519,7932,Not Delivered,15:13:42,20
520,2189,Delivered,16:49:30,7
521,2533,Order,12:38:09,9
522,9675,Delivered,5:48:22,6
523,5056,Delivered,6:12:48,15
524,5243,Order,8:57:40,8
525,4579,Not Delivered,20:52:58,5
526,3911,Delivered,12:54:31,19
527,3473,Order,18:58:45,8
528,5127,Order,14:41:10,8
529,574,Not Delivered,22:59:12,19
530,9237,Order,11:06:00,13
531,7474,Not Delivered,16:21:04,17
532,6629,Delivered,13:18:03,18
533,6526,Delivered,14:17:29,20
534,1342,Not Delivered,19:48:29,4
535,1400,Not Delivered,15:07:19,5
536,2349,Order,9:10:12,16
537,6415,Order,3:46:27,8
538,6222,Delivered,"1 day, 0:37:24",14
539,4096,Not Delivered,11:08:44,20
540,3823,Not Delivered,23:15:52,4
541,6321,Delivered,13:33:51,18
542,1138,Not Delivered,7:51:52,8
543,5240,Order,15:20:45,8
544,6532,Not Delivered,3:43:24,4
545,8364,Not Delivered,8:32:04,20
546,3412,Not Delivered,0:50:37,4
547,3333,Delivered,23:26:15,12
548,1739,Not Delivered,17:31:04,7
549,7976,Order,7:40:24,15
550,5079,Order,"1 day, 0:43:06",5
551,4852,Order,4:55:44,13
552,5643,Order,"1 day, 0:38:04",19
553,5877,Order,22:32:33,17
554,8039,Order,19:42:05,1
555,8087,Delivered,"1 day, 0:58:35",9
556,5528,Order,7:21:04,18
557,467,Delivered,20:43:53,17
558,3031,Not Delivered,6:20:28,7
559,8434,Delivered,21:12:09,14
560,540,Delivered,2:10:56,5
561,9375,Not Delivered,5:38:55,8
562,9708,Delivered,9:16:19,17
563,3157,Delivered,8:23:53,8
564,1913,Order,13:07:43,14
565,1884,Delivered,20:03:32,10
566,4988,Not Delivered,9:28:45,9
567,8690,Delivered,6:19:24,15
568,3445,Delivered,16:31:15,14
569,9638,Delivered,17:11:11,16
570,4530,Delivered,14:27:49,16
571,2246,Order,21:53:01,8
572,1296,Order,9:10:29,8
573,3267,Order,21:23:30,20
574,7836,Not Delivered,5:58:52,5
575,431,Not Delivered,0:21:34,16
576,6805,Not Delivered,1:49:40,6
577,5971,Order,4:45:10,9
578,5787,Delivered,16:32:20,19
579,6047,Delivered,13:19:05,15
580,3932,Order,23:25:37,10
581,5177,Delivered,23:21:46,6
582,7701,Not Delivered,2:23:59,10
583,4378,Order,19:56:54,15
584,3676,Order,6:10:30,15
585,7199,Not Delivered,2:18:54,13
586,3834,Order,13:16:17,5
587,3330,Delivered,21:09:08,10
588,5020,Not Delivered,10:10:39,16
589,6935,Not Delivered,1:43:53,20
590,6222,Order,12:35:06,10
591,2711,Delivered,17:30:44,3
592,9859,Delivered,"1 day, 0:48:52",8
593,3899,Delivered,14:45:04,18
594,5295,Order,6:49:42,13
595,2960,Order,"1 day, 0:17:21",5
596,1489,Order,9:28:29,5
597,2051,Order,0:49:33,1
598,9198,Order,16:31:04,2
599,4167,Not Delivered,8:35:57,8
600,4915,Delivered,2:28:11,15
601,2584,Delivered,16:10:16,19
602,9515,Order,11:56:48,16
603,3938,Delivered,18:13:50,10
604,7367,Not Delivered,13:17:42,11
605,6816,Not Delivered,21:32:10,18
606,6026,Delivered,13:05:58,1
607,4033,Order,6:15:29,2
608,7065,Not Delivered,21:19:21,14
609,965,Delivered,4:10:41,1
610,1906,Order,3:52:38,18
611,8845,Delivered,3:44:00,7
612,1376,Not Delivered,11:54:10,15
613,5228,Not Delivered,21:59:26,19
614,4360,Delivered,19:27:45,10
615,9529,Delivered,0:17:30,3
616,7362,Order,0:20:28,12
617,4362,Order,18:18:06,17
618,9831,Not Delivered,2:03:08,4
619,5569,Not Delivered,7:20:07,12
620,7325,Not Delivered,10:10:13,4
621,6786,Order,6:32:34,3
622,450,Delivered,23:59:43,10
623,3683,Delivered,7:53:39,9
624,5730,Not Delivered,4:42:35,16
625,9045,Order,20:58:55,2
626,2875,Delivered,7:26:37,16
627,4993,Order,4:29:20,16
628,1323,Delivered,12:08:11,16
629,2550,Delivered,11:43:10,8
630,9080,Not Delivered,"1 day, 0:17:30",12
631,2928,Order,21:30:50,3
632,3241,Delivered,5:55:19,20
633,7318,Order,5:32:58,18
634,3388,Delivered,12:02:17,6
635,6323,Not Delivered,0:09:43,20
636,2631,Order,14:24:18,13
637,5210,Order,0:21:35,19
638,1632,Order,13:18:36,15
639,3281,Order,23:24:25,7
640,2134,Not Delivered,9:19:42,6
641,4724,Not Delivered,16:18:43,14
642,1883,Delivered,18:40:55,5
643,7472,Order,15:17:47,9
644,5140,Not Delivered,9:25:01,17
645,1599,Delivered,2:10:22,12
646,4556,Order,"1 day, 0:11:26",9
647,6254,Delivered,10:55:20,2
648,4882,Not Delivered,6:46:33,1
649,8756,Not Delivered,22:04:58,7
650,9173,Delivered,21:13:27,10
651,8385,Delivered,15:51:08,17
652,4906,Order,23:52:31,9
653,3612,Order,8:47:05,10
654,2459,Order,20:03:49,10
655,1746,Not Delivered,11:04:08,8
656,1695,Order,0:10:36,2
657,2500,Order,23:49:25,5
658,2379,Order,11:21:59,20
659,9839,Delivered,11:01:16,18
660,6683,Delivered,17:52:59,13
661,8986,Delivered,12:53:17,20
662,1489,Not Delivered,14:27:12,13
663,7082,Not Delivered,6:59:56,8
664,9760,Not Delivered,5:26:44,5
665,4084,Not Delivered,7:20:29,6
666,744,Delivered,18:16:26,16
667,6919,Order,21:33:36,17
668,5349,Not Delivered,11:04:50,5
669,3616,Not Delivered,5:07:34,18
670,7608,Not Delivered,22:08:41,8
671,9678,Order,8:24:04,13
672,9732,Not Delivered,16:20:07,8
673,4202,Delivered,11:18:52,7
674,775,Delivered,9:48:45,13
675,8518,Delivered,16:50:08,19
676,981,Not Delivered,9:09:12,16
677,5671,Order,20:29:09,15
678,5462,Delivered,19:27:45,13
679,7870,Not Delivered,5:25:53,14
680,2923,Delivered,13:30:12,3
681,5822,Order,23:40:48,17
682,684,Not Delivered,4:07:40,4
683,1305,Order,9:16:13,9
684,1029,Not Delivered,"1 day, 0:57:11",11
685,7461,Delivered,3:21:54,8
686,2413,Delivered,4:33:06,18
687,8808,Not Delivered,0:18:20,15
688,9535,Not Delivered,"1 day, 0:06:51",1
689,3017,Order,1:35:29,17
690,1950,Delivered,15:25:08,12
691,4814,Order,11:44:22,7
692,3713,Order,7:02:29,4
693,5301,Delivered,1:28:39,3
694,3052,Delivered,21:18:45,14
695,3383,Order,17:17:38,1
696,1626,Order,4:45:40,16
697,1666,Delivered,19:37:00,15
698,2639,Not Delivered,18:44:39,6
699,3696,Not Delivered,5:18:12,20
700,5562,Delivered,11:33:44,3
701,4669,Delivered,8:39:26,12
702,1829,Not Delivered,8:18:23,7
703,2535,Not Delivered,19:23:45,17
704,5624,Not Delivered,"1 day, 0:25:19",3
705,7820,Delivered,"1 day, 0:42:41",19
706,2717,Not Delivered,17:55:36,7
707,4015,Delivered,15:59:22,2
708,860,Not Delivered,2:48:52,10
709,4184,Not Delivered,12:48:04,8
710,8488,Not Delivered,1:26:48,18
711,2746,Order,12:49:12,9
712,8160,Order,10:20:09,5
713,8051,Order,23:22:20,12
714,5208,Delivered,10:06:52,8
715,7686,Not Delivered,4:31:15,7
716,9897,Order,1:06:44,1
717,1953,Not Delivered,6:41:23,15
718,7412,Delivered,13:33:59,3
719,1533,Not Delivered,4:10:30,20
720,4893,Delivered,4:48:53,6
721,9787,Not Delivered,14:47:17,15
722,8096,Order,15:18:19,10
723,4281,Order,11:41:22,11
724,6444,Not Delivered,6:52:42,19
725,7756,Not Delivered,3:10:08,20
726,5004,Delivered,2:34:49,4
727,2801,Not Delivered,6:29:42,3
728,5365,Not Delivered,6:51:06,11
729,3922,Delivered,7:54:03,2
730,9609,Order,7:41:50,13
731,9420,Order,23:50:02,10
732,7985,Delivered,23:53:50,1
733,1556,Not Delivered,16:10:14,14
734,4192,Delivered,16:28:34,15
735,4871,Delivered,1:07:28,15
736,4960,Order,4:49:40,11
737,9009,Order,5:27:22,6
738,6083,Order,9:38:58,2
739,1849,Delivered,15:17:34,15
740,5648,Not Delivered,6:37:29,12
741,1168,Not Delivered,8:02:24,13
742,5310,Not Delivered,11:16:13,11
743,2419,Delivered,7:52:22,1
744,1162,Not Delivered,9:33:42,2
745,5949,Delivered,23:44:10,5
746,6151,Not Delivered,19:22:41,14
747,641,Order,12:56:04,20
748,9425,Not Delivered,20:58:25,14
749,3791,Order,17:17:56,12
750,7971,Order,16:47:33,1
751,5640,Not Delivered,13:17:23,4
752,8127,Delivered,16:47:07,20
753,860,Delivered,4:34:07,17
754,9374,Order,9:32:13,18
755,1173,Not Delivered,1:50:26,14
756,4632,Not Delivered,1:54:55,4
757,3350,Order,15:45:00,7
758,3948,Order,"1 day, 0:12:44",5
759,5373,Not Delivered,10:12:41,18
760,6184,Not Delivered,12:47:59,15
761,4557,Not Delivered,7:27:35,16
762,3440,Delivered,12:21:03,2
763,249,Not Delivered,4:29:43,7
764,1612,Order,11:55:15,17
765,7548,Delivered,17:08:20,12
766,7976,Not Delivered,17:53:38,12
767,6956,Delivered,19:20:00,11
768,1296,Not Delivered,4:47:17,13
769,9772,Delivered,16:20:03,5
770,1626,Delivered,12:36:02,12
771,7762,Delivered,10:35:35,12
772,5340,Delivered,11:56:06,11
773,286,Not Delivered,"1 day, 0:52:48",20
774,885,Not Delivered,5:24:27,10
775,3045,Not Delivered,4:09:18,8
776,5810,Not Delivered,22:14:54,16
777,2605,Order,7:17:08,3
778,8718,Not Delivered,18:51:03,20
779,1408,Not Delivered,6:11:00,6
780,4590,Delivered,16:54:52,14
781,9773,Not Delivered,23:56:52,11
782,9781,Delivered,20:59:16,15
783,9395,Delivered,16:04:47,7
784,5637,Not Delivered,23:38:07,14
785,7733,Delivered,5:39:41,18
786,7039,Delivered,23:17:40,10
787,1892,Delivered,20:57:46,10
788,8372,Delivered,16:15:53,8
789,6821,Delivered,1:57:46,17
790,6083,Order,6:15:01,2
791,9874,Not Delivered,21:15:18,5
792,565,Not Delivered,17:26:37,9
793,306,Order,13:04:49,1
794,2486,Delivered,9:30:29,4
795,6353,Delivered,8:28:22,5
796,9398,Not Delivered,13:03:59,13
797,4493,Delivered,19:56:28,2
798,4549,Delivered,11:59:50,18
799,7945,Order,10:49:28,7
800,5588,Not Delivered,3:16:06,14
801,5159,Order,12:06:43,6
802,5373,Delivered,1:58:06,5
803,8959,Not Delivered,13:38:52,2
804,4004,Order,3:09:59,7
805,1766,Delivered,21:53:01,8
806,1809,Not Delivered,12:35:19,5
807,8659,Order,8:09:11,8
808,5613,Order,23:06:44,7
809,3185,Order,22:59:30,5
810,4378,Order,17:32:57,19
811,7532,Not Delivered,2:43:11,17
812,9316,Order,3:49:47,16
813,9427,Delivered,9:04:57,2
814,1041,Not Delivered,18:05:49,16
815,6312,Order,15:41:51,9
816,5693,Order,7:51:02,2
817,1751,Not Delivered,19:24:43,9
818,3911,Order,18:53:45,5
819,1773,Delivered,9:21:51,18
820,2384,Delivered,12:27:41,5
821,6341,Not Delivered,21:18:26,18
822,3178,Delivered,1:48:51,6
823,5132,Delivered,5:11:45,17
824,1889,Not Delivered,0:46:18,6
825,6445,Not Delivered,10:46:46,14
826,924,Delivered,8:53:04,5
827,8988,Order,10:20:34,3
828,5625,Delivered,5:22:15,1
829,5555,Delivered,22:02:24,2
830,1412,Not Delivered,10:33:58,13
831,9226,Order,22:58:51,16
832,641,Delivered,9:25:54,14
833,5649,Not Delivered,15:12:27,2
834,2680,Not Delivered,1:44:21,9
835,8183,Order,4:04:33,8
836,775,Not Delivered,3:14:19,13
837,9422,Not Delivered,6:29:20,12
838,4914,Order,6:35:51,17
839,541,Not Delivered,12:46:03,11
840,9819,Order,17:26:51,7
841,4140,Order,16:59:51,17
842,7858,Order,5:05:57,15
843,1373,Delivered,3:24:10,18
844,3680,Not Delivered,12:35:03,12
845,3052,Not Delivered,17:24:02,10
846,7471,Order,18:20:00,13
847,1645,Delivered,4:54:44,5
848,9265,Delivered,"1 day, 0:10:20",9
849,9543,Not Delivered,10:04:18,19
850,9458,Delivered,13:37:28,17
851,5908,Delivered,23:03:49,10
852,8001,Not Delivered,1:18:29,20
853,8775,Order,21:20:06,10
854,2306,Delivered,1:34:56,7
855,3930,Order,10:51:40,12
856,6587,Order,11:26:37,13
857,5863,Not Delivered,"1 day, 0:44:21",3
858,1100,Not Delivered,3:30:21,1
859,6894,Delivered,17:59:08,9
860,2320,Delivered,"1 day, 0:02:19",6
861,5558,Order,6:59:27,14
862,8337,Order,15:22:28,15
863,7521,Delivered,9:37:10,7
864,7210,Delivered,12:13:34,13
865,9761,Not Delivered,17:34:38,13
866,650,Order,7:03:06,13
867,878,Not Delivered,10:45:19,13
868,7580,Not Delivered,"1 day, 0:58:45",4
869,8329,Delivered,"1 day, 0:30:33",16
870,5381,Order,13:43:16,14
871,6946,Order,16:08:46,18
872,8925,Not Delivered,3:15:39,6
873,6267,Not Delivered,22:15:40,6
874,9254,Delivered,2:44:37,3
875,7694,Delivered,13:37:42,8
876,4211,Order,22:27:34,14
877,5066,Order,8:17:53,19
878,3118,Order,9:45:47,15
879,1602,Delivered,21:10:47,14
880,9001,Delivered,1:00:16,2
881,6404,Delivered,3:51:46,14
882,3733,Order,15:33:58,20
883,1543,Not Delivered,0:05:42,13
884,9749,Delivered,22:00:12,2
885,7654,Delivered,23:46:15,20
886,5349,Not Delivered,1:42:18,18
887,1124,Order,7:42:50,7
888,7580,Delivered,20:21:07,3
889,9188,Not Delivered,1:10:43,9
890,7208,Order,6:46:25,14
891,6253,Delivered,11:18:07,12
892,4825,Delivered,7:55:53,19
893,1305,Order,6:27:05,5
894,6788,Order,10:39:18,8
895,1791,Delivered,20:49:44,3
896,6984,Not Delivered,"1 day, 0:59:01",8
897,1910,Order,3:55:39,9
898,4351,Not Delivered,23:49:09,1
899,7388,Order,16:45:09,15
900,7690,Order,10:59:47,19
901,2319,Delivered,"1 day, 0:26:06",19
902,7973,Delivered,12:45:20,13
903,6946,Order,3:40:04,14
904,7077,Not Delivered,21:00:59,13
905,2449,Delivered,8:15:43,2
906,6353,Not Delivered,20:43:58,20
907,8343,Order,13:13:36,14
908,9691,Delivered,12:38:13,7
909,322,Delivered,2:36:05,13
910,8937,Order,9:45:26,19
911,8949,Delivered,8:18:30,9
912,9935,Delivered,14:19:02,13
913,2568,Order,1:50:41,8
914,9740,Order,6:03:44,20
915,8964,Not Delivered,5:52:04,11
916,3205,Delivered,21:10:17,15
917,1842,Delivered,23:05:20,18
918,305,Delivered,0:51:24,17
919,4337,Delivered,6:27:30,9
920,4516,Not Delivered,10:48:54,2
921,3015,Delivered,9:14:52,3
922,8459,Order,1:13:37,9
923,7295,Order,7:42:36,18
924,2163,Order,"1 day, 0:11:50",10
925,5792,Not Delivered,6:22:05,4
926,8298,Delivered,12:29:51,10
927,5258,Not Delivered,3:10:15,8
928,4317,Not Delivered,3:27:07,8
929,765,Not Delivered,"1 day, 0:00:43",8
930,7605,Delivered,6:05:01,4
931,3455,Order,7:12:25,11
932,6912,Not Delivered,15:20:59,14
933,2896,Order,20:44:01,19
934,5751,Not Delivered,18:24:23,18
935,9987,Order,12:13:26,18
936,5630,Delivered,16:26:06,16
937,5796,Delivered,1:40:43,4
938,4691,Order,11:59:39,6
939,5224,Order,19:21:50,1
940,7659,Not Delivered,16:22:55,18
941,5068,Delivered,0:40:12,13
942,8546,Order,"1 day, 0:42:51",2
943,2802,Not Delivered,23:51:06,2
944,3913,Delivered,8:49:46,4
945,825,Order,10:06:43,13
946,9158,Order,6:48:50,11
947,3615,Delivered,20:50:07,7
948,9977,Not Delivered,7:45:05,17
949,1332,Order,"1 day, 0:48:51",4
950,1105,Delivered,3:49:59,16
951,4495,Delivered,6:58:46,11
952,5016,Delivered,12:44:28,11
953,7799,Order,"1 day, 0:00:15",3
954,5414,Order,13:50:01,9
955,6886,Order,21:47:01,9
956,3356,Order,7:26:07,9
957,5513,Delivered,12:01:18,14
958,2352,Order,1:39:43,16
959,9277,Not Delivered,19:43:53,14
960,4300,Not Delivered,8:12:41,16
961,3495,Delivered,7:27:21,1
962,9978,Order,7:31:52,15
963,5773,Order,18:02:59,16
964,2598,Delivered,9:29:10,6
965,7099,Not Delivered,15:59:51,18
966,630,Not Delivered,8:29:57,17
967,5054,Order,23:26:48,18
968,6810,Not Delivered,22:35:56,20
969,7438,Not Delivered,"1 day, 0:06:44",1
970,2121,Order,"1 day, 0:36:53",9
971,7263,Delivered,5:00:07,17
972,396,Order,10:07:29,5
973,7629,Delivered,8:03:02,15
974,6251,Delivered,4:09:13,2
975,225,Not Delivered,19:28:11,5
976,6629,Order,16:33:55,2
977,6423,Not Delivered,8:27:08,18
978,9174,Order,14:46:43,6
979,3242,Not Delivered,"1 day, 0:51:38",4
980,4966,Delivered,15:58:51,3
981,3929,Order,12:59:54,6
982,4913,Delivered,10:46:55,12
983,7617,Order,11:53:37,17
984,8475,Order,8:26:28,15
985,721,Order,14:55:33,10
986,2027,Delivered,4:39:06,20
987,8736,Order,23:34:38,16
988,7525,Delivered,2:13:06,15
989,7606,Order,"1 day, 0:24:07",16
990,9373,Not Delivered,5:14:37,8
991,4084,Delivered,0:15:57,8
992,6719,Delivered,18:08:50,8
993,2609,Not Delivered,0:29:15,10
994,547,Not Delivered,9:06:16,7
995,4922,Order,15:28:54,17
996,3805,Not Delivered,18:09:53,19
997,6255,Not Delivered,17:18:18,5
998,4648,Delivered,2:53:57,20
999,676,Delivered,9:16:07,17
1000,637,Not Delivered,0:56:25,7
1001,2651,Not Delivered,21:21:58,6
1002,9332,Order,20:40:17,8
1003,9108,Delivered,4:53:07,4
1004,7719,Not Delivered,23:19:36,7
1005,4090,Order,20:08:36,9
1006,9847,Order,21:10:25,10
1007,2813,Order,19:56:17,2
1008,4262,Order,"1 day, 0:18:55",12
1009,1864,Not Delivered,14:09:38,20
1010,7565,Not Delivered,21:34:48,11
1011,2694,Delivered,6:55:20,10
1012,7951,Not Delivered,13:59:40,5
1013,3897,Delivered,14:51:08,18
1014,6349,Delivered,7:16:56,11
1015,801,Order,1:51:22,6
1016,8401,Order,7:33:46,7
1017,1966,Order,6:31:25,1
1018,4132,Delivered,5:04:32,2
1019,9818,Order,9:47:44,3
1020,1675,Not Delivered,22:02:15,19
1021,9532,Delivered,13:31:51,13
1022,9439,Delivered,12:29:36,20
1023,5867,Order,17:08:08,20
1024,1896,Delivered,"1 day, 0:53:59",9
1025,8693,Not Delivered,7:54:52,2
1026,2639,Not Delivered,2:37:31,2
1027,3816,Not Delivered,"1 day, 0:39:48",16
1028,6348,Delivered,23:13:36,4
1029,5824,Delivered,17:36:15,18
1030,1802,Order,21:45:11,13
1031,8260,Not Delivered,2:01:56,6
1032,8439,Not Delivered,1:42:22,9
1033,7325,Delivered,18:18:07,3
1034,7208,Not Delivered,10:27:59,1
1035,6175,Not Delivered,20:18:07,16
1036,3212,Not Delivered,14:22:39,8
1037,9961,Not Delivered,21:08:20,5
1038,9799,Order,10:48:23,14
1039,5589,Not Delivered,6:22:38,19
1040,3356,Order,0:10:50,8
1041,7490,Order,20:19:27,2
1042,8038,Delivered,20:24:16,17
1043,2358,Order,23:55:47,1
1044,5513,Delivered,15:11:41,5
1045,9049,Order,2:16:11,18
1046,1132,Delivered,17:59:15,5
1047,4322,Not Delivered,5:24:17,3
1048,1053,Order,1:32:10,14
1049,3290,Delivered,14:14:03,1
1050,8305,Not Delivered,4:21:34,20
1051,2940,Delivered,3:28:51,14
1052,2837,Delivered,6:40:25,14
1053,9661,Order,"1 day, 0:30:11",13
1054,6070,Not Delivered,20:51:24,16
1055,4908,Order,"1 day, 0:00:05",11
1056,4307,Order,9:27:01,19
1057,5479,Delivered,5:15:52,16
1058,2428,Not Delivered,4:54:56,20
1059,7863,Delivered,8:48:42,8
1060,907,Delivered,9:27:43,18
1061,3791,Order,11:35:15,19
1062,1222,Order,0:53:26,14
1063,9033,Order,2:31:04,2
1064,4317,Delivered,12:44:22,20
1065,4865,Order,"1 day, 0:53:34",14
1066,6557,Not Delivered,9:57:02,16
1067,6091,Not Delivered,11:14:19,15
1068,3265,Delivered,17:06:03,9
1069,2528,Not Delivered,21:08:50,20
1070,1033,Delivered,19:49:16,18
1071,3750,Delivered,18:59:12,11
1072,2687,Delivered,1:45:49,16
1073,4477,Order,20:50:37,1
1074,1585,Delivered,"1 day, 0:04:25",15
1075,5857,Delivered,1:42:03,6
1076,6062,Order,3:19:50,1
1077,4950,Order,"1 day, 0:19:32",17
1078,1043,Delivered,12:50:11,18
1079,1588,Order,13:42:41,16
1080,4112,Delivered,14:40:13,18
1081,9583,Order,1:02:06,3
1082,3882,Delivered,"1 day, 0:28:52",20
1083,5826,Not Delivered,5:31:17,9
1084,3958,Order,23:59:36,19
1085,7645,Not Delivered,6:10:42,9
1086,3178,Not Delivered,"1 day, 0:28:14",13
1087,1077,Delivered,5:53:53,14
1088,4706,Order,0:43:58,5
1089,812,Not Delivered,21:07:23,10
1090,8108,Delivered,18:10:22,6
1091,9495,Delivered,22:32:34,2
1092,5681,Delivered,1:29:33,2
1093,2539,Not Delivered,23:55:22,2
1094,6068,Order,15:13:44,9
1095,6242,Delivered,1:13:00,18
1096,8849,Delivered,2:22:59,3
1097,4405,Not Delivered,11:52:57,16
1098,5215,Not Delivered,7:12:57,15
1099,1841,Delivered,18:30:50,7
1100,6950,Order,17:17:47,12
1101,7743,Delivered,23:32:37,18
1102,7036,Not Delivered,16:42:34,3
1103,1543,Order,11:05:22,19
1104,492,Delivered,6:17:11,6
1105,4955,Order,5:00:04,13
1106,4762,Not Delivered,7:45:55,5
1107,7779,Order,3:29:49,7
1108,828,Delivered,6:13:00,20
1109,972,Not Delivered,12:53:15,4
1110,6403,Order,3:18:05,1
1111,1618,Delivered,2:35:42,14
1112,7017,Order,5:19:00,9
1113,6906,Order,1:21:12,12
1114,2217,Order,11:43:39,2
1115,1076,Not Delivered,10:28:24,19
1116,4093,Order,21:11:48,8
1117,9747,Not Delivered,17:55:11,14
1118,6001,Order,11:38:51,20
1119,4418,Order,6:16:28,12
1120,1655,Not Delivered,"1 day, 0:14:29",1
1121,5086,Delivered,6:52:37,19
1122,3147,Delivered,12:38:41,14
1123,3556,Delivered,9:02:53,15
1124,2165,Not Delivered,1:57:26,12
1125,360,Delivered,10:43:41,10
1126,3284,Order,19:08:42,11
1127,6462,Not Delivered,8:30:15,7
1128,3457,Order,3:51:13,10
1129,9499,Order,6:09:28,4
1130,9449,Order,1:32:40,6
1131,4893,Order,19:27:34,10
1132,9680,Order,4:32:43,11
1133,8558,Delivered,19:10:45,13
1134,5222,Delivered,15:25:51,1
1135,5579,Not Delivered,12:42:32,1
1136,103,Not Delivered,23:58:37,3
1137,5080,Delivered,15:00:42,6
1138,3782,Order,7:24:13,17
1139,7288,Order,4:18:31,9
1140,4392,Order,23:46:52,12
1141,6212,Not Delivered,17:36:29,6
1142,8463,Delivered,23:23:22,3
1143,8902,Not Delivered,12:32:03,19
1144,4834,Delivered,14:46:32,11
1145,7832,Delivered,"1 day, 0:57:22",10
1146,5913,Order,1:27:37,18
1147,7935,Order,"1 day, 0:53:19",19
1148,9194,Not Delivered,21:28:28,5
1149,7865,Not Delivered,9:07:19,3
1150,3856,Delivered,3:00:53,12
1151,1962,Not Delivered,3:22:01,13
1152,8145,Delivered,9:11:29,10
1153,9745,Order,7:16:02,3
1154,2711,Order,2:20:45,14
1155,7873,Order,21:32:38,13
1156,360,Delivered,0:37:55,11
1157,4026,Order,8:46:29,6
1158,8964,Order,11:44:29,15
1159,1063,Order,10:58:27,7
1160,8841,Not Delivered,2:28:41,16
1161,5414,Not Delivered,3:14:09,20
1162,1029,Not Delivered,20:42:34,6
1163,3463,Delivered,4:36:22,15
1164,1954,Not Delivered,9:19:52,9
1165,7643,Not Delivered,22:48:26,2
1166,1522,Delivered,7:44:36,18
1167,8996,Delivered,14:30:02,12
1168,5062,Not Delivered,3:05:35,5
1169,443,Order,9:37:55,15
1170,1394,Not Delivered,13:15:56,18
1171,2994,Not Delivered,23:22:53,4
1172,7199,Not Delivered,14:49:56,7
1173,4399,Delivered,10:55:07,4
1174,1334,Not Delivered,4:48:27,2
1175,8125,Not Delivered,4:59:44,16
1176,7691,Not Delivered,6:40:28,4
1177,2525,Order,21:48:03,17
1178,926,Order,18:27:15,5
1179,4252,Not Delivered,2:19:33,7
1180,8090,Not Delivered,4:22:39,8
1181,6771,Order,8:00:28,1
1182,3504,Delivered,20:00:26,20
1183,5108,Order,5:38:42,10
1184,7235,Delivered,7:10:57,11
1185,9156,Delivered,14:38:35,7
1186,6172,Order,0:19:17,9
1187,9790,Order,8:15:38,7
1188,9931,Delivered,17:02:22,19
1189,2066,Delivered,14:51:50,4
1190,8317,Order,16:00:31,13
1191,365,Not Delivered,1:55:57,13
1192,8679,Order,20:06:55,15
1193,1673,Not Delivered,11:20:50,15
1194,1976,Order,13:01:05,7
1195,2051,Order,2:20:04,4
1196,8069,Order,11:00:34,14
1197,2335,Not Delivered,22:42:45,3
1198,3648,Order,18:28:06,19
1199,7797,Delivered,8:56:49,6
1200,5891,Delivered,21:39:12,2
1201,5129,Delivered,8:06:45,17
1202,808,Not Delivered,"1 day, 0:59:18",4
1203,8891,Delivered,15:58:37,6
1204,2608,Delivered,10:48:10,5
1205,9454,Delivered,0:31:25,6
1206,1439,Delivered,6:05:30,11
1207,821,Delivered,3:07:37,18
1208,7464,Order,4:54:33,7
1209,5066,Order,23:31:03,6
1210,4576,Not Delivered,18:18:47,12
1211,6148,Not Delivered,9:40:42,6
1212,1281,Not Delivered,7:19:32,19
1213,6275,Not Delivered,20:46:34,20
1214,9600,Not Delivered,9:34:16,19
1215,5937,Delivered,7:20:44,18
1216,9505,Order,9:29:48,6
1217,1799,Not Delivered,0:39:56,16
1218,9127,Order,6:23:19,3
1219,2973,Delivered,6:32:45,6
1220,7308,Order,7:34:10,18
1221,1127,Delivered,19:01:01,1
1222,8135,Not Delivered,23:13:25,12
1223,9881,Delivered,9:09:50,11
1224,9186,Delivered,7:58:05,4
1225,7447,Delivered,6:35:27,18
1226,7092,Not Delivered,11:42:03,15
1227,5230,Not Delivered,12:54:59,17
1228,839,Not Delivered,5:16:41,10
1229,7431,Delivered,23:29:08,5
1230,8026,Order,9:50:54,19
1231,5076,Order,6:28:23,20
1232,6111,Order,23:20:23,10
1233,9498,Order,10:36:33,4
1234,3686,Order,3:22:07,1
1235,9542,Not Delivered,9:18:05,2
1236,8315,Order,17:55:54,2
1237,5329,Not Delivered,6:16:50,6
1238,8374,Not Delivered,9:45:28,10
1239,1293,Not Delivered,"1 day, 0:48:29",5
1240,8938,Order,14:38:03,20
1241,9857,Not Delivered,6:04:21,9
1242,4773,Not Delivered,1:13:09,1
1243,3720,Not Delivered,"1 day, 0:46:57",3
1244,2341,Not Delivered,14:56:28,19
1245,9443,Order,10:05:49,18
1246,822,Delivered,3:08:16,17
1247,9702,Delivered,19:31:18,2
1248,2543,Delivered,17:15:24,11
1249,2149,Order,9:59:36,15
1250,9601,Not Delivered,13:35:57,16
1251,9458,Delivered,"1 day, 0:51:47",15
1252,7230,Delivered,23:01:54,15
1253,6141,Not Delivered,16:53:02,16
1254,8721,Order,0:21:37,20
1255,2097,Order,18:07:38,12
1256,9139,Order,8:52:38,18
1257,6527,Not Delivered,7:51:01,14
1258,6034,Not Delivered,14:47:18,4
1259,3662,Delivered,5:25:22,2
1260,4944,Delivered,19:22:09,16
1261,8978,Not Delivered,3:55:24,11
1262,9874,Delivered,16:44:48,10
1263,3864,Not Delivered,2:03:31,13
1264,5052,Order,2:56:09,20
1265,3679,Not Delivered,1:30:06,17
1266,1816,Order,23:00:03,7
1267,973,Order,4:41:37,5
1268,4053,Order,16:47:02,5
1269,4580,Delivered,2:18:29,3
1270,9126,Not Delivered,16:39:19,7
1271,2903,Not Delivered,13:14:37,8
1272,8463,Delivered,5:53:36,3
1273,4720,Order,5:21:34,14
1274,2452,Order,7:47:01,4
1275,2277,Order,0:49:29,19
1276,4148,Order,12:58:16,8
1277,5592,Not Delivered,11:20:38,16
1278,5147,Not Delivered,22:45:10,4
1279,9564,Delivered,15:30:14,16
1280,1163,Not Delivered,6:23:53,1
1281,233,Delivered,11:26:45,14
1282,8832,Delivered,23:42:21,19
1283,1219,Order,3:16:58,11
1284,3629,Order,15:43:41,17
1285,9360,Not Delivered,3:49:56,12
1286,2736,Delivered,1:53:08,8
1287,9589,Not Delivered,17:27:43,5
1288,9079,Order,18:32:22,17
1289,2610,Order,4:03:39,13
1290,7882,Delivered,10:07:12,3
1291,9577,Delivered,21:26:30,11
1292,2590,Delivered,6:12:47,15
1293,3372,Not Delivered,14:02:01,7
1294,2007,Delivered,14:04:14,11
1295,3213,Not Delivered,6:13:59,17
1296,9078,Not Delivered,1:47:37,12
1297,9608,Delivered,0:50:10,6
1298,8685,Order,11:41:02,14
1299,9656,Order,21:25:36,1
1300,2229,Order,5:22:54,3
1301,2175,Not Delivered,0:55:47,2
1302,8198,Delivered,7:45:35,16
1303,8366,Order,7:20:57,5
1304,1305,Order,17:01:08,4
1305,2274,Not Delivered,15:06:56,1
1306,6570,Not Delivered,16:00:36,2
1307,6509,Delivered,14:01:44,2
1308,3085,Order,23:15:23,12
1309,6877,Order,14:33:54,2
1310,1456,Order,22:56:21,3
1311,8274,Order,11:01:33,17
1312,8366,Not Delivered,6:24:33,14
1313,3606,Order,7:03:55,2
1314,1615,Not Delivered,4:30:44,5
1315,5269,Delivered,15:25:01,16
1316,9862,Order,1:48:56,5
1317,451,Order,2:27:53,8
1318,5102,Not Delivered,6:02:44,13
1319,5627,Order,6:34:33,6
1320,8935,Not Delivered,19:01:09,4
1321,2949,Not Delivered,23:07:49,9
1322,3156,Not Delivered,9:20:44,11
1323,5770,Order,7:13:29,12
1324,8178,Order,1:11:51,10
1325,9909,Order,21:45:42,11
1326,1585,Order,2:32:59,17
1327,2050,Not Delivered,14:13:49,7
1328,3783,Delivered,9:11:56,4
1329,9652,Order,3:20:37,3
1330,2440,Order,11:15:09,12
1331,4420,Not Delivered,2:50:49,20
1332,2428,Delivered,13:55:25,6
1333,1873,Delivered,21:47:35,8
1334,7837,Delivered,7:56:17,17
1335,1979,Delivered,18:13:51,8
1336,1431,Not Delivered,20:59:15,4
1337,1930,Order,22:24:43,8
1338,2665,Delivered,"1 day, 0:29:38",9
1339,5539,Order,5:00:46,18
1340,5168,Delivered,"1 day, 0:20:00",5
1341,8459,Order,7:09:32,8
1342,3898,Delivered,10:08:30,9
1343,6936,Order,3:47:49,1
1344,9595,Not Delivered,8:32:02,4
1345,4809,Delivered,5:42:28,11
1346,939,Not Delivered,5:31:04,20
1347,9571,Order,23:24:20,14
1348,4362,Delivered,19:44:45,8
1349,5638,Delivered,6:22:17,9
1350,8385,Delivered,4:28:31,20
1351,6273,Delivered,15:40:52,12
1352,8232,Not Delivered,"1 day, 0:56:52",14
1353,3279,Order,16:33:14,2
1354,4765,Order,4:43:51,13
1355,5375,Not Delivered,2:42:47,13
1356,3718,Not Delivered,20:23:42,6
1357,6339,Not Delivered,12:36:39,20
1358,721,Delivered,6:00:45,10
1359,3167,Delivered,11:44:33,17
1360,2823,Not Delivered,3:16:14,12
1361,8907,Order,15:02:19,6
1362,5131,Order,21:04:00,2
1363,4981,Not Delivered,15:18:43,12
1364,1209,Not Delivered,4:18:38,12
1365,2019,Order,0:43:38,5
1366,5041,Delivered,4:40:47,7
1367,5013,Not Delivered,18:53:00,19
1368,5328,Order,8:26:50,1
1369,1913,Delivered,16:55:43,2
1370,1464,Not Delivered,13:53:03,3
1371,9238,Not Delivered,1:57:24,5
1372,8878,Delivered,0:08:25,8
1373,799,Not Delivered,10:15:40,10
1374,6336,Order,22:54:46,17
1375,3786,Order,4:02:49,1
1376,2810,Not Delivered,12:11:40,1
1377,6436,Order,21:21:05,8
1378,5152,Not Delivered,7:31:13,10
1379,4060,Delivered,19:16:58,1
1380,1893,Not Delivered,9:28:58,1
1381,6355,Order,14:55:05,20
1382,660,Order,19:47:40,19
1383,7005,Delivered,9:45:51,13
1384,3995,Delivered,19:07:42,16
1385,1393,Order,9:02:04,18
1386,9895,Not Delivered,1:39:58,2
1387,8644,Order,8:17:55,8
1388,5649,Delivered,7:59:20,16
1389,2019,Delivered,8:08:23,14
1390,8765,Order,23:38:23,13
1391,616,Order,13:42:45,19
1392,7903,Order,16:29:15,6
1393,7241,Delivered,10:22:05,20
1394,2969,Not Delivered,23:16:37,12
1395,6977,Delivered,6:06:57,6
1396,8950,Order,9:31:05,7
1397,7426,Order,19:59:45,15
1398,874,Order,4:43:56,19
1399,9946,Delivered,15:41:05,14
1400,6554,Delivered,9:37:48,5
1401,4001,Not Delivered,9:28:13,5
1402,9398,Order,20:26:30,11
1403,7946,Not Delivered,20:44:08,10
1404,5303,Order,2:42:52,2
1405,8728,Delivered,20:14:16,3
1406,1716,Not Delivered,23:19:15,9
1407,7695,Not Delivered,6:38:50,16
1408,6661,Delivered,4:59:30,8
1409,4837,Not Delivered,15:25:22,12
1410,7546,Order,6:29:14,16
1411,2046,Delivered,11:51:29,19
1412,791,Delivered,18:44:11,14
1413,2995,Order,0:57:47,17
1414,1992,Not Delivered,"1 day, 0:41:18",8
1415,550,Delivered,9:34:01,15
1416,2059,Not Delivered,0:55:11,20
1417,2739,Not Delivered,7:32:13,6
1418,6559,Not Delivered,22:55:28,2
1419,6444,Not Delivered,18:19:17,12
1420,1123,Order,14:21:24,6
1421,1888,Order,20:23:06,13
1422,9681,Not Delivered,10:05:41,19
1423,5484,Not Delivered,5:49:17,14
1424,1752,Order,1:19:51,1
1425,7644,Order,4:37:42,16
1426,8116,Delivered,19:11:00,20
1427,2207,Not Delivered,3:47:51,3
1428,8955,Not Delivered,8:57:08,6
1429,2910,Delivered,19:19:55,11
1430,9374,Not Delivered,11:01:39,14
1431,5775,Delivered,15:47:56,10
1432,343,Order,14:51:44,7
1433,5012,Not Delivered,13:14:12,5
1434,4944,Delivered,6:17:55,10
1435,6034,Order,16:42:58,3
1436,4304,Delivered,8:31:53,20
1437,6869,Not Delivered,7:11:48,10
1438,6459,Order,3:17:41,7
1439,7597,Order,22:14:42,14
1440,492,Not Delivered,11:39:26,17
1441,9675,Order,1:44:46,6
1442,3925,Delivered,5:27:46,18
1443,771,Delivered,18:42:37,19
1444,6345,Delivered,9:02:20,14
1445,450,Order,16:06:23,7
1446,5080,Not Delivered,15:33:21,16
1447,8535,Not Delivered,2:14:27,15
1448,772,Delivered,23:02:07,11
1449,2147,Order,12:45:59,8
1450,9266,Delivered,7:03:59,3
1451,5253,Delivered,22:13:08,15
1452,6499,Not Delivered,2:32:41,18
1453,3231,Delivered,23:26:00,10
1454,4753,Order,17:06:06,7
1455,8448,Not Delivered,8:18:17,7
1456,1476,Delivered,17:35:04,5
1457,3463,Not Delivered,19:03:35,4
1458,5517,Not Delivered,19:28:51,7
1459,3227,Order,18:57:49,13
1460,4707,Delivered,23:26:26,11
1461,6649,Not Delivered,9:05:18,1
1462,2174,Order,21:08:51,12
1463,7674,Order,23:13:20,16
1464,5176,Order,2:20:07,20
1465,4113,Not Delivered,7:15:24,9
1466,9814,Delivered,5:31:25,15
1467,6344,Not Delivered,6:56:08,2
1468,4615,Order,2:53:13,18
1469,282,Order,3:55:33,16
1470,338,Delivered,16:28:39,7
1471,4616,Not Delivered,12:31:18,5
1472,5889,Order,7:09:21,1
1473,9206,Not Delivered,21:33:44,20
1474,1466,Order,6:42:59,18
1475,4712,Not Delivered,9:46:54,7
1476,9057,Order,"1 day, 0:15:30",4
1477,1345,Order,18:02:52,12
1478,5756,Order,6:30:37,14
1479,1054,Not Delivered,15:04:45,19
1480,3539,Not Delivered,12:31:58,12
1481,9693,Delivered,0:32:14,17
1482,5480,Not Delivered,1:19:00,11
1483,401,Delivered,8:23:51,13
1484,7405,Not Delivered,15:49:56,14
1485,3552,Order,23:12:45,2
1486,8011,Delivered,4:54:36,20
1487,5157,Order,0:46:33,19
1488,4960,Not Delivered,7:30:29,3
1489,7228,Not Delivered,10:37:58,4
1490,6752,Delivered,2:10:57,16
1491,5408,Delivered,12:08:46,6
1492,8882,Delivered,19:35:55,1
1493,5803,Not Delivered,0:22:41,7
1494,8033,Delivered,"1 day, 0:09:55",1
1495,7365,Not Delivered,2:27:15,15
1496,4783,Not Delivered,20:54:14,5
1497,5074,Delivered,11:09:02,11
1498,3241,Order,13:42:07,14
1499,2781,Not Delivered,4:39:06,20
1500,1784,Order,13:21:51,4
1501,9248,Delivered,11:43:20,14
1502,5378,Order,8:33:13,17
1503,9749,Delivered,"1 day, 0:34:41",20
1504,222,Delivered,19:06:57,3
1505,3542,Not Delivered,14:32:49,3
1506,7693,Not Delivered,17:41:10,19
1507,7164,Not Delivered,10:29:40,17
1508,773,Not Delivered,8:08:11,15
1509,5702,Not Delivered,7:24:08,5
1510,9107,Order,8:50:11,10
1511,9262,Order,0:57:49,12
1512,4248,Not Delivered,9:10:49,15
1513,8733,Order,15:07:11,20
1514,6057,Delivered,0:06:49,2
1515,5891,Order,21:38:43,1
1516,3324,Order,1:22:12,2
1517,8274,Delivered,22:32:25,9
1518,5465,Order,17:49:43,8
1519,8536,Not Delivered,11:48:50,14
1520,2547,Order,10:45:04,1
1521,5399,Not Delivered,9:18:01,13
1522,4728,Order,17:27:08,4
1523,1776,Delivered,6:58:49,3
1524,2573,Not Delivered,"1 day, 0:53:45",12
1525,8472,Delivered,7:34:21,13
1526,6060,Not Delivered,19:56:17,10
1527,6057,Delivered,11:57:26,3
1528,2419,Delivered,14:47:07,15
1529,2584,Not Delivered,6:36:30,17
1530,2443,Delivered,"1 day, 0:11:48",6
1531,8595,Not Delivered,18:43:15,14
1532,6938,Delivered,21:07:31,11
1533,7064,Delivered,21:34:25,4
1534,5842,Delivered,21:12:07,7
1535,6220,Order,6:18:30,1
1536,3239,Delivered,17:21:00,12
1537,6014,Order,4:46:49,14
1538,8311,Not Delivered,14:42:29,1
1539,7977,Order,23:27:15,12
1540,2829,Delivered,12:58:58,11
1541,6372,Order,12:23:53,16
1542,598,Delivered,12:16:47,6
1543,7038,Not Delivered,5:22:04,20
1544,9364,Order,1:15:51,4
1545,9988,Not Delivered,18:49:19,12
1546,5496,Order,2:02:36,16
1547,8429,Not Delivered,14:38:00,15
1548,418,Not Delivered,0:50:21,20
1549,1924,Not Delivered,11:49:36,9
1550,8257,Delivered,0:38:52,14
1551,4857,Not Delivered,12:51:03,13
1552,1036,Delivered,12:04:05,9
1553,1549,Not Delivered,16:36:58,4
1554,649,Delivered,11:08:29,11
1555,9692,Delivered,10:01:19,2
1556,115,Not Delivered,6:31:20,12
1557,3267,Order,13:21:24,12
1558,1303,Delivered,12:45:47,4
1559,8101,Delivered,20:00:21,20
1560,322,Order,12:09:16,13
1561,4178,Not Delivered,3:47:15,13
1562,3787,Not Delivered,2:07:41,8
1563,8480,Delivered,2:58:35,19
1564,2593,Not Delivered,7:50:03,17
1565,2240,Order,"1 day, 0:21:18",4
1566,671,Not Delivered,10:52:57,16
1567,8324,Delivered,7:48:38,8
1568,1468,Order,18:51:59,10
1569,7274,Not Delivered,15:43:26,7
1570,2379,Not Delivered,9:22:19,4
1571,919,Not Delivered,5:17:43,12
1572,4834,Order,3:32:48,1
1573,5876,Order,1:46:31,11
1574,7786,Order,20:03:30,2
1575,1431,Not Delivered,1:28:33,12
1576,1134,Not Delivered,9:17:19,16
1577,9781,Order,11:02:08,15
1578,1044,Not Delivered,8:44:37,3
1579,6516,Order,6:34:12,1
1580,1922,Order,8:01:53,16
1581,744,Delivered,12:44:21,9
1582,9434,Order,14:57:09,17
1583,8545,Delivered,13:50:19,13
1584,8676,Not Delivered,5:20:37,17
1585,8380,Not Delivered,14:30:08,8
1586,1039,Not Delivered,4:10:25,17
1587,2803,Delivered,9:09:30,20
1588,6038,Order,9:25:47,18
1589,1968,Order,"1 day, 0:13:13",12
1590,1618,Not Delivered,10:59:36,10
1591,388,Not Delivered,18:31:18,4
1592,3503,Delivered,5:35:38,6
1593,8598,Not Delivered,4:34:53,15
1594,4415,Order,18:29:36,2
1595,7093,Order,6:03:09,3
1596,6297,Not Delivered,20:13:47,12
1597,1507,Delivered,11:22:34,15
1598,5205,Order,0:26:24,8
1599,1047,Order,18:55:16,18
1600,8086,Delivered,13:22:25,14
1601,2771,Order,9:23:50,5
1602,9270,Order,6:37:33,20
1603,7733,Not Delivered,16:29:48,12
1604,3710,Delivered,6:57:49,14
1605,9558,Delivered,12:23:07,10
1606,5501,Not Delivered,12:37:11,8
1607,6835,Not Delivered,14:21:43,4
1608,3873,Order,19:26:26,10
1609,8933,Not Delivered,4:55:08,18
1610,6636,Delivered,15:28:23,13
1611,424,Order,20:16:12,14
1612,3790,Order,0:50:39,3
1613,1653,Delivered,5:43:00,10
1614,8889,Order,8:19:52,14
1615,1575,Order,11:17:31,11
1616,4883,Delivered,20:11:26,5
1617,6210,Order,5:51:45,10
1618,8991,Delivered,15:13:25,10
1619,829,Order,10:15:04,16
1620,2822,Not Delivered,7:30:13,17
1621,2550,Delivered,15:01:21,19
1622,7629,Not Delivered,7:19:42,20
1623,5231,Order,14:45:14,7
1624,8239,Order,17:59:48,15
1625,1255,Order,22:42:15,3
1626,9691,Not Delivered,8:53:31,7
1627,2279,Delivered,9:08:05,1
1628,6010,Order,13:01:51,2
1629,4683,Delivered,15:36:45,6
1630,3197,Delivered,0:41:21,20
1631,8785,Delivered,6:11:50,5
1632,1263,Not Delivered,17:37:53,11
1633,1276,Not Delivered,0:45:33,4
1634,6130,Delivered,20:08:59,14
1635,4119,Order,19:17:49,13
1636,9587,Order,10:25:45,15
1637,3254,Not Delivered,4:24:32,9
1638,8813,Not Delivered,0:58:02,4
1639,7798,Delivered,1:09:35,3
1640,6701,Delivered,7:59:23,9
1641,3062,Not Delivered,18:58:30,18
1642,9780,Not Delivered,11:49:19,8
1643,4637,Delivered,1:20:21,14
1644,3454,Delivered,"1 day, 0:42:02",8
1645,9411,Order,4:47:18,9
1646,699,Delivered,7:22:38,10
1647,1562,Order,9:57:14,20
1648,2315,Delivered,"1 day, 0:26:32",8
1649,9738,Not Delivered,0:35:22,4
1650,1223,Order,11:31:27,14
1651,3657,Delivered,1:52:54,5
1652,1077,Order,14:26:45,7
1653,133,Order,15:51:31,9
1654,7914,Delivered,15:09:10,7
1655,9021,Not Delivered,21:17:07,12
1656,8421,Order,"1 day, 0:36:54",17
1657,190,Delivered,3:11:23,19
1658,6074,Not Delivered,20:24:06,14
1659,4609,Order,21:43:57,8
1660,1091,Delivered,14:01:31,6
1661,4692,Order,16:04:53,18
1662,1562,Not Delivered,23:16:50,16
1663,1607,Delivered,13:28:38,14
1664,123,Not Delivered,0:24:47,15
1665,6961,Order,7:55:19,11
1666,875,Delivered,5:58:41,4
1667,7782,Not Delivered,22:06:25,11
1668,653,Not Delivered,"1 day, 0:53:56",6
1669,9540,Order,7:16:59,9
1670,6055,Delivered,13:24:39,5
1671,1838,Not Delivered,20:24:02,18
1672,5483,Order,10:51:57,4
1673,8331,Order,0:16:50,8
1674,9643,Delivered,22:48:05,1
1675,5847,Not Delivered,3:51:55,2
1676,1355,Delivered,19:47:34,11
1677,7135,Not Delivered,"1 day, 0:09:52",7
1678,4983,Delivered,12:16:04,8
1679,6059,Order,3:37:00,2
1680,2546,Order,22:16:51,3
1681,5002,Order,4:08:39,3
1682,7655,Not Delivered,10:10:33,10
1683,2662,Not Delivered,22:06:41,4
1684,6135,Delivered,4:59:37,6
1685,3559,Not Delivered,21:12:46,11
1686,5172,Order,5:54:03,2
1687,8928,Order,16:58:41,6
1688,4370,Not Delivered,4:14:11,7
1689,190,Delivered,19:07:48,2
1690,9877,Not Delivered,22:05:20,19
1691,5995,Not Delivered,23:19:47,10
1692,1415,Order,17:01:06,4
1693,8594,Not Delivered,5:57:31,16
1694,3934,Not Delivered,7:25:34,1
1695,430,Delivered,19:55:46,16
1696,6609,Delivered,9:06:44,4
1697,5867,Order,7:19:47,13
1698,958,Order,13:01:59,4
1699,9754,Order,1:14:07,15
1700,6030,Not Delivered,18:39:32,13
1701,2262,Delivered,14:48:10,13
1702,859,Order,5:47:32,11
1703,4780,Not Delivered,7:28:52,15
1704,9407,Order,16:52:42,2
1705,8010,Not Delivered,12:02:21,14
1706,2643,Order,8:24:05,19
1707,6202,Order,8:24:20,3
1708,4434,Delivered,0:30:30,3
1709,5635,Not Delivered,14:55:41,3
1710,9722,Order,9:40:55,19
1711,5579,Not Delivered,1:31:36,3
1712,2192,Delivered,10:00:26,14
1713,9253,Order,14:38:37,12
1714,4145,Not Delivered,5:35:37,15
1715,123,Not Delivered,20:03:31,3
1716,7280,Not Delivered,12:44:41,10
1717,453,Delivered,17:35:11,18
1718,8398,Not Delivered,16:05:29,1
1719,3801,Not Delivered,9:08:40,10
1720,3696,Order,12:14:34,7
1721,273,Not Delivered,7:51:22,11
1722,7399,Order,8:18:18,3
1723,7075,Delivered,2:06:57,15
1724,2657,Order,21:10:35,14
1725,5511,Not Delivered,15:27:37,3
1726,4357,Delivered,14:08:45,14
1727,4715,Delivered,12:56:28,10
1728,9759,Delivered,17:21:36,14
1729,2790,Delivered,16:07:10,16
1730,6445,Not Delivered,3:50:30,20
1731,4583,Delivered,10:29:55,16
1732,5152,Order,10:11:15,12
1733,3820,Delivered,10:35:17,16
1734,5965,Not Delivered,13:59:30,13
1735,2372,Order,4:07:24,13
1736,6913,Not Delivered,"1 day, 0:41:48",1
1737,2197,Order,8:29:23,2
1738,5182,Order,11:44:22,19
1739,2371,Order,8:18:09,17
1740,6957,Not Delivered,17:57:34,6
1741,8506,Delivered,2:23:03,13
1742,4607,Not Delivered,18:34:37,2
1743,1945,Not Delivered,7:01:18,9
1744,8677,Not Delivered,1:13:22,5
1745,3303,Order,6:12:22,9
1746,6670,Order,16:14:16,7
1747,697,Delivered,22:54:53,8
1748,6617,Delivered,6:15:16,1
1749,3461,Order,20:47:12,6
1750,412,Order,19:19:54,15
1751,5392,Not Delivered,12:12:55,2
1752,8930,Order,22:36:26,20
1753,7293,Not Delivered,20:47:07,2
1754,9175,Delivered,10:20:47,13
1755,6115,Delivered,11:29:44,17
1756,3948,Delivered,17:27:29,13
1757,3403,Order,3:54:52,12
1758,4294,Order,13:35:55,2
1759,7148,Delivered,10:08:46,8
1760,1039,Not Delivered,8:40:56,4
1761,8279,Delivered,17:31:57,6
1762,9992,Delivered,11:52:33,8
1763,4947,Delivered,"1 day, 0:52:04",15
1764,1791,Not Delivered,0:28:36,15
1765,4508,Not Delivered,19:08:43,10
1766,8236,Delivered,7:05:17,6
1767,9514,Order,14:40:59,20
1768,4971,Order,10:04:36,2
1769,7905,Delivered,13:58:31,18
1770,1614,Not Delivered,23:51:39,18
1771,4773,Delivered,23:10:34,11
1772,6279,Not Delivered,23:13:51,2
1773,2547,Not Delivered,19:44:22,14
1774,3432,Not Delivered,11:52:47,17
1775,6338,Not Delivered,8:14:18,13
1776,1838,Not Delivered,3:25:53,1
1777,7603,Order,22:06:46,12
1778,7263,Order,3:14:10,10
1779,9795,Not Delivered,6:48:04,10
1780,7780,Delivered,15:05:05,9
1781,4557,Not Delivered,"1 day, 0:15:29",10
1782,9414,Delivered,23:14:29,5
1783,2369,Delivered,5:28:56,11
1784,1717,Not Delivered,20:38:28,3
1785,3747,Delivered,5:03:10,16
1786,2055,Delivered,13:25:01,18
1787,1760,Order,22:34:21,14
1788,3330,Delivered,23:52:01,15
1789,3890,Order,9:54:08,14
1790,7351,Order,6:21:13,13
1791,1006,Delivered,"1 day, 0:27:18",6
1792,4707,Delivered,23:25:31,11
1793,8694,Not Delivered,10:22:02,7
1794,4759,Delivered,14:11:51,1
1795,1602,Delivered,1:21:49,6
1796,3281,Delivered,6:35:20,1
1797,2120,Order,1:04:38,2
1798,9747,Not Delivered,1:19:27,18
1799,2622,Order,12:55:44,13
1800,9684,Order,12:52:59,7
1801,9248,Not Delivered,19:51:12,4
1802,1235,Not Delivered,20:47:05,12
1803,7186,Delivered,11:47:41,14
1804,5254,Delivered,12:38:40,9
1805,8443,Order,6:43:05,15
1806,7202,Not Delivered,5:42:58,4
1807,1922,Not Delivered,11:08:49,18
1808,6799,Order,17:48:06,7
1809,6520,Delivered,9:33:49,15
1810,5372,Delivered,1:15:27,10
1811,1162,Order,1:18:46,12
1812,285,Order,"1 day, 0:39:03",10
1813,9312,Order,11:42:40,2
1814,2830,Order,10:42:01,3
1815,346,Order,23:08:59,2
1816,6336,Not Delivered,4:59:10,18
1817,3786,Not Delivered,23:24:27,4
1818,5268,Delivered,12:18:50,7
1819,6659,Order,10:23:04,15
1820,4178,Not Delivered,5:56:04,17
1821,7385,Delivered,13:19:43,20
1822,2889,Order,17:39:53,11
1823,3572,Delivered,12:14:26,11
1824,6921,Order,5:59:12,5
1825,6175,Not Delivered,1:10:55,19
1826,1450,Delivered,8:00:20,6
1827,1894,Not Delivered,23:58:49,13
1828,4106,Not Delivered,22:05:15,18
1829,6798,Delivered,8:57:08,15
1830,262,Not Delivered,6:24:27,9
1831,1401,Order,0:59:30,19
1832,2658,Order,12:10:33,5
1833,7820,Order,0:49:47,3
1834,1206,Order,15:11:03,5
1835,4025,Delivered,23:10:31,9
1836,5252,Delivered,17:12:01,6
1837,7377,Delivered,9:50:00,1
1838,6899,Delivered,3:29:00,15
1839,3311,Delivered,5:45:04,2
1840,8539,Delivered,8:44:46,10
1841,9644,Not Delivered,3:28:57,20
1842,6255,Delivered,7:09:16,17
1843,4786,Order,19:20:01,7
1844,1588,Delivered,22:03:07,17
1845,8494,Not Delivered,20:29:09,11
1846,4361,Not Delivered,14:32:06,15
1847,280,Not Delivered,16:37:50,3
1848,911,Not Delivered,10:30:52,4
1849,1554,Order,6:44:09,5
1850,8663,Order,19:27:08,9
1851,8173,Not Delivered,10:28:14,17
1852,3213,Order,14:08:44,8
1853,5401,Not Delivered,7:18:20,8
1854,444,Order,17:53:13,12
1855,1799,Not Delivered,6:06:55,3
1856,6877,Not Delivered,7:01:24,13
1857,7552,Not Delivered,4:07:57,1
1858,1296,Not Delivered,14:03:42,18
1859,8956,Not Delivered,13:10:31,17
1860,4984,Not Delivered,2:38:32,11
1861,779,Delivered,15:20:52,1
1862,8053,Not Delivered,13:01:00,13
1863,145,Order,14:03:34,15
1864,2989,Delivered,12:33:38,13
1865,6399,Order,20:32:54,19
1866,8064,Delivered,17:12:09,2
1867,581,Order,22:27:20,7
1868,2717,Delivered,3:47:41,5
1869,9044,Order,17:10:52,3
1870,2783,Not Delivered,11:47:10,3
1871,4604,Order,23:08:44,1
1872,7424,Delivered,11:21:30,1
1873,3506,Order,13:36:15,18
1874,2950,Not Delivered,5:41:07,13
1875,9021,Not Delivered,20:59:04,12
1876,7321,Not Delivered,16:22:24,5
1877,2485,Delivered,"1 day, 0:01:18",8
1878,5614,Order,2:37:07,2
1879,9640,Not Delivered,10:30:58,8
1880,5046,Delivered,2:11:58,14
1881,6394,Delivered,20:57:08,2
1882,4106,Not Delivered,10:32:10,14
1883,9737,Delivered,12:59:02,9
1884,7781,Not Delivered,18:18:31,15
1885,8995,Not Delivered,7:53:59,1
1886,6698,Not Delivered,"1 day, 0:11:29",17
1887,3120,Not Delivered,2:59:23,16
1888,3844,Order,7:17:49,11
1889,3795,Delivered,18:56:09,9
1890,4457,Not Delivered,3:54:02,5
1891,9647,Order,14:50:08,8
1892,7538,Order,10:23:42,2
1893,6303,Order,0:15:15,5
1894,6416,Delivered,13:57:55,4
1895,6305,Delivered,12:41:57,16
1896,1555,Order,14:54:16,14
1897,4907,Order,11:24:34,20
1898,220,Delivered,21:18:40,20
1899,8774,Not Delivered,0:14:20,19
1900,1813,Not Delivered,12:04:58,19
1901,8937,Order,18:18:01,2
1902,6709,Not Delivered,7:10:22,3
1903,7649,Order,7:38:53,6
1904,2901,Delivered,6:45:55,1
1905,9094,Delivered,4:16:19,12
1906,2335,Delivered,9:02:13,14
1907,5922,Not Delivered,2:30:02,12
1908,8292,Not Delivered,6:07:23,11
1909,1785,Not Delivered,9:02:51,16
1910,3105,Order,5:21:00,9
1911,7162,Not Delivered,11:06:51,19
1912,8724,Delivered,19:41:15,2
1913,1225,Not Delivered,12:40:03,1
1914,7907,Delivered,14:15:33,4
1915,9467,Not Delivered,13:28:08,8
1916,2383,Not Delivered,3:20:11,5
1917,4903,Delivered,12:39:16,15
1918,3977,Not Delivered,14:17:14,19
1919,820,Not Delivered,12:48:14,5
1920,2216,Not Delivered,1:18:05,7
1921,4881,Delivered,16:31:42,15
1922,3564,Order,10:27:05,4
1923,7579,Not Delivered,8:04:27,1
1924,3217,Delivered,13:19:40,12
1925,3948,Delivered,0:47:45,7
1926,8310,Order,0:25:15,8
1927,2463,Not Delivered,4:07:41,16
1928,9306,Order,6:01:59,12
1929,1588,Order,16:17:15,10
1930,1741,Not Delivered,1:25:31,4
1931,2966,Not Delivered,13:21:24,12
1932,8204,Delivered,23:19:30,12
1933,4185,Not Delivered,15:23:31,6
1934,1978,Delivered,20:58:19,13
1935,9072,Delivered,9:35:18,19
1936,9363,Not Delivered,14:36:18,3
1937,1003,Delivered,20:01:10,12
1938,5194,Not Delivered,1:49:39,15
1939,4776,Delivered,5:40:15,12
1940,2768,Order,21:19:08,1
1941,6087,Not Delivered,19:26:46,12
1942,6345,Order,16:40:54,6
1943,1077,Delivered,12:15:23,14
1944,1578,Not Delivered,16:58:11,16
1945,5323,Delivered,1:54:49,20
1946,9371,Not Delivered,14:49:37,19
1947,5699,Order,7:50:46,6
1948,4200,Not Delivered,16:20:23,11
1949,7870,Delivered,15:01:56,7
1950,1601,Not Delivered,15:15:47,11
1951,3740,Not Delivered,12:14:29,14
1952,7666,Not Delivered,6:55:47,19
1953,3117,Order,11:23:14,8
1954,8576,Delivered,4:08:37,12
1955,5776,Order,20:15:33,15
1956,5737,Order,18:58:03,19
1957,6893,Order,14:34:04,4
1958,6395,Not Delivered,19:18:38,12
1959,7387,Order,20:18:24,15
1960,2760,Order,6:19:45,13
1961,6964,Not Delivered,18:25:00,15
1962,185,Order,8:32:39,20
1963,5438,Not Delivered,11:54:44,18
1964,4807,Not Delivered,7:09:28,11
1965,9379,Delivered,22:49:32,2
1966,5997,Not Delivered,"1 day, 0:39:06",3
1967,6323,Order,0:20:37,19
1968,6081,Not Delivered,23:36:04,16
1969,4410,Not Delivered,15:29:23,3
1970,5428,Order,7:04:18,19
1971,3663,Delivered,1:21:02,19
1972,3047,Order,17:51:42,13
1973,1772,Order,5:19:04,5
1974,3448,Not Delivered,18:40:45,18
1975,5490,Not Delivered,0:44:13,13
1976,4719,Delivered,21:05:03,6
1977,4029,Order,8:15:54,20
1978,7752,Delivered,1:18:16,12
1979,4883,Delivered,4:21:53,3
1980,1599,Delivered,1:02:03,18
1981,6858,Not Delivered,20:34:04,13
1982,4228,Not Delivered,14:00:37,17
1983,113,Delivered,13:01:59,20
1984,3686,Delivered,15:34:46,11
1985,9855,Order,12:09:59,15
1986,7252,Not Delivered,12:06:34,10
1987,4024,Delivered,18:10:58,5
1988,5651,Delivered,8:07:20,15
1989,1553,Order,3:06:53,15
1990,4958,Order,19:11:43,6
1991,4128,Delivered,11:36:16,16
1992,8261,Not Delivered,3:04:12,5
1993,9421,Delivered,"1 day, 0:27:34",12
1994,3684,Delivered,3:30:10,11
1995,5980,Not Delivered,12:30:19,6
1996,5388,Not Delivered,9:50:30,18
1997,9007,Delivered,7:31:44,1
1998,3691,Not Delivered,6:04:40,6
1999,7402,Delivered,13:07:37,10
2000,4081,Not Delivered,8:20:13,17
2001,8178,Not Delivered,13:15:41,11
2002,6443,Not Delivered,13:29:52,14
2003,5782,Order,21:08:06,3
2004,9754,Not Delivered,3:26:43,19
2005,3150,Not Delivered,18:19:05,19
2006,2733,Not Delivered,21:32:30,19
2007,6144,Order,5:39:26,15
2008,7536,Order,20:01:14,7
2009,310,Order,19:27:57,4
2010,4750,Order,4:03:22,14
2011,5612,Not Delivered,17:03:32,6
2012,9229,Not Delivered,16:14:16,14
2013,9203,Delivered,2:31:17,2
2014,8137,Order,15:18:24,17
2015,9886,Delivered,13:40:41,11
2016,897,Not Delivered,0:09:43,20
2017,1054,Delivered,"1 day, 0:28:23",13
2018,2184,Delivered,7:22:14,18
2019,9251,Not Delivered,12:26:32,13
2020,4460,Not Delivered,4:30:41,16
2021,224,Not Delivered,1:59:12,2
2022,5650,Not Delivered,23:24:28,1
2023,587,Not Delivered,16:59:00,16
2024,8008,Not Delivered,2:43:44,18
2025,4962,Order,20:15:11,13
2026,4541,Delivered,10:54:32,11
2027,3862,Order,7:24:35,14
2028,527,Not Delivered,10:16:07,6
2029,4038,Not Delivered,15:05:23,9
2030,2394,Order,22:21:08,8
2031,8992,Not Delivered,20:32:14,5
2032,6396,Delivered,4:32:57,4
2033,1827,Order,8:27:31,11
2034,4245,Not Delivered,"1 day, 0:45:40",1
2035,4431,Not Delivered,15:26:42,9
2036,2001,Order,23:06:29,12
2037,1516,Order,22:17:23,3
2038,1900,Delivered,20:53:10,8
2039,4878,Delivered,10:40:56,10
2040,209,Not Delivered,13:00:00,1
2041,3782,Order,"1 day, 0:28:36",19
2042,654,Not Delivered,9:11:19,12
2043,2518,Delivered,9:23:51,5
2044,4315,Delivered,15:23:08,11
2045,5720,Order,"1 day, 0:25:01",11
2046,6789,Delivered,11:56:18,7
2047,3504,Order,14:26:31,7
2048,3965,Not Delivered,19:42:55,14
2049,6814,Order,6:19:40,7
2050,5811,Order,10:50:25,17
2051,5294,Order,10:10:54,5
2052,2372,Delivered,10:52:56,6
2053,3461,Order,12:17:13,3
2054,7994,Order,9:10:18,14
2055,6963,Delivered,5:13:57,8
2056,1210,Order,6:09:49,13
2057,5633,Order,8:44:41,10
2058,2224,Order,19:43:17,4
2059,9279,Delivered,19:06:07,12
2060,7168,Order,1:12:55,20
2061,7980,Delivered,17:34:49,10
2062,3486,Delivered,6:22:10,10
2063,6588,Delivered,3:01:21,16
2064,8373,Delivered,22:40:55,18
2065,8174,Not Delivered,13:04:27,20
2066,1965,Not Delivered,19:47:42,7
2067,1762,Not Delivered,9:37:07,6
2068,8848,Delivered,"1 day, 0:10:06",15
2069,2411,Not Delivered,18:17:39,17
2070,931,Order,22:07:15,19
2071,2790,Not Delivered,"1 day, 0:03:13",7
2072,2151,Not Delivered,1:26:21,17
2073,1047,Delivered,19:47:06,13
2074,5615,Order,13:39:28,15
2075,7376,Delivered,7:03:08,12
2076,4697,Not Delivered,13:47:05,11
2077,2718,Not Delivered,6:35:57,5
2078,1926,Order,9:08:03,6
2079,8355,Not Delivered,10:04:21,16
2080,6241,Not Delivered,7:37:17,17
2081,2550,Order,23:52:27,6
2082,7367,Order,5:37:01,2
2083,2147,Order,15:57:03,15
2084,2922,Order,1:51:03,9
2085,9727,Not Delivered,18:27:56,2
2086,4773,Delivered,6:32:13,16
2087,9291,Not Delivered,1:06:27,4
2088,340,Not Delivered,11:58:36,2
2089,3394,Not Delivered,5:46:09,6
2090,1297,Delivered,0:12:19,18
2091,1067,Delivered,15:30:00,1
2092,4458,Not Delivered,22:02:24,12
2093,9549,Order,16:34:17,6
2094,8665,Delivered,0:09:17,14
2095,1134,Order,15:59:05,13
2096,9416,Order,5:10:22,9
2097,4170,Not Delivered,4:08:55,4
2098,6148,Not Delivered,5:26:40,2
2099,4792,Delivered,1:42:14,12
2100,4386,Delivered,6:42:33,8
2101,6299,Order,2:50:14,10
2102,8959,Delivered,7:11:43,18
2103,1762,Order,9:40:17,4
2104,5826,Not Delivered,21:01:24,10
2105,5772,Delivered,"1 day, 0:20:36",7
2106,4487,Delivered,9:40:59,19
2107,6182,Not Delivered,13:58:02,11
2108,4432,Order,19:53:57,13
2109,7315,Not Delivered,0:59:06,15
2110,7780,Delivered,10:21:15,15
2111,677,Order,23:26:52,7
2112,1913,Not Delivered,18:22:22,10
2113,5009,Delivered,3:51:10,17
2114,2381,Not Delivered,4:16:11,13
2115,4180,Delivered,2:10:00,3
2116,9920,Order,2:42:46,18
2117,4222,Order,0:19:43,15
2118,2993,Not Delivered,12:32:24,5
2119,8547,Order,14:19:58,15
2120,6920,Delivered,6:20:50,6
2121,6979,Delivered,9:55:57,3
2122,5544,Not Delivered,16:28:05,11
2123,7907,Order,23:37:04,11
2124,9885,Delivered,2:23:44,2
2125,1873,Order,3:31:34,4
2126,6601,Order,6:25:11,14
2127,9370,Order,12:55:33,6
2128,4786,Not Delivered,2:33:18,19
2129,2902,Not Delivered,23:17:59,8
2130,631,Order,9:39:40,13
2131,7873,Not Delivered,7:56:42,19
2132,3690,Delivered,1:57:50,12
2133,5223,Not Delivered,4:36:47,15
2134,1963,Delivered,18:07:15,11
2135,3603,Not Delivered,10:32:06,18
2136,2524,Order,23:08:23,1
2137,8762,Order,23:25:58,19
2138,6223,Not Delivered,5:59:04,18
2139,6891,Not Delivered,18:08:58,5
2140,4016,Delivered,0:39:42,19
2141,8234,Order,1:23:58,18
2142,9061,Order,20:22:21,6
2143,8156,Delivered,9:24:11,15
2144,2627,Delivered,0:08:59,5
2145,3267,Not Delivered,18:08:06,2
2146,238,Delivered,17:12:09,18
2147,4545,Not Delivered,15:44:56,9
2148,5315,Not Delivered,20:15:50,3
2149,6704,Delivered,2:35:28,17
2150,8580,Delivered,19:19:39,2
2151,4708,Not Delivered,2:28:11,3
2152,5592,Delivered,6:36:29,12
2153,6300,Order,4:42:06,16
2154,8562,Delivered,19:42:38,15
2155,9122,Order,0:13:20,1
2156,8180,Delivered,10:12:10,10
2157,9615,Not Delivered,23:48:23,9
2158,4487,Not Delivered,16:53:07,4
2159,5205,Delivered,14:14:01,12
2160,5098,Order,6:47:25,17
2161,9968,Delivered,22:58:08,14
2162,7062,Not Delivered,21:44:00,15
2163,6069,Not Delivered,3:34:09,12
2164,9273,Not Delivered,8:35:37,3
2165,2037,Delivered,2:03:16,9
2166,5043,Order,20:25:21,9
2167,879,Order,9:07:11,12
2168,5962,Delivered,"1 day, 0:22:16",13
2169,4358,Not Delivered,11:19:05,12
2170,195,Order,23:14:02,9
2171,4821,Order,3:19:19,12
2172,5222,Delivered,"1 day, 0:07:42",10
2173,4044,Delivered,"1 day, 0:01:59",17
2174,3528,Delivered,16:07:21,14
2175,9542,Delivered,22:05:42,14
2176,5093,Order,10:52:23,16
2177,5655,Order,17:44:46,16
2178,201,Not Delivered,19:23:02,8
2179,6673,Delivered,19:35:49,13
2180,945,Delivered,4:15:19,13
2181,2418,Not Delivered,15:16:47,19
2182,6748,Delivered,21:00:59,10
2183,2920,Order,"1 day, 0:48:28",1
2184,3735,Order,11:56:20,18
2185,5204,Order,11:40:24,7
2186,8921,Order,0:27:04,19
2187,3803,Order,9:51:11,5
2188,3932,Delivered,7:31:20,20
2189,7774,Order,7:12:13,3
2190,9889,Delivered,21:58:46,4
2191,3182,Delivered,23:53:21,19
2192,3691,Not Delivered,0:21:55,4
2193,2776,Not Delivered,19:39:56,19
2194,2732,Order,18:57:03,18
2195,5074,Delivered,4:07:55,20
2196,1839,Order,13:10:05,17
2197,8704,Not Delivered,18:45:58,6
2198,1974,Not Delivered,12:43:01,11
2199,7836,Delivered,1:33:53,11
2200,5280,Not Delivered,23:36:39,1
2201,6827,Delivered,9:17:33,2
2202,1360,Order,10:37:49,4
2203,9593,Not Delivered,1:32:40,15
2204,6112,Delivered,9:50:54,7
2205,9996,Order,20:12:10,1
2206,514,Order,23:45:03,20
2207,9407,Not Delivered,20:34:03,15
2208,3619,Delivered,5:47:08,3
2209,6689,Order,5:49:07,9
2210,5348,Delivered,13:31:26,4
2211,5431,Not Delivered,23:39:40,20
2212,4641,Delivered,11:45:38,4
2213,6011,Not Delivered,11:01:58,4
2214,4884,Not Delivered,12:14:38,12
2215,3160,Not Delivered,13:14:40,20
2216,5719,Order,18:43:50,12
2217,3604,Not Delivered,21:53:59,8
2218,4551,Not Delivered,"1 day, 0:38:23",8
2219,4414,Order,6:16:49,4
2220,932,Not Delivered,15:16:28,14
2221,9142,Order,6:30:17,14
2222,6044,Delivered,0:32:41,6
2223,2259,Delivered,12:13:56,1
2224,8164,Order,17:26:05,15
2225,6923,Order,5:33:32,3
2226,3978,Order,10:41:39,7
2227,7249,Not Delivered,8:44:18,7
2228,9268,Order,18:57:09,16
2229,7796,Delivered,10:51:29,20
2230,4625,Not Delivered,20:25:45,12
2231,5830,Order,18:36:15,20
2232,9416,Order,18:25:56,2
2233,9593,Not Delivered,12:38:35,2
2234,3055,Order,17:49:04,13
2235,3599,Delivered,5:53:44,19
2236,2702,Delivered,17:40:23,15
2237,731,Order,19:51:21,4
2238,1330,Delivered,11:25:16,9
2239,3521,Order,19:34:23,7
2240,3745,Order,22:37:56,12
2241,8765,Order,22:27:40,12
2242,2204,Delivered,9:42:25,14
2243,743,Delivered,0:33:49,7
2244,9555,Delivered,11:42:55,3
2245,8978,Not Delivered,17:04:28,19
2246,5177,Order,0:40:30,6
2247,9078,Delivered,1:31:08,13
2248,8068,Not Delivered,7:11:09,8
2249,7543,Not Delivered,12:04:41,14
2250,1404,Not Delivered,15:01:36,15
2251,4052,Order,13:03:27,17
2252,9594,Order,23:41:55,13
2253,6562,Delivered,16:53:32,3
2254,4103,Order,12:40:33,13
2255,2838,Order,10:07:02,7
2256,444,Delivered,21:43:40,3
2257,1352,Not Delivered,3:26:11,3
2258,1836,Not Delivered,17:06:51,12
2259,5833,Order,17:02:16,9
2260,4199,Delivered,20:14:14,2
2261,8494,Delivered,6:05:25,11
2262,246,Order,22:37:11,2
2263,1849,Delivered,7:42:20,3
2264,7646,Order,4:24:02,13
2265,2251,Delivered,7:43:57,3
2266,333,Delivered,22:58:35,4
2267,6818,Delivered,12:22:12,9
2268,3451,Delivered,12:43:23,12
2269,5192,Not Delivered,11:59:37,19
2270,4652,Order,11:18:46,12
2271,8820,Order,4:44:58,16
2272,5047,Delivered,15:11:48,9
2273,3755,Order,10:15:49,15
2274,3701,Not Delivered,8:08:43,12
2275,8237,Not Delivered,3:16:40,14
2276,7173,Order,14:52:59,12
2277,566,Not Delivered,23:08:45,8
2278,4381,Not Delivered,1:19:15,2
2279,1293,Order,9:21:56,1
2280,7239,Not Delivered,23:23:32,16
2281,5243,Delivered,2:53:49,6
2282,7814,Not Delivered,21:09:27,3
2283,1724,Not Delivered,11:21:21,7
2284,8711,Delivered,5:57:07,3
2285,7789,Delivered,7:48:44,11
2286,3829,Delivered,3:14:39,12
2287,8173,Order,0:53:41,10
2288,574,Order,3:13:35,6
2289,8559,Order,6:23:22,17
2290,4075,Order,4:56:58,20
2291,8208,Not Delivered,17:31:49,7
2292,5182,Not Delivered,17:06:36,15
2293,5863,Not Delivered,2:44:22,11
2294,9828,Not Delivered,15:34:07,11
2295,9137,Not Delivered,1:04:06,1
2296,4566,Not Delivered,13:47:04,15
2297,1385,Not Delivered,10:28:29,15
2298,9579,Order,14:07:22,2
2299,2004,Not Delivered,21:27:04,9
2300,5336,Order,3:25:42,10
2301,3999,Order,13:15:25,9
2302,6415,Not Delivered,18:56:13,18
2303,7262,Not Delivered,11:37:23,20
2304,3577,Not Delivered,16:23:39,9
2305,9184,Order,17:37:03,19
2306,9018,Not Delivered,1:18:38,15
2307,7596,Order,21:44:22,14
2308,5834,Not Delivered,6:34:16,6
2309,2991,Order,23:14:24,19
2310,914,Not Delivered,3:25:00,1
2311,6399,Delivered,11:32:39,2
2312,9747,Delivered,14:16:04,3
2313,5573,Not Delivered,14:40:12,1
2314,2716,Order,10:06:49,3
2315,5240,Delivered,4:17:22,2
2316,7383,Delivered,"1 day, 0:11:54",20
2317,1521,Delivered,2:11:49,7
2318,7385,Order,15:19:31,11
2319,9656,Order,7:14:36,9
2320,9683,Not Delivered,15:12:59,3
2321,2006,Order,2:23:18,20
2322,6888,Order,7:57:49,18
2323,1131,Order,20:49:31,6
2324,5135,Order,16:54:46,17
2325,1118,Not Delivered,21:26:05,1
2326,683,Not Delivered,1:25:30,6
2327,9573,Order,18:39:22,20
2328,4652,Order,15:10:00,2
2329,3103,Not Delivered,9:36:53,1
2330,9754,Delivered,3:39:12,11
2331,8111,Not Delivered,20:38:45,4
2332,9348,Delivered,15:00:47,6
2333,9776,Delivered,9:56:18,20
2334,2886,Delivered,4:28:13,11
2335,1538,Order,3:09:04,15
2336,4174,Not Delivered,2:52:38,17
2337,646,Not Delivered,0:15:09,16
2338,5546,Not Delivered,0:36:06,9
2339,1640,Order,7:39:39,1
2340,9734,Delivered,15:15:42,9
2341,8552,Order,3:34:55,9
2342,4019,Not Delivered,11:23:59,20
2343,4525,Order,14:53:45,9
2344,5532,Not Delivered,10:16:34,9
2345,1384,Not Delivered,10:49:02,19
2346,1074,Delivered,2:43:26,13
2347,1524,Not Delivered,11:19:18,19
2348,7036,Not Delivered,5:16:10,13
2349,4125,Order,17:20:51,10
2350,387,Order,19:26:26,10
2351,5825,Delivered,13:11:37,16
2352,4686,Not Delivered,8:37:30,2
2353,3348,Order,14:31:23,4
2354,2475,Order,13:11:21,5
2355,4437,Order,19:31:53,19
2356,2513,Order,16:04:53,7
2357,547,Delivered,1:08:20,19
2358,2950,Order,1:52:50,1
2359,4208,Delivered,3:27:25,5
2360,9213,Delivered,0:29:06,1
2361,1225,Not Delivered,8:59:07,19
2362,1088,Delivered,4:45:41,9
2363,3348,Not Delivered,15:57:30,1
2364,9421,Order,9:48:30,7
2365,6037,Not Delivered,18:47:01,4
2366,7674,Order,16:16:13,20
2367,2202,Delivered,0:05:34,10
2368,7438,Delivered,3:15:23,20
2369,6143,Delivered,19:40:56,19
2370,5700,Not Delivered,14:27:15,10
2371,9765,Order,5:31:41,7
2372,3569,Delivered,16:40:37,16
2373,7900,Not Delivered,5:34:26,20
2374,7488,Order,21:53:35,3
2375,9201,Not Delivered,20:58:08,11
2376,4022,Order,7:22:37,11
2377,9429,Not Delivered,1:47:35,18
2378,6167,Not Delivered,1:01:34,15
2379,2156,Delivered,16:36:26,17
2380,2505,Order,1:59:58,19
2381,489,Not Delivered,22:42:19,14
2382,379,Not Delivered,"1 day, 0:32:30",19
2383,9473,Order,5:58:40,20
2384,5307,Delivered,21:21:05,6
2385,5809,Delivered,3:24:25,19
2386,7756,Not Delivered,20:19:54,9
2387,6839,Not Delivered,2:48:10,18
2388,1281,Order,20:13:58,10
2389,1851,Not Delivered,16:27:47,20
2390,1485,Order,19:32:19,4
2391,1518,Not Delivered,18:34:01,4
2392,8389,Delivered,7:11:59,17
2393,9517,Order,1:27:39,13
2394,1621,Delivered,14:15:22,5
2395,448,Not Delivered,19:53:02,2
2396,8036,Order,11:06:18,17
2397,8833,Not Delivered,13:36:45,11
2398,3640,Not Delivered,13:25:06,13
2399,5747,Delivered,4:28:00,18
2400,8566,Delivered,10:16:55,11
2401,6479,Delivered,17:06:02,13
2402,5777,Order,0:37:55,1
2403,914,Not Delivered,9:27:53,16
2404,9271,Not Delivered,15:51:57,12
2405,4207,Not Delivered,17:24:18,11
2406,8314,Order,14:21:36,5
2407,8011,Not Delivered,22:40:50,7
2408,7420,Delivered,4:09:53,4
2409,9612,Delivered,14:27:57,11
2410,5609,Not Delivered,18:56:15,12
2411,9146,Delivered,3:45:19,13
2412,2428,Order,"1 day, 0:44:55",11
2413,3839,Delivered,5:51:10,10
2414,5041,Delivered,8:01:50,18
2415,1903,Delivered,"1 day, 0:49:52",3
2416,7446,Not Delivered,16:29:37,12
2417,6379,Delivered,23:27:09,6
2418,3604,Delivered,17:40:27,18
2419,1475,Order,10:46:03,20
2420,7831,Order,6:01:05,3
2421,5801,Not Delivered,7:38:25,8
2422,1152,Delivered,2:40:00,16
2423,1831,Delivered,"1 day, 0:52:14",7
2424,9011,Not Delivered,2:42:41,1
2425,8926,Not Delivered,18:57:47,16
2426,9055,Order,12:20:30,15
2427,874,Not Delivered,11:23:41,14
2428,4509,Order,5:11:18,11
2429,8011,Delivered,18:15:13,2
2430,958,Order,1:08:42,15
2431,2098,Delivered,0:08:09,20
2432,7760,Delivered,2:18:40,18
2433,5111,Not Delivered,13:54:55,17
2434,3043,Not Delivered,15:59:30,11
2435,3858,Not Delivered,12:47:32,16
2436,9124,Not Delivered,17:41:42,2
2437,7923,Not Delivered,6:59:42,10
2438,3682,Order,13:05:12,4
2439,8328,Order,7:21:44,5
2440,4565,Order,11:35:32,20
2441,9354,Order,13:45:07,16
2442,9405,Delivered,7:53:42,16
2443,1961,Delivered,11:53:56,16
2444,6109,Delivered,18:06:18,16
2445,2474,Not Delivered,17:26:59,18
2446,2548,Delivered,12:38:21,4
2447,2961,Order,17:28:16,13
2448,161,Order,0:41:17,18
2449,3903,Order,21:03:40,3
2450,1981,Delivered,6:14:37,19
2451,5989,Order,14:29:12,18
2452,1854,Not Delivered,7:05:46,2
2453,5021,Delivered,10:40:02,18
2454,3120,Not Delivered,"1 day, 0:16:11",3
2455,3671,Delivered,10:21:01,11
2456,7212,Not Delivered,13:13:00,16
2457,1402,Order,13:37:31,5
2458,1442,Delivered,21:04:13,11
2459,5285,Delivered,2:56:10,9
2460,8977,Delivered,13:31:26,19
2461,7746,Not Delivered,13:20:46,20
2462,1052,Not Delivered,7:17:54,6
2463,7033,Not Delivered,"1 day, 0:53:20",13
2464,9686,Delivered,8:36:44,15
2465,4510,Delivered,4:10:34,14
2466,2868,Order,22:05:09,9
2467,2318,Delivered,8:45:54,13
2468,2113,Delivered,3:27:45,19
2469,9456,Order,12:30:28,10
2470,4424,Order,14:01:55,8
2471,360,Delivered,6:51:48,5
2472,7135,Order,13:28:18,9
2473,9421,Not Delivered,5:09:37,16
2474,1019,Not Delivered,1:14:33,20
2475,6058,Not Delivered,6:46:52,1
2476,6613,Delivered,15:36:10,18
2477,9494,Order,21:40:45,13
2478,1414,Delivered,5:41:29,15
2479,6158,Not Delivered,"1 day, 0:20:53",15
2480,2693,Order,8:47:10,8
2481,3998,Order,4:09:28,12
2482,7471,Order,23:46:16,8
2483,921,Not Delivered,20:05:33,13
2484,3222,Not Delivered,"1 day, 0:37:19",7
2485,8119,Not Delivered,1:20:31,17
2486,1140,Delivered,8:44:23,10
2487,4965,Delivered,0:06:54,5
2488,5480,Not Delivered,9:09:50,15
2489,2516,Not Delivered,0:06:25,1
2490,1799,Not Delivered,4:08:41,2
2491,3885,Delivered,11:08:56,18
2492,8805,Delivered,12:55:33,11
2493,8932,Not Delivered,10:57:01,2
2494,5111,Delivered,22:19:51,14
2495,5031,Delivered,1:52:33,18
2496,9443,Delivered,19:52:21,19
2497,5473,Not Delivered,23:16:00,14
2498,5059,Delivered,10:26:15,4
2499,1816,Delivered,12:18:07,15
2500,2714,Not Delivered,1:52:34,14
2501,8167,Order,14:45:29,16
2502,1496,Not Delivered,19:20:27,2
2503,9692,Order,1:20:13,8
2504,5251,Order,11:35:44,5
2505,6680,Delivered,19:47:04,11
2506,8032,Delivered,18:10:37,20
2507,1361,Order,20:49:50,19
2508,9032,Order,23:32:23,11
2509,7902,Order,0:59:52,7
2510,4978,Not Delivered,2:33:33,15
2511,9002,Order,6:30:19,7
2512,618,Not Delivered,12:50:50,17
2513,6639,Delivered,0:37:46,9
2514,9788,Not Delivered,19:40:02,3
2515,7092,Delivered,14:32:17,3
2516,5922,Delivered,18:01:08,1
2517,7497,Not Delivered,20:38:22,5
2518,4509,Delivered,8:25:45,9
2519,2523,Delivered,19:35:09,2
2520,2881,Not Delivered,14:18:40,8
2521,1548,Delivered,20:04:56,14
2522,3081,Order,15:06:57,2
2523,1139,Delivered,12:10:30,6
2524,7374,Order,20:49:23,4
2525,9634,Delivered,9:02:48,5
2526,9513,Not Delivered,20:34:17,5
2527,828,Not Delivered,1:08:47,18
2528,9764,Order,16:20:39,13
2529,749,Order,1:46:16,15
2530,2085,Delivered,5:58:34,1
2531,8526,Order,10:06:41,17
2532,1366,Not Delivered,1:27:18,15
2533,7112,Order,20:57:46,8
2534,3833,Delivered,12:12:45,14
2535,6894,Order,7:57:55,18
2536,5189,Delivered,"1 day, 0:42:41",1
2537,6031,Order,"1 day, 0:52:06",10
2538,567,Not Delivered,20:37:50,14
2539,2470,Not Delivered,10:53:23,11
2540,7813,Delivered,9:00:44,19
2541,4928,Order,4:08:52,16
2542,8113,Delivered,5:40:10,7
2543,6418,Delivered,14:49:11,8
2544,2331,Order,22:35:44,11
2545,6690,Order,3:37:56,12
2546,7717,Delivered,23:02:19,14
2547,224,Not Delivered,0:32:44,3
2548,5421,Delivered,9:13:54,11
2549,3078,Order,17:54:47,16
2550,3205,Delivered,17:29:47,17
2551,2234,Order,"1 day, 0:07:22",17
2552,8072,Delivered,9:40:49,11
2553,5353,Order,15:47:29,13
2554,8753,Order,19:00:55,11
2555,816,Delivered,2:48:56,13
2556,3164,Order,13:50:02,11
2557,407,Order,6:24:21,15
2558,1078,Order,18:54:34,1
2559,8563,Delivered,"1 day, 0:41:12",8
2560,1023,Order,23:27:47,10
2561,3415,Delivered,21:04:55,15
2562,5827,Order,18:05:07,1
2563,4732,Not Delivered,4:06:38,10
2564,1370,Order,17:33:14,17
2565,6174,Delivered,6:45:11,17
2566,1030,Order,6:03:19,11
2567,7451,Delivered,"1 day, 0:09:54",14
2568,632,Delivered,8:37:48,14
2569,3991,Not Delivered,5:06:16,18
2570,2350,Delivered,4:29:30,6
2571,626,Not Delivered,9:06:18,3
2572,4993,Order,8:25:40,20
2573,647,Not Delivered,3:08:54,10
2574,5847,Delivered,15:09:36,19
2575,8101,Order,21:21:07,4
2576,3749,Not Delivered,10:40:21,17
2577,7642,Order,15:14:38,16
2578,3431,Order,3:46:02,8
2579,6684,Delivered,7:17:36,12
2580,999,Not Delivered,18:53:27,20
2581,1302,Order,23:16:49,15
2582,173,Not Delivered,21:29:39,14
2583,5676,Not Delivered,17:54:43,10
2584,8071,Order,13:10:31,19
2585,4341,Delivered,0:23:37,1
2586,5536,Delivered,2:53:09,6
2587,4216,Delivered,15:14:03,5
2588,5879,Not Delivered,8:37:34,15
2589,1597,Delivered,1:30:52,15
2590,6423,Order,3:36:06,12
2591,4511,Order,22:16:14,14
2592,9404,Delivered,22:22:37,14
2593,1626,Delivered,15:54:13,13
2594,5856,Order,"1 day, 0:14:53",7
2595,9266,Delivered,11:43:31,15
2596,9723,Order,1:18:37,16
2597,7605,Not Delivered,16:37:17,8
2598,392,Order,3:58:41,19
2599,680,Delivered,4:31:32,6
2600,5398,Delivered,17:52:28,7
2601,7399,Order,0:13:53,20
2602,7932,Order,6:21:59,19
2603,9685,Delivered,8:54:03,20
2604,5535,Order,18:38:26,3
2605,5296,Order,19:10:33,5
2606,4474,Delivered,5:49:55,8
2607,2760,Not Delivered,20:13:46,11
2608,4316,Delivered,13:30:25,1
2609,3412,Not Delivered,12:22:14,8
2610,6934,Order,2:32:44,20
2611,5572,Order,14:34:32,9
2612,4367,Not Delivered,20:48:17,2
2613,4721,Not Delivered,14:20:01,9
2614,8182,Not Delivered,6:54:39,8
2615,4201,Order,11:15:16,19
2616,7588,Not Delivered,20:43:55,2
2617,1885,Delivered,1:34:26,16
2618,2419,Not Delivered,10:08:42,15
2619,6780,Delivered,19:59:48,3
2620,5467,Not Delivered,"1 day, 0:57:17",6
2621,1726,Order,15:24:31,18
2622,1185,Order,2:38:40,19
2623,9226,Order,11:50:37,10
2624,6939,Delivered,22:50:10,12
2625,5544,Order,15:47:40,8
2626,8574,Not Delivered,10:48:14,7
2627,9843,Not Delivered,13:58:19,13
2628,1243,Delivered,9:18:09,16
2629,9888,Order,13:09:32,4
2630,209,Order,12:43:51,17
2631,4788,Delivered,18:26:37,20
2632,6541,Order,21:09:36,18
2633,3102,Order,3:48:02,3
2634,5371,Not Delivered,21:17:31,9
2635,4234,Delivered,3:38:45,16
2636,1127,Not Delivered,7:11:14,16
2637,8779,Delivered,"1 day, 0:20:35",9
2638,1641,Delivered,8:08:39,3
2639,7518,Delivered,1:29:47,17
2640,8814,Delivered,8:20:09,1
2641,6839,Order,8:40:59,2
2642,3458,Not Delivered,"1 day, 0:40:51",12
2643,2854,Delivered,19:14:52,9
2644,8414,Delivered,2:29:08,5
2645,740,Delivered,20:01:38,19
2646,9626,Delivered,11:33:47,14
2647,8799,Order,1:32:26,18
2648,2582,Delivered,4:12:20,4
2649,9278,Not Delivered,13:51:52,14
2650,3921,Order,"1 day, 0:53:59",20
2651,218,Not Delivered,3:06:39,17
2652,7958,Not Delivered,20:07:41,15
2653,1599,Delivered,12:59:39,20
2654,5964,Order,3:36:31,7
2655,9955,Delivered,14:00:34,16
2656,9055,Not Delivered,1:10:42,13
2657,9969,Delivered,"1 day, 0:59:21",3
2658,9657,Order,2:46:07,12
2659,2520,Not Delivered,6:47:48,3
2660,931,Delivered,3:21:31,16
2661,8046,Order,12:13:26,8
2662,2381,Order,1:46:10,5
2663,5098,Order,16:08:27,20
2664,7186,Delivered,"1 day, 0:07:10",13
2665,3264,Order,6:01:27,8
2666,2783,Order,19:38:58,17
2667,5265,Delivered,1:53:25,11
2668,3475,Order,23:00:11,5
2669,4279,Delivered,13:02:58,11
2670,1017,Delivered,23:20:17,12
2671,3667,Not Delivered,5:23:13,16
2672,4677,Delivered,10:27:49,11
2673,3129,Not Delivered,2:49:54,20
2674,4185,Delivered,14:53:06,9
2675,5066,Delivered,"1 day, 0:02:36",7
2676,4519,Not Delivered,7:55:12,8
2677,7439,Delivered,23:02:05,20
2678,7342,Not Delivered,1:06:24,5
2679,5993,Order,7:56:34,18
2680,7544,Not Delivered,4:29:12,9
2681,2573,Not Delivered,21:01:21,2
2682,5842,Order,3:14:34,5
2683,528,Not Delivered,19:15:33,7
2684,6572,Delivered,17:12:09,10
2685,1318,Delivered,12:53:45,6
2686,102,Delivered,3:40:18,1
2687,7861,Delivered,18:53:57,9
2688,2154,Not Delivered,19:47:27,7
2689,9656,Delivered,15:23:42,6
2690,3650,Delivered,6:04:21,2
2691,6449,Order,11:36:51,10
2692,3423,Order,19:57:50,18
2693,7615,Order,16:20:27,1
2694,5684,Order,6:10:34,13
2695,7067,Order,16:32:07,8
2696,5404,Not Delivered,21:24:59,6
2697,532,Delivered,5:46:30,13
2698,2182,Order,23:57:37,16
2699,8306,Not Delivered,16:14:10,5
2700,2879,Not Delivered,9:40:48,2
2701,8938,Not Delivered,3:14:40,1
2702,1609,Order,11:42:42,3
2703,8580,Order,5:20:59,14
2704,6774,Not Delivered,8:01:39,11
2705,2687,Not Delivered,19:51:21,19
2706,9414,Delivered,1:07:14,16
2707,7599,Delivered,11:34:18,13
2708,4032,Delivered,21:05:38,17
2709,4779,Not Delivered,18:27:11,16
2710,6966,Order,17:34:22,11
2711,582,Not Delivered,10:46:28,13
2712,7197,Not Delivered,6:42:00,11
2713,7544,Delivered,21:53:14,17
2714,1175,Not Delivered,23:45:16,11
2715,2408,Delivered,5:17:53,18
2716,5903,Delivered,21:55:22,12
2717,3676,Not Delivered,1:02:01,16
2718,5390,Order,22:45:51,13
2719,2242,Delivered,"1 day, 0:45:27",7
2720,5194,Order,1:42:51,14
2721,2389,Order,17:05:00,14
2722,2213,Order,8:39:12,4
2723,2397,Delivered,9:09:04,2
2724,7913,Order,22:56:50,18
2725,3789,Not Delivered,0:48:39,16
2726,2300,Delivered,18:36:37,7
2727,5905,Order,5:45:38,7
2728,7132,Order,18:19:41,15
2729,6589,Not Delivered,1:04:39,11
2730,2973,Order,5:09:21,2
2731,9733,Not Delivered,15:12:18,16
2732,5673,Not Delivered,"1 day, 0:33:26",7
2733,1367,Delivered,19:31:01,6
2734,4873,Order,20:07:01,6
2735,1059,Order,17:25:18,12
2736,605,Delivered,9:46:29,1
2737,4989,Delivered,8:44:41,1
2738,8663,Not Delivered,21:00:28,9
2739,3712,Delivered,2:19:18,1
2740,7716,Delivered,"1 day, 0:29:31",3
2741,2516,Delivered,19:52:27,19
2742,6113,Order,"1 day, 0:01:06",4
2743,4527,Not Delivered,18:34:16,20
2744,9221,Not Delivered,11:03:19,17
2745,239,Order,20:07:21,2
2746,850,Order,22:53:15,10
2747,7188,Order,6:49:03,19
2748,2708,Not Delivered,12:02:16,6
2749,9396,Order,0:14:26,5
2750,1031,Not Delivered,1:07:42,11
2751,4758,Delivered,17:20:05,10
2752,4893,Delivered,11:50:59,5
2753,5459,Order,"1 day, 0:30:09",7
2754,2717,Order,15:44:32,12
2755,5643,Order,9:20:12,12
2756,6755,Order,20:40:02,10
2757,2858,Order,22:20:13,9
2758,6891,Delivered,19:50:26,6
2759,7559,Order,12:41:25,13
2760,9875,Not Delivered,16:34:57,14
2761,246,Order,15:01:48,13
2762,3544,Not Delivered,3:28:12,9
2763,4909,Delivered,9:18:13,7
2764,1412,Delivered,13:55:58,7
2765,3472,Not Delivered,19:27:04,16
2766,8639,Order,17:52:11,5
2767,8511,Not Delivered,21:29:38,6
2768,3250,Not Delivered,4:22:34,3
2769,688,Order,1:56:45,19
2770,5442,Order,14:51:19,11
2771,6739,Order,3:32:05,16
2772,170,Delivered,5:45:26,10
2773,1462,Delivered,22:18:38,7
2774,7640,Delivered,8:26:00,10
2775,960,Not Delivered,23:32:18,11
2776,3159,Order,4:23:33,3
2777,4834,Order,7:13:53,6
2778,2483,Not Delivered,8:00:12,3
2779,3502,Not Delivered,4:01:48,18
2780,5277,Delivered,0:31:13,20
2781,8408,Delivered,9:35:04,10
2782,4850,Order,17:31:03,9
2783,1711,Not Delivered,5:03:13,11
2784,8755,Order,15:17:34,12
2785,3081,Delivered,5:18:04,12
2786,9272,Order,14:21:54,18
2787,5855,Delivered,18:32:44,10
2788,8708,Order,15:45:47,20
2789,7338,Order,16:29:12,19
2790,3632,Not Delivered,7:51:52,18
2791,6553,Not Delivered,12:58:47,20
2792,8468,Delivered,6:55:57,16
2793,8996,Delivered,3:02:26,16
2794,7005,Not Delivered,"1 day, 0:09:02",13
2795,2282,Not Delivered,6:52:57,5
2796,786,Order,0:09:54,20
2797,3186,Not Delivered,10:31:13,2
2798,1478,Not Delivered,14:50:05,2
2799,8067,Not Delivered,13:15:29,1
2800,749,Order,3:56:09,3
2801,1703,Not Delivered,3:26:08,13
2802,3434,Not Delivered,0:17:44,3
2803,1111,Not Delivered,1:12:42,1
2804,1093,Order,13:25:11,9
2805,8243,Delivered,13:10:48,3
2806,6480,Delivered,4:34:11,19
2807,8156,Not Delivered,17:19:23,11
2808,6571,Not Delivered,2:50:13,3
2809,4820,Delivered,6:29:11,2
2810,647,Not Delivered,14:52:39,20
2811,2677,Delivered,16:26:57,14
2812,8767,Order,"1 day, 0:35:32",19
2813,1686,Not Delivered,23:38:09,7
2814,7965,Delivered,18:03:21,14
2815,4865,Not Delivered,1:28:02,16
2816,9045,Not Delivered,9:48:51,9
2817,7649,Not Delivered,10:27:20,16
2818,7619,Delivered,12:18:12,17
2819,8573,Order,22:50:39,3
2820,3241,Delivered,9:44:04,17
2821,8065,Not Delivered,20:08:35,6
2822,3497,Not Delivered,22:22:05,20
2823,7161,Delivered,8:54:15,11
2824,4015,Order,11:03:33,3
2825,3696,Delivered,13:20:06,4
2826,4804,Delivered,12:46:23,17
2827,6110,Order,21:59:42,7
2828,8783,Delivered,"1 day, 0:32:32",20
2829,6592,Not Delivered,2:44:05,11
2830,5952,Not Delivered,20:35:52,11
2831,4143,Delivered,21:30:23,17
2832,3838,Delivered,17:26:07,16
2833,6225,Order,23:45:28,14
2834,5576,Order,"1 day, 0:47:22",9
2835,997,Delivered,0:13:57,8
2836,8105,Not Delivered,7:57:03,3
2837,6176,Not Delivered,22:12:57,7
2838,6374,Not Delivered,13:39:02,12
2839,463,Delivered,4:43:06,20
2840,7914,Delivered,"1 day, 0:28:53",6
2841,6351,Delivered,22:38:36,17
2842,1595,Order,5:45:03,19
2843,6179,Not Delivered,1:22:32,17
2844,599,Not Delivered,16:52:54,16
2845,1063,Order,13:29:12,8
2846,4878,Order,16:21:10,18
2847,1267,Delivered,7:48:13,13
2848,6897,Not Delivered,6:07:31,6
2849,8203,Delivered,14:55:15,16
2850,9433,Order,21:16:29,8
2851,1952,Delivered,16:33:44,4
2852,8654,Delivered,1:09:16,16
2853,337,Not Delivered,1:58:19,13
2854,4142,Not Delivered,0:52:22,3
2855,3473,Order,23:45:04,3
2856,8565,Not Delivered,13:59:33,11
2857,9717,Not Delivered,13:10:28,6
2858,5254,Order,13:27:35,8
2859,1590,Order,11:39:20,13
2860,3478,Order,19:34:47,1
2861,9580,Delivered,13:54:32,7
2862,2110,Not Delivered,4:53:44,5
2863,2512,Delivered,11:00:39,13
2864,5957,Delivered,21:06:16,15
2865,8323,Delivered,21:12:52,6
2866,3324,Delivered,12:44:25,5
2867,3933,Delivered,6:36:03,11
2868,3612,Order,13:19:28,10
2869,6454,Not Delivered,14:41:03,16
2870,8827,Not Delivered,18:11:53,6
2871,9095,Delivered,14:15:29,10
2872,5983,Not Delivered,19:38:36,17
2873,7170,Order,18:42:33,14
2874,4477,Order,6:02:52,18
2875,9926,Not Delivered,16:39:44,20
2876,6194,Order,20:37:25,12
2877,6528,Not Delivered,4:04:22,13
2878,7244,Not Delivered,14:44:12,4
2879,719,Delivered,10:13:57,3
2880,8272,Order,3:18:31,15
2881,7986,Not Delivered,19:29:03,11
2882,8759,Delivered,6:21:18,4
2883,5182,Not Delivered,14:46:17,9
2884,6532,Not Delivered,22:13:56,11
2885,1958,Delivered,19:46:37,1
2886,8851,Not Delivered,11:01:16,12
2887,8658,Not Delivered,12:57:23,12
2888,1258,Not Delivered,20:42:11,17
2889,8062,Order,19:32:52,16
2890,1640,Delivered,19:56:21,5
2891,1362,Not Delivered,7:13:59,12
2892,7535,Not Delivered,2:11:23,1
2893,9217,Delivered,14:50:46,7
2894,9701,Delivered,4:25:56,18
2895,8942,Not Delivered,14:22:56,15
2896,7210,Order,11:07:01,9
2897,7278,Delivered,0:48:37,15
2898,5038,Not Delivered,5:17:30,14
2899,5652,Not Delivered,6:50:14,19
2900,5587,Order,1:32:30,17
2901,908,Delivered,14:51:38,10
2902,4738,Not Delivered,2:32:03,1
2903,4929,Delivered,22:12:41,9
2904,6744,Not Delivered,19:57:41,20
2905,5432,Order,18:40:48,13
2906,4684,Order,12:26:13,5
2907,4478,Not Delivered,13:04:56,17
2908,6434,Order,9:26:56,4
2909,959,Order,"1 day, 0:18:17",1
2910,9331,Order,21:15:55,10
2911,241,Order,6:41:56,20
2912,6047,Delivered,20:33:38,20
2913,9881,Delivered,16:11:04,14
2914,2715,Order,1:29:41,9
2915,5102,Delivered,5:33:03,13
2916,916,Order,9:40:56,19
2917,6888,Order,14:44:06,10
2918,9556,Delivered,3:24:03,15
2919,6263,Order,18:02:19,18
2920,9744,Delivered,15:30:26,20
2921,7894,Not Delivered,16:59:40,5
2922,3682,Delivered,21:41:38,8
2923,2355,Delivered,0:51:00,20
2924,9126,Order,17:22:43,14
2925,4930,Not Delivered,14:36:55,4
2926,1523,Order,2:19:21,12
2927,5901,Delivered,0:56:59,3
2928,2527,Order,2:02:46,18
2929,4886,Delivered,2:09:20,20
2930,5175,Order,23:23:46,8
2931,2024,Not Delivered,9:20:19,14
2932,6050,Not Delivered,19:04:46,13
2933,9014,Not Delivered,17:02:03,4
2934,4800,Not Delivered,18:41:42,1
2935,9502,Order,19:47:42,4
2936,4153,Order,4:41:33,5
2937,1132,Delivered,16:54:58,9
2938,8986,Delivered,7:09:24,15
2939,2829,Not Delivered,8:00:17,19
2940,3604,Order,7:44:11,16
2941,1802,Order,20:56:01,6
2942,6978,Delivered,15:56:44,10
2943,218,Order,13:36:45,14
2944,8572,Delivered,3:29:36,19
2945,3376,Delivered,18:58:34,9
2946,3547,Delivered,6:29:19,8
2947,6184,Order,17:16:59,3
2948,753,Not Delivered,20:42:04,20
2949,3367,Delivered,5:57:20,6
2950,3542,Delivered,2:45:00,18
2951,2680,Not Delivered,8:23:06,10
2952,6123,Order,18:19:28,11
2953,599,Not Delivered,13:57:47,18
2954,6490,Delivered,4:17:04,16
2955,9442,Not Delivered,11:38:24,5
2956,9281,Order,20:32:28,2
2957,906,Delivered,11:31:10,9
2958,7990,Not Delivered,14:59:36,15
2959,4755,Delivered,9:06:39,14
2960,2773,Order,0:25:47,8
2961,8152,Not Delivered,7:52:29,18
2962,1139,Delivered,1:41:00,6
2963,571,Order,3:21:24,16
2964,6756,Not Delivered,11:17:02,14
2965,9219,Delivered,20:07:55,9
2966,3126,Delivered,9:10:35,7
2967,9632,Not Delivered,18:55:34,11
2968,7406,Delivered,10:03:44,17
2969,1837,Order,7:09:28,7
2970,2536,Order,17:13:55,14
2971,2012,Order,15:03:04,11
2972,584,Order,4:48:48,1
2973,5667,Delivered,10:17:33,7
2974,7960,Order,22:01:33,5
2975,7702,Delivered,2:07:16,9
2976,2032,Delivered,22:59:16,18
2977,1689,Not Delivered,13:09:55,20
2978,2172,Order,4:04:48,20
2979,715,Order,4:15:57,12
2980,5597,Order,6:49:47,11
2981,5776,Not Delivered,"1 day, 0:28:05",20
2982,9695,Order,"1 day, 0:04:13",11
2983,1048,Not Delivered,6:17:28,15
2984,296,Order,19:48:22,6
2985,2549,Not Delivered,15:50:15,14
2986,1836,Not Delivered,6:00:47,5
2987,3523,Delivered,13:21:07,5
2988,6795,Order,21:20:19,12
2989,4960,Order,10:41:04,14
2990,4804,Not Delivered,9:37:56,11
2991,1824,Delivered,2:56:51,10
2992,328,Delivered,3:25:45,2
2993,6596,Order,4:18:56,12
2994,595,Not Delivered,21:07:40,1
2995,6638,Delivered,16:02:07,19
2996,4174,Not Delivered,14:30:45,3
2997,3394,Not Delivered,8:09:31,6
2998,710,Order,18:50:07,6
2999,5651,Delivered,7:31:35,9
3000,8390,Delivered,17:13:53,9
3001,7353,Order,18:25:49,14
3002,5994,Not Delivered,16:01:36,9
3003,3345,Not Delivered,8:09:02,1
3004,3261,Not Delivered,13:16:16,18
3005,8569,Not Delivered,8:49:42,18
3006,6593,Order,17:44:06,14
3007,2781,Delivered,14:10:46,11
3008,9632,Order,10:00:14,6
3009,4225,Order,16:58:16,3
3010,2115,Not Delivered,13:02:52,2
3011,195,Not Delivered,3:30:57,8
3012,9558,Not Delivered,11:17:14,5
3013,9138,Not Delivered,9:00:44,3
3014,5152,Not Delivered,5:11:11,14
3015,830,Delivered,2:52:29,6
3016,3276,Delivered,8:15:30,5
3017,2973,Delivered,10:43:48,6
3018,9617,Order,8:18:15,20
3019,839,Delivered,7:11:37,7
3020,9880,Order,0:23:53,14
3021,201,Delivered,"1 day, 0:14:35",5
3022,867,Order,"1 day, 0:00:23",6
3023,6007,Order,8:09:41,20
3024,3835,Not Delivered,0:21:12,1
3025,3247,Delivered,9:50:02,1
3026,4732,Not Delivered,16:38:40,9
3027,5012,Not Delivered,10:03:36,17
3028,1054,Delivered,7:33:25,14
3029,9383,Not Delivered,7:17:25,13
3030,7167,Delivered,14:35:47,5
3031,664,Not Delivered,19:23:05,12
3032,4443,Delivered,22:41:53,4
3033,9571,Delivered,18:30:44,17
3034,7395,Delivered,21:12:52,7
3035,3604,Order,1:54:53,14
3036,1884,Delivered,9:05:06,10
3037,9119,Not Delivered,15:45:39,12
3038,1796,Delivered,17:20:58,2
3039,8272,Order,14:24:47,7
3040,6720,Delivered,1:17:33,6
3041,9686,Order,5:50:56,8
3042,7019,Order,11:24:21,17
3043,9384,Order,"1 day, 0:40:37",20
3044,9968,Delivered,5:43:27,16
3045,1991,Not Delivered,21:20:33,11
3046,5809,Not Delivered,7:52:34,10
3047,4999,Not Delivered,18:30:41,4
3048,1848,Order,18:52:13,1
3049,699,Order,18:34:41,3
3050,6843,Order,22:32:49,12
3051,6050,Order,6:32:17,7
3052,342,Order,5:57:41,17
3053,7055,Order,21:03:35,1
3054,7176,Order,19:35:32,8
3055,8737,Delivered,4:19:52,20
3056,1806,Delivered,11:45:41,11
3057,3510,Not Delivered,10:02:52,1
3058,9592,Order,4:06:33,9
3059,2323,Order,12:39:13,5
3060,5353,Not Delivered,11:40:07,8
3061,9440,Order,3:11:36,10
3062,2657,Not Delivered,0:32:23,20
3063,2386,Delivered,15:13:05,3
3064,9936,Order,20:22:47,16
3065,9477,Order,2:05:20,19
3066,3902,Delivered,22:59:40,8
3067,9649,Order,10:02:48,15
3068,8024,Not Delivered,"1 day, 0:31:05",18
3069,9820,Not Delivered,6:01:50,14
3070,4238,Delivered,4:48:35,8
3071,9568,Order,22:13:06,2
3072,1359,Not Delivered,15:24:55,4
3073,6673,Not Delivered,11:56:26,2
3074,8567,Order,14:11:16,4
3075,2999,Not Delivered,7:27:19,4
3076,4735,Not Delivered,1:02:44,3
3077,2927,Delivered,10:00:23,17
3078,2644,Order,18:24:35,6
3079,857,Delivered,11:29:36,6
3080,7500,Not Delivered,15:57:33,6
3081,224,Order,4:16:51,14
3082,9898,Not Delivered,10:06:19,8
3083,362,Not Delivered,19:46:12,17
3084,2933,Not Delivered,1:18:00,6
3085,500,Not Delivered,12:06:24,18
3086,8571,Not Delivered,23:12:07,13
3087,1788,Delivered,9:00:18,20
3088,3854,Order,23:12:47,19
3089,7425,Not Delivered,14:12:56,8
3090,3754,Order,1:19:44,11
3091,1023,Order,22:03:31,19
3092,5078,Delivered,11:48:53,7
3093,7105,Order,"1 day, 0:33:07",1
3094,1512,Order,23:15:48,15
3095,7298,Delivered,3:12:32,1
3096,8804,Order,11:41:17,5
3097,4801,Not Delivered,11:03:57,17
3098,1989,Delivered,3:46:59,17
3099,9895,Not Delivered,12:14:03,16
3100,7728,Order,10:50:49,9
3101,6126,Order,5:05:11,7
3102,8451,Order,16:22:01,2
3103,9624,Order,4:49:14,8
3104,9472,Not Delivered,5:07:01,20
3105,9747,Order,11:33:45,15
3106,6623,Delivered,3:14:10,6
3107,9165,Order,0:56:59,8
3108,7483,Not Delivered,19:47:14,20
3109,2011,Not Delivered,"1 day, 0:45:29",16
3110,5168,Not Delivered,3:13:23,17
3111,483,Not Delivered,19:57:29,8
3112,311,Not Delivered,7:16:31,3
3113,2205,Delivered,0:40:01,14
3114,6119,Not Delivered,11:46:14,15
3115,579,Delivered,6:25:51,3
3116,3665,Delivered,3:24:04,9
3117,6618,Order,10:15:12,7
3118,7097,Delivered,5:07:31,11
3119,6173,Not Delivered,19:53:23,8
3120,1763,Delivered,19:38:47,19
3121,114,Not Delivered,5:28:53,4
3122,1768,Not Delivered,16:59:52,15
3123,3535,Delivered,11:05:31,6
3124,3894,Delivered,12:22:51,15
3125,559,Delivered,18:04:17,9
3126,2308,Not Delivered,13:35:25,17
3127,1301,Not Delivered,5:36:43,12
3128,872,Delivered,0:34:36,2
3129,4295,Delivered,11:07:21,11
3130,801,Not Delivered,6:06:14,13
3131,8763,Order,20:22:36,14
3132,1914,Order,12:08:44,19
3133,2303,Order,8:25:41,16
3134,5696,Delivered,10:49:49,13
3135,181,Order,13:19:04,10
3136,4331,Not Delivered,2:02:06,6
3137,4358,Order,9:43:28,10
3138,2292,Delivered,0:16:35,18
3139,2624,Not Delivered,0:50:57,18
3140,8318,Order,12:58:26,7
3141,7160,Order,15:09:49,5
3142,4061,Order,3:11:58,19
3143,8899,Delivered,21:45:46,2
3144,5005,Not Delivered,17:58:25,9
3145,8423,Order,18:19:44,13
3146,599,Order,19:25:23,7
3147,2996,Not Delivered,23:54:08,11
3148,7256,Delivered,11:12:23,6
3149,3967,Order,10:31:58,9
3150,1061,Order,4:21:05,1
3151,6545,Not Delivered,12:19:56,16
3152,8792,Order,3:51:28,4
3153,4186,Delivered,22:53:12,19
3154,9781,Delivered,21:45:15,3
3155,9421,Delivered,12:14:33,16
3156,1177,Delivered,19:11:40,3
3157,3355,Delivered,"1 day, 0:27:57",15
3158,9675,Delivered,14:34:16,19
3159,6814,Delivered,20:28:08,16
3160,5719,Not Delivered,11:14:35,13
3161,7050,Order,"1 day, 0:58:34",4
3162,6880,Not Delivered,9:25:04,20
3163,3665,Delivered,15:30:37,15
3164,8849,Delivered,13:56:10,9
3165,9717,Delivered,9:58:46,13
3166,6953,Order,0:32:34,10
3167,2103,Order,14:55:12,7
3168,2914,Order,3:23:59,6
3169,7399,Order,5:17:55,7
3170,3582,Not Delivered,10:41:48,1
3171,954,Delivered,3:32:11,15
3172,711,Delivered,8:53:59,16
3173,2548,Not Delivered,2:36:51,6
3174,2188,Order,16:16:38,5
3175,1226,Delivered,22:17:54,5
3176,5017,Not Delivered,14:09:03,19
3177,1516,Order,6:54:22,19
3178,3845,Delivered,2:18:13,8
3179,7633,Delivered,15:59:33,9
3180,8795,Delivered,18:56:21,2
3181,7493,Not Delivered,21:27:24,13
3182,6351,Delivered,14:52:17,10
3183,1722,Not Delivered,9:10:01,7
3184,8282,Delivered,3:22:33,20
3185,6681,Delivered,14:22:19,7
3186,9060,Not Delivered,18:54:06,4
3187,932,Order,14:29:07,5
3188,6590,Delivered,10:54:58,19
3189,5181,Order,3:23:30,12
3190,5420,Not Delivered,11:09:19,2
3191,9903,Order,13:00:09,19
3192,2851,Not Delivered,21:19:51,17
3193,866,Order,5:22:15,1
3194,5702,Not Delivered,7:08:24,2
3195,9723,Not Delivered,"1 day, 0:57:50",1
3196,5494,Not Delivered,16:47:10,14
3197,596,Not Delivered,10:32:02,17
3198,8951,Order,8:51:00,14
3199,6988,Delivered,13:17:22,6
3200,485,Order,13:04:18,20
3201,4197,Order,11:42:32,12
3202,8398,Order,4:21:45,3
3203,3222,Order,2:05:54,13
3204,6154,Not Delivered,6:36:08,11
3205,9671,Not Delivered,6:37:32,14
3206,4471,Order,23:52:52,7
3207,1855,Delivered,19:02:02,7
3208,2822,Order,18:49:42,9
3209,5874,Not Delivered,1:44:03,2
3210,1619,Not Delivered,16:36:13,7
3211,2898,Order,7:49:38,2
3212,5867,Delivered,5:50:01,16
3213,2615,Delivered,12:39:26,3
3214,4389,Delivered,3:32:06,4
3215,8094,Not Delivered,21:03:50,10
3216,7610,Delivered,18:29:49,13
3217,8076,Order,21:07:57,2
3218,4291,Delivered,19:53:03,4
3219,8560,Not Delivered,16:10:20,12
3220,5756,Delivered,1:57:53,3
3221,8050,Delivered,21:08:51,7
3222,2211,Not Delivered,2:33:00,3
3223,3365,Order,23:37:31,4
3224,4402,Not Delivered,23:18:32,4
3225,8747,Order,23:19:36,18
3226,8072,Delivered,17:49:11,5
3227,903,Delivered,1:13:20,12
3228,4267,Not Delivered,21:55:10,11
3229,6973,Delivered,0:45:36,18
3230,2097,Order,1:46:06,16
3231,4593,Order,14:50:28,20
3232,2769,Order,6:54:42,6
3233,9656,Delivered,1:39:29,6
3234,7784,Delivered,7:15:01,2
3235,9068,Order,13:54:31,5
3236,708,Not Delivered,23:09:13,17
3237,183,Order,18:37:35,4
3238,411,Order,13:10:42,3
3239,9003,Delivered,1:58:31,3
3240,3130,Not Delivered,3:09:57,2
3241,7719,Order,10:22:27,10
3242,6383,Not Delivered,23:58:52,7
3243,3314,Delivered,5:03:46,18
3244,7848,Order,5:14:07,20
3245,562,Not Delivered,1:51:05,4
3246,9013,Delivered,4:23:44,19
3247,2379,Order,4:32:52,9
3248,3167,Delivered,8:59:05,4
3249,1717,Delivered,20:25:56,14
3250,6150,Order,14:41:35,13
3251,3284,Order,19:50:40,16
3252,105,Delivered,5:02:33,14
3253,6003,Delivered,2:45:21,10
3254,8939,Not Delivered,14:58:42,8
3255,9208,Not Delivered,3:25:13,11
3256,6986,Order,21:49:08,12
3257,5966,Order,1:06:04,10
3258,4880,Not Delivered,18:24:21,3
3259,1458,Order,2:00:10,20
3260,5332,Order,7:38:55,10
3261,224,Not Delivered,9:38:49,17
3262,9582,Not Delivered,15:08:27,17
3263,3256,Not Delivered,6:51:01,5
3264,2525,Not Delivered,10:19:30,16
3265,2611,Order,13:55:59,11
3266,2840,Not Delivered,1:28:27,8
3267,8572,Order,22:17:56,6
3268,9946,Order,6:21:16,18
3269,1141,Not Delivered,10:09:18,3
3270,1671,Not Delivered,8:22:03,5
3271,4701,Not Delivered,17:38:57,15
3272,6418,Delivered,22:07:01,3
3273,9430,Order,19:50:18,9
3274,9152,Delivered,14:59:53,10
3275,1282,Delivered,11:58:59,8
3276,3597,Order,11:29:25,4
3277,2747,Order,23:16:40,16
3278,1675,Not Delivered,10:40:49,19
3279,6405,Delivered,18:25:51,5
3280,5424,Not Delivered,5:26:08,13
3281,4319,Order,16:08:40,19
3282,5254,Not Delivered,21:32:31,5
3283,8696,Delivered,14:40:25,10
3284,7341,Delivered,14:43:14,7
3285,5182,Not Delivered,19:40:59,20
3286,1354,Delivered,17:06:51,8
3287,6050,Not Delivered,15:44:30,10
3288,7951,Not Delivered,7:43:09,15
3289,2421,Order,11:37:05,11
3290,7459,Not Delivered,4:49:40,16
3291,7889,Delivered,19:39:35,9
3292,1868,Order,1:08:45,14
3293,3810,Not Delivered,20:51:02,19
3294,2769,Delivered,3:41:05,1
3295,9706,Order,20:39:06,19
3296,1841,Order,"1 day, 0:13:31",19
3297,4263,Not Delivered,20:01:37,14
3298,6745,Delivered,21:39:40,13
3299,7691,Order,12:58:25,10
3300,5799,Delivered,21:16:36,15
3301,9661,Delivered,3:53:39,1
3302,9684,Not Delivered,18:29:52,7
3303,7829,Not Delivered,1:38:52,7
3304,3640,Order,9:08:16,16
3305,3844,Not Delivered,21:26:11,13
3306,8554,Not Delivered,18:35:24,13
3307,9301,Delivered,21:10:57,13
3308,7996,Order,14:26:54,6
3309,3527,Not Delivered,14:49:30,17
3310,9307,Order,23:03:00,8
3311,5790,Order,20:23:16,16
3312,889,Order,1:18:20,20
3313,8328,Delivered,13:11:59,1
3314,257,Not Delivered,14:38:28,1
3315,9265,Delivered,1:59:14,1
3316,1012,Order,7:11:17,14
3317,3171,Order,20:33:59,13
3318,842,Not Delivered,13:08:11,10
3319,2295,Not Delivered,21:41:24,4
3320,7139,Delivered,1:46:52,20
3321,6425,Not Delivered,17:03:47,10
3322,5644,Not Delivered,23:15:13,7
3323,4492,Not Delivered,18:14:45,18
3324,8916,Not Delivered,10:14:22,13
3325,9372,Not Delivered,13:56:03,13
3326,1799,Order,17:57:19,18
3327,286,Not Delivered,5:50:49,13
3328,9780,Delivered,10:21:58,2
3329,5515,Delivered,21:35:27,19
3330,3314,Order,21:25:23,14
3331,568,Order,22:35:55,6
3332,1530,Not Delivered,16:04:29,18
3333,4812,Delivered,6:09:27,11
3334,3627,Not Delivered,4:31:18,11
3335,290,Order,14:06:36,5
3336,5249,Order,12:56:15,13
3337,2925,Not Delivered,0:43:39,2
3338,8345,Not Delivered,7:21:52,19
3339,728,Order,12:13:46,9
3340,4948,Not Delivered,9:33:27,16
3341,2340,Delivered,21:05:09,15
3342,8718,Not Delivered,23:34:39,8
3343,2147,Delivered,5:35:53,7
3344,260,Delivered,11:41:36,17
3345,1738,Delivered,22:20:11,8
3346,918,Order,"1 day, 0:40:52",14
3347,6188,Not Delivered,1:38:43,16
3348,9957,Order,14:06:43,14
3349,4435,Order,14:33:20,18
3350,6243,Delivered,"1 day, 0:48:59",9
3351,9981,Order,19:40:27,3
3352,9364,Order,17:49:05,15
3353,4491,Delivered,"1 day, 0:49:48",19
3354,4613,Not Delivered,1:28:01,4
3355,4721,Order,2:21:45,9
3356,6468,Order,2:02:19,18
3357,6205,Delivered,16:16:59,9
3358,5028,Not Delivered,3:31:29,8
3359,6932,Order,22:04:41,10
3360,416,Order,18:53:56,4
3361,546,Not Delivered,12:21:18,1
3362,4076,Order,14:04:36,9
3363,1256,Delivered,2:18:01,3
3364,5734,Delivered,6:21:39,14
3365,9191,Order,5:37:35,17
3366,9548,Delivered,13:07:08,9
3367,8315,Order,9:03:59,3
3368,2176,Not Delivered,4:29:12,11
3369,9654,Delivered,16:13:54,11
3370,7019,Delivered,6:35:51,18
3371,6629,Delivered,21:22:25,12
3372,2051,Order,3:27:22,15
3373,7960,Delivered,10:12:54,13
3374,9706,Delivered,16:03:08,3
3375,4029,Not Delivered,8:53:17,18
3376,1256,Delivered,11:55:06,17
3377,378,Delivered,15:30:17,8
3378,3677,Not Delivered,10:43:38,3
3379,5436,Order,22:24:21,10
3380,6051,Order,12:07:05,17
3381,7064,Order,7:06:45,3
3382,824,Delivered,10:01:49,6
3383,6750,Not Delivered,1:43:09,7
3384,6367,Delivered,9:32:31,19
3385,2512,Order,13:51:32,17
3386,1809,Not Delivered,9:11:18,10
3387,1732,Order,23:19:19,16
3388,4552,Not Delivered,22:20:37,6
3389,3709,Delivered,19:24:44,3
3390,3655,Not Delivered,1:04:57,2
3391,6704,Not Delivered,6:51:20,5
3392,5143,Order,21:44:55,13
3393,9858,Order,6:37:08,10
3394,6534,Not Delivered,13:20:33,18
3395,1749,Order,10:37:18,19
3396,1637,Not Delivered,20:58:02,13
3397,9845,Delivered,7:35:26,17
3398,4687,Not Delivered,16:37:57,6
3399,6713,Not Delivered,13:52:41,8
3400,9805,Order,6:56:22,16
3401,5995,Delivered,2:04:10,12
3402,6948,Order,11:48:57,17
3403,8315,Not Delivered,22:04:30,15
3404,5441,Not Delivered,7:56:27,1
3405,7841,Not Delivered,11:50:43,18
3406,1058,Not Delivered,3:34:34,18
3407,555,Order,13:59:04,18
3408,6355,Delivered,18:21:06,9
3409,7187,Not Delivered,3:49:03,9
3410,5631,Order,19:26:37,13
3411,3187,Order,16:42:18,16
3412,8784,Order,6:10:01,2
3413,6138,Order,0:35:30,13
3414,2392,Order,10:12:53,20
3415,3693,Delivered,7:02:40,19
3416,2044,Order,10:52:42,15
3417,2861,Order,19:31:06,14
3418,9448,Order,21:53:19,1
3419,3979,Order,5:13:24,9
3420,2483,Not Delivered,17:32:02,2
3421,3775,Delivered,8:11:19,15
3422,3306,Not Delivered,14:03:33,16
3423,3758,Not Delivered,6:05:06,19
3424,4580,Order,1:27:09,1
3425,2091,Order,21:01:21,17
3426,7860,Not Delivered,18:19:05,7
3427,5108,Order,11:41:48,16
3428,9197,Order,7:26:10,7
3429,4866,Order,10:09:09,9
3430,4008,Delivered,9:27:27,18
3431,7185,Not Delivered,2:45:17,11
3432,1730,Order,16:21:30,15
3433,777,Delivered,12:12:24,12
3434,1161,Delivered,15:09:00,1
3435,2491,Delivered,4:18:26,2
3436,8872,Delivered,19:09:32,4
3437,3789,Delivered,7:34:45,11
3438,1405,Delivered,10:29:22,14
3439,5033,Delivered,23:34:46,2
3440,6267,Order,12:37:54,13
3441,5186,Delivered,7:55:15,6
3442,2433,Not Delivered,9:40:07,14
3443,2644,Order,19:07:16,19
3444,9442,Order,17:39:42,4
3445,7202,Order,1:20:20,13
3446,8494,Order,15:01:57,8
3447,2923,Not Delivered,6:36:40,2
3448,7443,Delivered,13:29:27,17
3449,2303,Delivered,2:55:03,20
3450,1067,Not Delivered,22:34:47,19
3451,6285,Not Delivered,13:15:57,19
3452,7574,Order,2:50:49,17
3453,7720,Not Delivered,2:03:00,5
3454,7909,Not Delivered,5:09:01,19
3455,4978,Order,13:29:50,18
3456,454,Delivered,17:56:37,19
3457,6728,Delivered,12:13:11,1
3458,8259,Not Delivered,17:33:01,10
3459,6579,Order,22:57:35,16
3460,9516,Order,9:07:44,3
3461,2710,Not Delivered,21:39:22,6
3462,3011,Order,7:15:19,6
3463,8719,Not Delivered,21:38:38,17
3464,9810,Order,23:19:24,12
3465,9470,Not Delivered,15:16:09,8
3466,8493,Delivered,0:51:19,9
3467,5579,Delivered,7:26:10,13
3468,2674,Delivered,7:33:43,1
3469,5549,Not Delivered,7:30:33,5
3470,7636,Delivered,4:21:13,17
3471,3441,Delivered,10:36:05,19
3472,4977,Delivered,21:30:59,18
3473,5573,Not Delivered,5:57:54,6
3474,4802,Delivered,0:23:52,20
3475,4255,Delivered,15:39:02,20
3476,4200,Order,6:29:58,13
3477,4892,Order,12:20:00,17
3478,8760,Delivered,21:00:31,17
3479,2690,Not Delivered,22:01:52,7
3480,9433,Not Delivered,1:33:04,14
3481,3455,Order,10:12:35,13
3482,9233,Delivered,22:37:25,7
3483,5342,Delivered,11:32:17,7
3484,1867,Delivered,14:53:23,10
3485,7716,Delivered,20:41:58,12
3486,2260,Order,9:31:11,1
3487,1522,Delivered,1:00:07,3
3488,9191,Order,13:39:11,9
3489,4917,Order,8:46:43,11
3490,6572,Delivered,10:11:02,10
3491,5482,Delivered,13:25:38,1
3492,7881,Not Delivered,17:57:16,11
3493,8539,Delivered,13:01:12,10
3494,7072,Order,18:05:36,5
3495,729,Not Delivered,5:38:37,20
3496,2604,Delivered,20:32:16,12
3497,5629,Order,2:10:24,10
3498,2632,Delivered,11:09:55,20
3499,8890,Delivered,15:25:35,13
3500,2159,Order,15:44:00,5
3501,1175,Order,8:07:09,13
3502,4682,Not Delivered,15:47:18,5
3503,311,Order,17:04:44,13
3504,3452,Not Delivered,19:59:05,2
3505,4430,Order,16:02:54,17
3506,3708,Order,10:18:35,3
3507,4312,Delivered,2:54:19,9
3508,6677,Delivered,16:50:08,12
3509,2617,Order,11:59:04,19
3510,5082,Order,17:20:54,16
3511,581,Delivered,1:30:14,4
3512,1346,Order,11:39:09,14
3513,6574,Delivered,19:31:28,8
3514,2253,Delivered,9:11:10,13
3515,595,Not Delivered,14:59:39,12
3516,8465,Order,9:40:56,16
3517,7544,Order,18:48:21,17
3518,4397,Order,3:57:32,15
3519,8232,Order,7:36:09,16
3520,6732,Not Delivered,7:33:34,20
3521,5294,Not Delivered,7:09:46,1
3522,7800,Order,13:33:24,4
3523,3801,Order,10:23:01,17
3524,268,Delivered,1:01:57,10
3525,3398,Not Delivered,2:11:01,9
3526,610,Order,8:30:30,19
3527,8460,Not Delivered,11:28:05,15
3528,7018,Delivered,0:44:34,5
3529,6729,Not Delivered,4:22:50,14
3530,4457,Not Delivered,22:05:46,5
3531,7441,Not Delivered,22:53:11,20
3532,6288,Order,13:12:02,12
3533,6308,Delivered,22:37:50,18
3534,8129,Order,3:48:38,13
3535,5677,Delivered,12:48:11,10
3536,5291,Delivered,20:24:53,7
3537,2449,Not Delivered,4:19:48,20
3538,8250,Delivered,4:51:31,20
3539,1212,Delivered,1:17:15,10
3540,4369,Delivered,9:47:49,11
3541,6403,Not Delivered,4:31:43,20
3542,8711,Delivered,1:18:29,16
3543,2806,Order,"1 day, 0:26:45",15
3544,1739,Delivered,15:22:32,3
3545,5877,Delivered,7:31:53,2
3546,5418,Order,2:02:12,5
3547,9471,Order,22:40:02,20
3548,7807,Order,18:45:21,14
3549,4124,Not Delivered,5:56:22,8
3550,3633,Not Delivered,12:06:55,17
3551,6398,Not Delivered,12:08:31,14
3552,5245,Delivered,12:55:13,3
3553,9990,Delivered,19:22:43,4
3554,1602,Order,15:11:52,20
3555,4428,Order,13:31:28,20
3556,1231,Delivered,11:18:34,5
3557,3536,Order,4:46:09,12
3558,3251,Order,8:34:12,5
3559,3930,Order,13:03:42,6
3560,1889,Not Delivered,21:08:39,15
3561,7398,Not Delivered,5:41:56,1
3562,1111,Order,19:41:43,12
3563,7834,Not Delivered,1:48:37,9
3564,390,Not Delivered,14:07:19,15
3565,6010,Not Delivered,12:35:30,6
3566,674,Not Delivered,4:56:39,3
3567,7706,Delivered,6:11:00,3
3568,1623,Delivered,22:19:51,12
3569,7504,Delivered,9:22:27,3
3570,1811,Not Delivered,5:08:25,6
3571,2076,Not Delivered,18:03:49,16
3572,862,Delivered,22:39:33,1
3573,1307,Delivered,14:05:33,9
3574,5277,Delivered,16:47:05,2
3575,323,Order,1:10:40,20
3576,5773,Order,3:54:21,11
3577,316,Order,9:39:29,9
3578,3865,Order,16:12:36,16
3579,851,Delivered,11:34:42,1
3580,7175,Delivered,13:20:12,7
3581,7389,Order,22:51:35,5
3582,7926,Delivered,22:12:03,9
3583,5382,Not Delivered,6:06:14,6
3584,184,Order,22:35:41,11
3585,8604,Not Delivered,22:32:07,13
3586,6681,Order,14:36:12,2
3587,7376,Order,18:02:00,11
3588,6468,Not Delivered,12:37:26,4
3589,9708,Not Delivered,11:07:12,10
3590,4885,Order,23:50:27,19
3591,3420,Not Delivered,15:21:39,14
3592,3995,Order,16:54:15,11
3593,1785,Delivered,7:37:48,1
3594,3624,Order,8:25:13,4
3595,9607,Delivered,6:11:36,17
3596,6654,Not Delivered,12:13:57,6
3597,286,Not Delivered,15:24:14,13
3598,8338,Not Delivered,11:13:45,3
3599,4930,Delivered,2:55:48,6
3600,7576,Order,13:38:51,19
3601,891,Delivered,7:00:38,5
3602,6765,Not Delivered,15:45:37,8
3603,3494,Delivered,22:16:40,6
3604,7100,Not Delivered,17:48:51,12
3605,1678,Delivered,"1 day, 0:43:15",6
3606,2140,Order,"1 day, 0:41:49",8
3607,981,Delivered,22:49:08,2
3608,5930,Order,0:05:14,5
3609,2600,Not Delivered,21:22:07,14
3610,9321,Not Delivered,12:47:44,7
3611,572,Not Delivered,9:51:31,7
3612,716,Order,5:57:04,13
3613,8420,Order,"1 day, 0:08:18",4
3614,3056,Not Delivered,6:19:39,15
3615,9147,Order,20:14:53,17
3616,7058,Order,22:44:01,10
3617,8436,Delivered,16:17:23,8
3618,1376,Order,15:33:54,15
3619,5067,Delivered,"1 day, 0:36:10",15
3620,2470,Order,11:39:55,6
3621,3827,Delivered,13:20:15,2
3622,9013,Delivered,23:16:21,12
3623,660,Not Delivered,0:46:44,8
3624,6852,Not Delivered,22:57:51,15
3625,2892,Order,16:23:40,9
3626,3037,Not Delivered,"1 day, 0:26:40",20
3627,536,Delivered,5:39:07,14
3628,3894,Delivered,10:22:06,13
3629,9632,Order,"1 day, 0:31:48",10
3630,6253,Delivered,21:02:03,20
3631,4055,Order,"1 day, 0:34:02",19
3632,7580,Order,21:37:06,18
3633,6588,Not Delivered,11:21:29,20
3634,9336,Order,14:22:13,10
3635,2826,Order,13:09:03,13
3636,4751,Not Delivered,19:21:33,5
3637,9090,Not Delivered,"1 day, 0:10:28",16
3638,257,Not Delivered,"1 day, 0:13:07",16
3639,5224,Order,6:59:18,13
3640,1629,Order,13:34:36,11
3641,4307,Delivered,6:55:44,17
3642,6345,Not Delivered,18:42:45,16
3643,1964,Not Delivered,14:11:46,7
3644,4826,Delivered,17:53:15,9
3645,7639,Delivered,8:37:58,1
3646,2264,Order,1:39:52,13
3647,7611,Delivered,16:58:43,8
3648,2459,Delivered,10:03:35,1
3649,3508,Not Delivered,21:54:00,16
3650,8334,Not Delivered,23:15:58,5
3651,803,Delivered,14:53:07,13
3652,7156,Order,2:08:53,12
3653,2113,Not Delivered,20:46:39,6
3654,7660,Delivered,0:56:39,14
3655,7099,Order,0:25:31,19
3656,6465,Not Delivered,"1 day, 0:30:50",20
3657,6612,Not Delivered,21:37:59,16
3658,7427,Not Delivered,21:50:30,18
3659,376,Delivered,1:38:07,19
3660,1196,Delivered,9:04:18,3
3661,8770,Not Delivered,21:33:02,5
3662,365,Delivered,21:10:48,15
3663,902,Not Delivered,13:54:27,6
3664,260,Not Delivered,4:49:37,11
3665,2297,Order,5:09:56,4
3666,9149,Not Delivered,"1 day, 0:22:26",11
3667,6743,Not Delivered,22:06:56,16
3668,9066,Delivered,2:52:40,3
3669,228,Delivered,20:40:37,5
3670,983,Delivered,4:44:18,7
3671,6575,Delivered,15:36:56,16
3672,8663,Not Delivered,20:49:43,4
3673,1017,Delivered,20:41:02,16
3674,388,Delivered,20:21:14,4
3675,1543,Delivered,13:36:06,15
3676,8994,Order,4:20:35,19
3677,4995,Order,5:16:17,4
3678,1602,Delivered,5:28:11,2
3679,8433,Order,13:44:25,8
3680,5536,Delivered,6:03:15,9
3681,4071,Delivered,12:33:12,14
3682,5395,Not Delivered,21:54:31,20
3683,9743,Delivered,13:50:00,1
3684,3294,Delivered,12:20:38,12
3685,3677,Order,21:02:10,2
3686,2342,Order,4:34:24,8
3687,2814,Delivered,23:18:50,9
3688,6929,Not Delivered,12:31:35,4
3689,3832,Order,17:52:35,12
3690,715,Delivered,17:50:41,4
3691,5976,Not Delivered,13:47:53,19
3692,7742,Order,23:43:57,16
3693,4788,Not Delivered,2:39:36,2
3694,3348,Order,19:31:26,9
3695,9503,Order,21:43:56,11
3696,9770,Not Delivered,21:31:56,16
3697,2686,Order,19:28:47,16
3698,6745,Delivered,15:56:12,15
3699,8782,Order,15:54:55,2
3700,5847,Order,15:26:30,20
3701,2590,Order,19:22:54,14
3702,5799,Delivered,22:44:00,1
3703,9269,Order,19:31:02,19
3704,3657,Delivered,2:29:41,14
3705,9167,Order,20:06:49,9
3706,6508,Not Delivered,14:42:36,13
3707,9313,Order,1:53:59,10
3708,1119,Not Delivered,9:28:00,16
3709,3458,Order,17:07:24,20
3710,2905,Not Delivered,22:33:56,11
3711,8319,Not Delivered,12:11:05,9
3712,5989,Not Delivered,13:53:05,1
3713,3025,Not Delivered,1:52:02,19
3714,2466,Not Delivered,17:52:36,20
3715,6121,Not Delivered,5:18:49,5
3716,4269,Order,13:39:05,18
3717,4021,Order,15:16:37,20
3718,8706,Delivered,1:48:37,12
3719,2111,Delivered,20:44:41,17
3720,4947,Not Delivered,1:32:52,4
3721,4710,Not Delivered,22:45:05,15
3722,4178,Delivered,7:12:52,2
3723,7066,Delivered,17:25:53,12
3724,3617,Order,6:31:55,15
3725,2407,Not Delivered,13:35:01,9
3726,4762,Delivered,16:23:51,10
3727,2478,Delivered,21:22:05,16
3728,4557,Not Delivered,23:36:55,10
3729,1678,Not Delivered,11:21:44,13
3730,8780,Not Delivered,14:56:36,9
3731,4476,Order,1:22:20,3
3732,417,Order,"1 day, 0:30:43",8
3733,8786,Delivered,0:42:23,10
3734,5235,Not Delivered,11:36:24,13
3735,6998,Not Delivered,10:28:51,3
3736,5150,Not Delivered,17:38:24,20
3737,9592,Delivered,"1 day, 0:26:18",5
3738,2349,Not Delivered,12:39:21,3
3739,4659,Not Delivered,9:34:56,12
3740,1864,Delivered,8:54:52,3
3741,1280,Delivered,15:46:09,3
3742,365,Order,12:16:13,20
3743,3682,Order,0:44:20,9
3744,2628,Delivered,9:52:50,10
3745,7876,Order,23:49:25,6
3746,430,Delivered,"1 day, 0:13:40",19
3747,4596,Delivered,3:02:52,20
3748,2147,Not Delivered,10:45:24,18
3749,7437,Delivered,19:41:01,20
3750,6494,Not Delivered,6:30:15,7
3751,9026,Order,12:42:34,5
3752,117,Order,4:40:05,11
3753,5060,Delivered,9:15:58,1
3754,9175,Order,"1 day, 0:17:37",17
3755,2620,Order,"1 day, 0:21:32",1
3756,8625,Order,14:21:42,6
3757,4840,Order,14:52:59,9
3758,8201,Order,13:40:09,4
3759,3305,Delivered,"1 day, 0:03:59",15
3760,9049,Not Delivered,3:10:23,7
3761,8957,Delivered,13:14:49,4
3762,3469,Not Delivered,14:34:46,6
3763,9855,Order,0:25:24,11
3764,9473,Not Delivered,11:07:05,14
3765,1914,Order,3:33:57,13
3766,8166,Not Delivered,1:03:28,19
3767,8903,Not Delivered,4:23:49,13
3768,2218,Delivered,8:26:02,9
3769,4250,Delivered,1:36:51,4
3770,1894,Delivered,5:25:33,6
3771,1324,Delivered,21:18:39,1
3772,8438,Order,12:55:25,11
3773,6997,Order,4:45:16,6
3774,2096,Delivered,23:02:49,8
3775,9265,Not Delivered,12:18:08,13
3776,4566,Delivered,18:39:59,12
3777,7442,Not Delivered,4:29:17,2
3778,5672,Not Delivered,1:35:33,20
3779,2229,Order,17:05:48,8
3780,5250,Not Delivered,3:43:11,13
3781,384,Delivered,0:51:22,12
3782,1820,Delivered,23:41:47,11
3783,764,Delivered,1:44:27,13
3784,8709,Not Delivered,12:53:33,18
3785,3287,Not Delivered,5:08:53,2
3786,6106,Order,9:43:10,1
3787,5367,Not Delivered,14:02:59,8
3788,7196,Order,15:36:43,7
3789,6629,Order,9:12:02,11
3790,5348,Delivered,15:23:36,12
3791,7354,Order,22:29:10,18
3792,9512,Order,9:45:01,5
3793,7888,Delivered,21:33:50,7
3794,3908,Order,9:47:03,18
3795,7500,Order,15:35:50,4
3796,5998,Delivered,11:52:33,12
3797,3858,Not Delivered,16:24:18,7
3798,5917,Not Delivered,20:35:13,6
3799,3615,Delivered,23:15:51,1
3800,8724,Not Delivered,8:15:22,15
3801,6189,Order,6:51:31,15
3802,9772,Not Delivered,23:29:35,13
3803,5056,Not Delivered,0:36:52,17
3804,8203,Delivered,22:08:41,20
3805,3550,Not Delivered,13:22:44,17
3806,373,Delivered,9:04:00,15
3807,391,Order,3:57:05,7
3808,9756,Delivered,9:47:21,11
3809,3439,Delivered,23:25:00,8
3810,3361,Not Delivered,8:24:20,15
3811,4766,Delivered,10:45:35,5
3812,6045,Not Delivered,13:19:29,1
3813,9892,Delivered,1:28:02,14
3814,1917,Not Delivered,"1 day, 0:01:50",11
3815,5926,Not Delivered,3:52:57,18
3816,692,Not Delivered,10:01:03,18
3817,5948,Delivered,17:55:09,15
3818,8357,Not Delivered,13:20:51,1
3819,1126,Delivered,7:05:02,19
3820,7423,Order,10:59:19,9
3821,9435,Order,5:58:50,15
3822,6171,Order,3:59:40,19
3823,6667,Order,22:28:40,15
3824,2149,Delivered,9:18:04,12
3825,6524,Not Delivered,2:30:58,6
3826,4943,Delivered,17:14:34,13
3827,1764,Order,21:09:51,16
3828,8015,Not Delivered,18:36:31,19
3829,3218,Order,4:42:27,19
3830,4051,Not Delivered,14:09:59,17
3831,4007,Not Delivered,1:11:12,12
3832,7760,Order,10:13:55,18
3833,4379,Delivered,14:56:33,15
3834,3142,Not Delivered,22:00:05,2
3835,3099,Delivered,3:11:15,9
3836,2693,Delivered,3:01:02,12
3837,5943,Order,21:35:32,19
3838,8159,Order,22:30:10,20
3839,4644,Delivered,8:08:24,5
3840,6045,Order,10:59:19,2
3841,2262,Delivered,10:24:31,19
3842,6436,Not Delivered,17:04:52,1
3843,6768,Delivered,10:57:23,9
3844,8283,Order,22:08:39,11
3845,6789,Not Delivered,21:21:39,20
3846,3408,Delivered,10:59:03,19
3847,9846,Delivered,22:40:42,8
3848,369,Not Delivered,9:42:48,6
3849,327,Not Delivered,20:26:07,10
3850,3159,Order,2:40:42,19
3851,6342,Delivered,14:03:08,19
3852,251,Order,9:13:53,13
3853,2095,Not Delivered,11:21:04,6
3854,8371,Delivered,1:09:33,9
3855,1160,Delivered,8:56:54,17
3856,9153,Order,14:13:37,5
3857,6480,Delivered,11:21:44,12
3858,8858,Order,15:14:34,20
3859,701,Delivered,3:24:55,11
3860,6685,Delivered,19:08:03,5
3861,2386,Order,0:53:20,5
3862,258,Order,1:26:46,10
3863,7103,Not Delivered,20:24:16,10
3864,8149,Delivered,12:09:28,14
3865,9430,Order,16:52:34,10
3866,9987,Not Delivered,11:46:51,19
3867,2514,Delivered,10:09:34,8
3868,6184,Order,9:18:34,13
3869,7683,Not Delivered,10:20:22,9
3870,9130,Not Delivered,18:34:57,12
3871,7874,Delivered,6:03:10,2
3872,1312,Not Delivered,4:07:44,3
3873,2458,Delivered,16:06:36,8
3874,9761,Order,1:00:26,17
3875,3889,Not Delivered,16:03:41,2
3876,9576,Delivered,2:12:22,12
3877,3884,Not Delivered,23:16:19,13
3878,3624,Order,12:05:58,2
3879,2889,Delivered,15:59:46,5
3880,1244,Not Delivered,22:16:28,16
3881,9629,Order,17:07:51,10
3882,6818,Delivered,18:00:24,4
3883,8785,Not Delivered,10:53:47,16
3884,4685,Not Delivered,5:22:54,20
3885,1926,Delivered,19:02:39,12
3886,592,Order,6:45:28,1
3887,6355,Delivered,21:52:27,2
3888,1721,Delivered,12:14:13,18
3889,3832,Not Delivered,22:32:23,2
3890,3550,Order,13:41:17,20
3891,398,Not Delivered,3:29:31,12
3892,7898,Not Delivered,9:01:22,18
3893,3423,Delivered,16:29:13,6
3894,7174,Order,12:36:27,17
3895,281,Not Delivered,6:49:20,6
3896,5706,Order,4:48:13,20
3897,867,Delivered,5:37:33,7
3898,7281,Order,22:08:10,12
3899,5354,Not Delivered,16:43:04,12
3900,9582,Not Delivered,"1 day, 0:11:17",14
3901,1521,Delivered,19:47:33,1
3902,9030,Order,6:53:35,14
3903,9396,Order,15:59:33,17
3904,3441,Delivered,8:32:32,11
3905,5037,Not Delivered,20:12:08,6
3906,2677,Not Delivered,5:30:40,13
3907,1003,Delivered,11:59:27,9
3908,8029,Order,23:26:49,15
3909,8247,Order,14:36:30,13
3910,1759,Delivered,12:42:34,17
3911,7921,Not Delivered,15:01:38,3
3912,6240,Delivered,21:59:42,2
3913,7722,Order,10:43:12,17
3914,7755,Not Delivered,13:37:06,11
3915,3203,Delivered,3:38:07,5
3916,7127,Order,11:38:14,1
3917,8607,Delivered,10:30:02,15
3918,7641,Delivered,10:22:42,6
3919,100,Not Delivered,13:46:12,6
3920,7569,Delivered,9:54:45,3
3921,791,Order,20:32:47,13
3922,1726,Order,0:55:16,8
3923,1832,Order,19:36:52,10
3924,6319,Not Delivered,18:46:21,9
3925,7500,Not Delivered,23:28:23,16
3926,7129,Delivered,19:40:36,9
3927,2496,Delivered,16:02:45,9
3928,2737,Not Delivered,5:28:59,12
3929,7479,Order,"1 day, 0:56:40",18
3930,6058,Order,12:04:34,5
3931,8199,Order,2:00:05,13
3932,5172,Not Delivered,13:31:25,17
3933,9627,Delivered,16:40:09,1
3934,7532,Delivered,0:52:33,2
3935,8157,Order,23:34:17,17
3936,8474,Order,6:53:17,7
3937,5061,Order,1:51:05,11
3938,516,Not Delivered,19:40:35,20
3939,4010,Not Delivered,19:28:00,1
3940,7475,Order,12:55:04,14
3941,1793,Not Delivered,10:06:21,16
3942,2539,Order,23:06:20,10
3943,4725,Not Delivered,7:00:55,16
3944,4512,Delivered,18:17:39,10
3945,7891,Order,20:09:50,4
3946,9265,Delivered,8:04:09,1
3947,244,Not Delivered,15:29:25,7
3948,3941,Order,17:44:35,7
3949,1312,Not Delivered,2:50:53,3
3950,5493,Not Delivered,16:05:48,6
3951,5788,Order,19:20:07,11
3952,6819,Delivered,11:09:23,10
3953,9135,Not Delivered,3:20:12,14
3954,3907,Not Delivered,23:14:14,11
3955,6181,Delivered,3:27:58,15
3956,3018,Not Delivered,7:41:42,7
3957,7495,Delivered,5:50:08,1
3958,2865,Delivered,7:50:49,16
3959,1319,Order,7:46:28,18
3960,9094,Delivered,11:27:28,12
3961,2735,Delivered,4:01:48,9
3962,4865,Order,18:13:19,3
3963,6224,Order,9:55:19,16
3964,5903,Delivered,7:13:22,13
3965,3807,Not Delivered,5:35:30,16
3966,4512,Not Delivered,21:46:51,13
3967,6692,Delivered,21:14:14,11
3968,1385,Not Delivered,2:25:30,6
3969,5390,Order,5:33:19,1
3970,6771,Delivered,4:30:13,15
3971,574,Not Delivered,4:21:54,19
3972,5431,Order,2:09:34,10
3973,4491,Order,10:51:23,15
3974,8578,Not Delivered,21:15:18,8
3975,7443,Order,18:34:48,15
3976,9975,Not Delivered,19:51:23,4
3977,781,Not Delivered,8:01:56,6
3978,7084,Delivered,21:22:07,12
3979,7703,Delivered,21:24:59,8
3980,670,Delivered,11:14:13,16
3981,9389,Not Delivered,17:36:14,1
3982,1437,Order,7:23:34,19
3983,8682,Not Delivered,23:33:56,17
3984,3287,Order,14:06:14,13
3985,8646,Not Delivered,"1 day, 0:49:51",10
3986,7388,Order,23:40:53,10
3987,2269,Order,11:04:02,5
3988,2458,Not Delivered,20:41:43,13
3989,1208,Delivered,15:19:41,14
3990,9136,Delivered,8:07:56,16
3991,1246,Not Delivered,15:11:20,2
3992,6555,Not Delivered,10:16:43,13
3993,1548,Delivered,22:39:00,3
3994,5032,Order,18:33:38,4
3995,3024,Not Delivered,"1 day, 0:41:27",2
3996,1979,Not Delivered,7:07:02,12
3997,7256,Delivered,6:31:38,1
3998,5518,Delivered,8:13:44,9
3999,3355,Delivered,16:22:19,3
4000,9658,Delivered,19:20:02,7
4001,4490,Order,7:10:56,19
4002,9410,Order,3:46:43,17
4003,4660,Not Delivered,9:27:02,6
4004,6594,Not Delivered,1:03:44,11
4005,6942,Delivered,21:36:09,14
4006,5701,Order,22:27:19,15
4007,1305,Not Delivered,5:40:19,7
4008,5326,Delivered,4:25:22,20
4009,3450,Order,0:17:27,18
4010,5085,Delivered,19:44:05,10
4011,9992,Order,17:29:18,17
4012,8715,Not Delivered,12:12:00,7
4013,3577,Order,5:35:03,9
4014,2473,Delivered,6:09:58,18
4015,2769,Order,1:13:08,14
4016,9355,Not Delivered,16:47:39,19
4017,1464,Delivered,20:39:25,20
4018,3692,Not Delivered,5:33:56,10
4019,2776,Not Delivered,23:24:45,3
4020,500,Order,14:23:19,6
4021,6413,Delivered,5:38:03,12
4022,4402,Order,5:20:01,15
4023,535,Delivered,14:24:26,16
4024,5293,Delivered,1:31:28,2
4025,1123,Not Delivered,17:13:37,3
4026,1162,Not Delivered,1:25:35,20
4027,6390,Order,3:05:23,5
4028,3135,Delivered,11:03:19,1
4029,9110,Delivered,22:40:23,14
4030,2833,Delivered,10:40:18,3
4031,8835,Order,2:58:11,7
4032,8411,Order,1:15:56,12
4033,100,Order,13:29:00,18
4034,4661,Not Delivered,2:31:20,2
4035,8719,Not Delivered,3:55:34,16
4036,1624,Delivered,19:53:55,17
4037,543,Order,21:53:55,1
4038,1733,Delivered,3:36:11,15
4039,5987,Order,11:45:25,9
4040,484,Order,1:12:33,1
4041,3819,Delivered,23:05:17,18
4042,8797,Delivered,6:04:53,9
4043,5700,Delivered,4:47:44,14
4044,7862,Not Delivered,1:16:29,4
4045,6145,Not Delivered,6:02:30,6
4046,7745,Order,14:21:57,18
4047,7050,Not Delivered,4:34:53,20
4048,4180,Order,0:07:42,2
4049,5675,Delivered,13:18:17,3
4050,470,Delivered,23:10:45,10
4051,6155,Not Delivered,22:11:20,3
4052,9073,Order,6:46:02,11
4053,4115,Order,13:20:24,15
4054,2764,Not Delivered,20:35:44,5
4055,9381,Order,0:15:55,7
4056,996,Delivered,11:41:45,16
4057,117,Not Delivered,3:02:18,3
4058,2371,Order,1:28:47,1
4059,5310,Order,14:03:52,12
4060,444,Not Delivered,"1 day, 0:32:13",3
4061,2108,Not Delivered,"1 day, 0:24:35",7
4062,9000,Delivered,17:12:41,14
4063,7036,Order,"1 day, 0:48:28",2
4064,1582,Order,3:31:15,9
4065,3092,Not Delivered,12:12:14,2
4066,4002,Delivered,12:09:08,12
4067,2281,Not Delivered,13:32:02,19
4068,161,Not Delivered,1:24:04,12
4069,1028,Delivered,5:01:23,16
4070,7028,Order,5:25:10,18
4071,1035,Delivered,21:34:56,12
4072,6154,Not Delivered,9:14:29,14
4073,3043,Delivered,2:21:40,6
4074,2444,Delivered,8:50:47,10
4075,4158,Order,15:53:04,5
4076,196,Order,16:03:09,17
4077,5604,Not Delivered,20:33:27,9
4078,8213,Delivered,10:37:10,15
4079,2448,Order,17:12:09,9
4080,928,Delivered,19:34:09,3
4081,677,Not Delivered,7:24:51,20
4082,6595,Not Delivered,23:34:38,15
4083,5316,Order,1:07:15,8
4084,7065,Order,6:48:03,17
4085,8330,Order,2:59:15,6
4086,7877,Delivered,12:33:06,9
4087,4564,Not Delivered,7:25:21,12
4088,3752,Order,20:38:25,18
4089,8215,Order,3:52:08,19
4090,3148,Delivered,12:57:22,10
4091,8422,Not Delivered,17:45:35,6
4092,913,Not Delivered,23:55:20,9
4093,5344,Order,6:18:42,6
4094,4860,Delivered,12:01:34,6
4095,386,Not Delivered,21:17:58,16
4096,3200,Delivered,2:17:09,7
4097,4275,Delivered,3:06:31,1
4098,5320,Order,22:19:51,18
4099,9009,Delivered,17:21:33,4
4100,8984,Not Delivered,13:16:34,19
4101,6950,Delivered,15:47:18,16
4102,4782,Order,18:15:07,7
4103,3769,Order,0:54:58,12
4104,1260,Delivered,8:20:48,15
4105,757,Not Delivered,1:35:45,11
4106,9820,Order,1:51:57,8
4107,8870,Not Delivered,1:26:31,13
4108,6501,Order,3:18:52,10
4109,7513,Not Delivered,19:28:54,16
4110,1934,Not Delivered,6:19:11,7
4111,5214,Order,17:06:58,7
4112,7604,Order,5:31:07,14
4113,6295,Order,23:37:31,8
4114,9827,Not Delivered,11:34:54,8
4115,7336,Order,4:26:16,6
4116,5596,Delivered,3:54:45,9
4117,4154,Delivered,4:20:23,13
4118,982,Not Delivered,7:01:02,16
4119,5377,Order,18:42:03,13
4120,2739,Not Delivered,11:46:00,2
4121,7674,Not Delivered,20:12:02,15
4122,1743,Not Delivered,14:32:28,15
4123,8188,Not Delivered,9:21:08,3
4124,1968,Delivered,11:56:03,12
4125,1135,Order,19:43:33,1
4126,1611,Order,1:20:46,5
4127,5056,Order,23:25:15,4
4128,6325,Not Delivered,1:48:43,13
4129,6621,Delivered,13:13:05,8
4130,8990,Order,6:58:31,8
4131,2542,Order,"1 day, 0:27:00",3
4132,8829,Order,5:15:57,18
4133,5205,Order,23:25:00,3
4134,7063,Not Delivered,7:54:44,15
4135,2171,Order,3:44:18,12
4136,9213,Not Delivered,4:42:41,10
4137,3979,Not Delivered,22:44:51,17
4138,7100,Order,10:20:27,18
4139,8743,Order,22:13:12,1
4140,8105,Order,9:22:31,1
4141,7039,Not Delivered,4:58:51,9
4142,4123,Not Delivered,4:32:31,15
4143,1847,Order,0:52:12,12
4144,7502,Delivered,13:55:17,12
4145,1950,Order,2:25:44,2
4146,1351,Order,12:44:50,11
4147,7484,Not Delivered,1:51:29,3
4148,1271,Delivered,16:31:41,17
4149,3621,Delivered,1:28:24,16
4150,9280,Order,3:57:28,7
4151,6512,Order,13:23:53,16
4152,4730,Not Delivered,19:04:53,6
4153,1413,Delivered,15:12:50,20
4154,2782,Order,19:10:48,11
4155,8259,Not Delivered,6:30:59,9
4156,5828,Order,10:28:39,17
4157,1837,Not Delivered,"1 day, 0:13:30",9
4158,821,Delivered,9:36:20,17
4159,126,Delivered,18:42:15,11
4160,2250,Delivered,1:29:01,2
4161,1205,Delivered,14:48:26,9
4162,5413,Delivered,9:17:20,10
4163,3813,Order,17:16:42,1
4164,2096,Not Delivered,15:28:12,17
4165,3714,Delivered,23:58:00,1
4166,8140,Delivered,12:13:31,20
4167,7253,Not Delivered,16:51:18,2
4168,3653,Order,14:45:50,16
4169,7264,Order,8:05:08,8
4170,3004,Delivered,17:35:16,8
4171,674,Order,"1 day, 0:41:54",11
4172,3234,Not Delivered,6:47:47,16
4173,9048,Order,11:45:34,6
4174,3171,Not Delivered,3:24:23,18
4175,6020,Not Delivered,0:23:15,14
4176,3878,Not Delivered,10:03:26,7
4177,1786,Delivered,9:59:04,20
4178,8451,Delivered,17:33:28,12
4179,1073,Delivered,11:47:13,20
4180,370,Not Delivered,20:41:08,7
4181,4420,Delivered,10:43:32,16
4182,484,Order,20:21:12,3
4183,5997,Not Delivered,8:44:18,10
4184,7533,Delivered,19:38:20,1
4185,3813,Order,4:55:35,2
4186,6686,Not Delivered,15:12:54,4
4187,3937,Delivered,9:18:02,2
4188,3736,Delivered,11:18:20,8
4189,6417,Order,10:30:04,9
4190,9620,Order,0:17:25,7
4191,6753,Delivered,6:50:05,18
4192,6125,Order,18:53:56,7
4193,4497,Not Delivered,7:39:03,17
4194,9520,Order,4:20:32,3
4195,8536,Not Delivered,12:44:11,15
4196,5118,Not Delivered,9:22:51,3
4197,5612,Not Delivered,20:35:40,9
4198,8792,Order,1:01:54,14
4199,2476,Delivered,5:00:27,14
4200,5047,Order,20:34:44,19
4201,4652,Order,3:28:03,4
4202,9747,Not Delivered,3:50:36,12
4203,6437,Delivered,13:12:36,8
4204,4443,Not Delivered,9:20:57,20
4205,9127,Not Delivered,7:36:43,7
4206,7150,Not Delivered,21:51:41,10
4207,8683,Order,13:25:49,1
4208,9862,Not Delivered,22:11:58,10
4209,8483,Delivered,9:42:04,6
4210,8224,Delivered,8:02:47,18
4211,9994,Delivered,14:40:14,20
4212,6190,Delivered,4:17:18,6
4213,4308,Order,10:25:24,16
4214,2490,Delivered,13:00:53,11
4215,9687,Order,14:30:01,16
4216,3243,Not Delivered,20:05:39,9
4217,1317,Order,11:44:15,1
4218,3263,Not Delivered,4:36:26,16
4219,3714,Delivered,17:48:10,4
4220,6413,Not Delivered,2:10:39,8
4221,4990,Order,8:26:02,5
4222,9425,Not Delivered,16:36:44,7
4223,2135,Order,15:28:28,2
4224,7449,Delivered,3:51:50,15
4225,676,Not Delivered,10:02:21,18
4226,6924,Order,7:28:08,8
4227,8978,Delivered,7:00:19,14
4228,9631,Not Delivered,18:22:38,5
4229,8052,Order,6:52:06,2
4230,1607,Not Delivered,22:39:33,15
4231,5037,Order,13:32:14,15
4232,9913,Order,6:25:06,6
4233,4340,Order,14:19:53,11
4234,9859,Delivered,0:05:56,15
4235,7163,Delivered,23:25:30,14
4236,8601,Order,13:28:13,13
4237,6975,Order,"1 day, 0:11:04",17
4238,4371,Order,23:48:05,19
4239,4514,Order,2:57:07,10
4240,5831,Order,0:32:11,12
4241,3097,Order,9:55:37,4
4242,5618,Not Delivered,20:22:18,8
4243,2552,Order,16:01:51,16
4244,5797,Delivered,12:36:32,3
4245,6221,Not Delivered,2:26:59,1
4246,9925,Not Delivered,10:08:53,18
4247,1044,Not Delivered,16:06:03,18
4248,894,Order,7:33:35,20
4249,6198,Delivered,"1 day, 0:59:25",9
4250,3106,Delivered,3:23:57,14
4251,439,Order,"1 day, 0:29:20",7
4252,9505,Not Delivered,3:21:44,4
4253,3530,Order,8:43:20,4
4254,4015,Not Delivered,8:52:14,14
4255,5819,Order,22:12:24,4
4256,2028,Delivered,6:33:06,16
4257,3437,Delivered,1:31:40,6
4258,5435,Delivered,6:25:36,9
4259,6489,Not Delivered,12:27:07,20
4260,4258,Not Delivered,12:06:28,10
4261,6720,Order,11:20:09,2
4262,2885,Not Delivered,14:18:10,3
4263,4507,Order,6:07:27,19
4264,7581,Not Delivered,4:46:54,16
4265,8795,Order,13:26:06,2
4266,4046,Delivered,19:22:46,4
4267,4685,Delivered,15:08:05,8
4268,5578,Not Delivered,21:14:20,12
4269,5761,Order,17:46:02,13
4270,6345,Order,19:33:26,4
4271,3413,Not Delivered,16:18:24,2
4272,2436,Not Delivered,"1 day, 0:59:30",17
4273,678,Not Delivered,3:00:34,10
4274,7712,Delivered,0:07:37,2
4275,4420,Delivered,15:47:59,3
4276,7411,Delivered,5:35:21,7
4277,7187,Not Delivered,"1 day, 0:53:17",16
4278,4411,Order,14:33:34,20
4279,3104,Not Delivered,15:14:30,5
4280,8717,Not Delivered,0:30:40,13
4281,4764,Order,22:49:12,12
4282,6315,Order,9:11:16,8
4283,8896,Order,13:40:00,12
4284,3759,Order,5:32:30,17
4285,2670,Delivered,20:25:00,20
4286,4519,Not Delivered,19:36:25,17
4287,4707,Not Delivered,19:38:30,6
4288,2193,Not Delivered,5:16:28,12
4289,2560,Order,22:41:46,11
4290,8839,Order,9:12:55,9
4291,2752,Not Delivered,5:57:53,18
4292,2425,Order,21:14:09,17
4293,1809,Delivered,"1 day, 0:38:20",12
4294,952,Not Delivered,11:40:43,10
4295,821,Not Delivered,22:15:12,18
4296,6306,Order,6:40:58,1
4297,5857,Order,7:12:38,15
4298,1366,Not Delivered,20:57:41,10
4299,6539,Not Delivered,6:58:33,20
4300,7585,Order,12:22:19,9
4301,5112,Order,16:50:05,14
4302,1513,Order,11:51:58,14
4303,6594,Delivered,2:47:14,5
4304,6548,Order,8:44:50,12
4305,8407,Not Delivered,10:24:56,19
4306,5234,Not Delivered,11:24:31,2
4307,458,Not Delivered,5:16:15,2
4308,6816,Order,13:36:27,4
4309,3748,Order,22:35:39,17
4310,1458,Delivered,5:53:22,18
4311,8747,Delivered,6:27:50,11
4312,4788,Delivered,1:07:20,7
4313,877,Delivered,23:40:49,13
4314,9132,Not Delivered,17:07:45,9
4315,7280,Order,11:48:48,12
4316,1081,Not Delivered,17:52:01,6
4317,6264,Order,5:14:49,4
4318,7629,Not Delivered,16:39:06,6
4319,1312,Not Delivered,5:53:29,6
4320,3797,Delivered,17:14:35,1
4321,2298,Not Delivered,9:30:35,14
4322,4144,Order,9:52:21,19
4323,4345,Order,8:02:52,12
4324,1105,Delivered,16:14:26,10
4325,1974,Order,13:19:40,6
4326,4026,Not Delivered,11:14:26,7
4327,8222,Order,0:22:32,17
4328,6717,Delivered,16:25:26,7
4329,9922,Not Delivered,12:49:52,18
4330,4409,Order,2:53:28,1
4331,7120,Delivered,15:54:45,6
4332,5994,Delivered,19:53:40,17
4333,4985,Not Delivered,10:09:28,13
4334,8664,Not Delivered,16:45:17,2
4335,8531,Order,11:21:58,15
4336,2644,Not Delivered,6:37:53,12
4337,9755,Delivered,11:44:44,12
4338,437,Order,2:55:55,2
4339,2296,Delivered,22:42:37,6
4340,1947,Not Delivered,12:51:03,8
4341,5168,Not Delivered,17:35:22,20
4342,4461,Delivered,5:21:03,11
4343,1965,Not Delivered,13:47:21,12
4344,7578,Not Delivered,9:14:09,16
4345,2322,Order,11:01:55,2
4346,4103,Not Delivered,1:37:22,3
4347,5911,Order,22:47:11,11
4348,8712,Not Delivered,19:57:19,9
4349,356,Not Delivered,10:54:52,4
4350,6180,Order,12:37:58,16
4351,1774,Not Delivered,6:11:18,4
4352,2182,Delivered,3:11:24,18
4353,1067,Delivered,23:29:39,13
4354,451,Order,14:55:52,4
4355,247,Order,13:01:29,17
4356,5364,Order,5:43:23,13
4357,9657,Delivered,22:16:55,20
4358,6523,Delivered,9:04:56,20
4359,6399,Delivered,20:11:02,16
4360,8497,Not Delivered,5:08:53,12
4361,555,Order,9:18:31,9
4362,5005,Order,6:40:57,20
4363,9437,Order,12:47:27,14
4364,3387,Order,2:31:36,12
4365,3779,Order,12:55:51,4
4366,3817,Order,"1 day, 0:38:35",20
4367,6853,Not Delivered,6:42:36,19
4368,9027,Order,15:42:17,16
4369,8801,Not Delivered,20:05:14,5
4370,9107,Order,9:53:15,15
4371,3866,Delivered,4:38:14,8
4372,3765,Not Delivered,10:53:49,18
4373,1795,Order,18:11:31,19
4374,5567,Not Delivered,5:11:58,8
4375,8480,Delivered,7:08:09,1
4376,174,Not Delivered,17:24:55,14
4377,341,Not Delivered,18:54:48,6
4378,9236,Order,23:10:36,5
4379,9839,Order,16:46:02,19
4380,2488,Order,21:10:32,15
4381,9125,Delivered,16:30:37,6
4382,7375,Not Delivered,7:57:27,7
4383,3240,Delivered,13:47:06,11
4384,3158,Order,15:01:30,14
4385,7662,Not Delivered,17:42:42,3
4386,2979,Delivered,17:35:56,2
4387,3854,Delivered,22:55:14,5
4388,7904,Not Delivered,16:43:27,7
4389,3731,Not Delivered,11:24:50,11
4390,961,Not Delivered,"1 day, 0:38:20",18
4391,6375,Order,2:51:21,1
4392,5985,Delivered,17:21:26,7
4393,4597,Order,18:03:59,6
4394,5887,Delivered,18:02:08,5
4395,3769,Not Delivered,14:29:50,4
4396,5150,Not Delivered,20:21:27,15
4397,8737,Order,11:38:34,6
4398,4395,Order,4:48:52,7
4399,3293,Order,20:08:02,11
4400,6261,Delivered,4:46:05,13
4401,9221,Order,19:12:29,11
4402,9989,Delivered,3:56:23,4
4403,718,Not Delivered,4:25:52,4
4404,6782,Not Delivered,5:05:18,4
4405,6311,Not Delivered,17:57:08,12
4406,4947,Order,16:14:28,15
4407,4250,Not Delivered,3:03:10,7
4408,8956,Not Delivered,0:13:39,17
4409,5177,Order,7:44:35,13
4410,428,Delivered,23:59:19,5
4411,6033,Order,19:26:57,10
4412,6953,Order,21:08:49,15
4413,2555,Order,3:35:51,13
4414,5871,Order,9:45:26,15
4415,6486,Not Delivered,21:54:51,14
4416,8956,Not Delivered,20:56:01,15
4417,8047,Not Delivered,16:27:24,19
4418,9804,Order,4:46:04,2
4419,2164,Delivered,14:50:51,10
4420,6067,Delivered,8:11:45,16
4421,1957,Not Delivered,8:59:07,12
4422,7709,Delivered,11:19:57,8
4423,4208,Order,22:36:50,5
4424,6376,Order,20:40:06,13
4425,6075,Not Delivered,20:05:41,8
4426,3793,Order,15:40:08,17
4427,4182,Delivered,12:51:23,7
4428,5792,Not Delivered,0:45:08,6
4429,5282,Delivered,20:47:33,11
4430,8043,Delivered,1:26:10,5
4431,8760,Order,12:38:18,8
4432,9240,Not Delivered,19:08:19,14
4433,207,Not Delivered,17:45:55,14
4434,2766,Order,9:47:41,3
4435,1761,Not Delivered,3:33:49,6
4436,1765,Delivered,2:47:57,4
4437,2708,Not Delivered,17:17:04,11
4438,5992,Not Delivered,7:28:33,7
4439,8065,Order,19:14:14,1
4440,5337,Delivered,8:18:12,8
4441,7327,Not Delivered,6:33:53,15
4442,8236,Not Delivered,5:01:40,8
4443,7626,Delivered,4:46:47,13
4444,534,Delivered,13:56:15,12
4445,8804,Delivered,3:50:47,4
4446,2359,Delivered,8:51:04,17
4447,3691,Order,14:11:55,4
4448,9521,Not Delivered,7:07:22,7
4449,3546,Not Delivered,4:53:48,5
4450,8834,Delivered,12:42:31,1
4451,799,Delivered,9:34:44,12
4452,9062,Delivered,3:06:18,2
4453,9356,Delivered,0:24:37,5
4454,5350,Order,6:05:06,16
4455,390,Order,0:50:38,6
4456,3366,Delivered,5:57:53,18
4457,9900,Order,5:15:45,14
4458,969,Delivered,16:27:32,10
4459,9120,Delivered,14:29:49,4
4460,2930,Not Delivered,4:46:02,4
4461,263,Delivered,18:07:49,11
4462,7355,Order,20:38:11,6
4463,3842,Order,21:21:16,6
4464,9922,Not Delivered,11:35:41,8
4465,9263,Order,16:24:58,11
4466,4918,Delivered,20:56:08,16
4467,7424,Delivered,1:43:28,14
4468,7102,Order,2:20:30,1
4469,6807,Delivered,5:16:49,17
4470,1370,Order,20:02:43,19
4471,1561,Order,23:48:47,2
4472,3596,Order,8:05:03,12
4473,2791,Order,0:07:06,15
4474,5084,Not Delivered,18:18:57,19
4475,2193,Not Delivered,22:41:55,17
4476,8994,Not Delivered,12:39:04,15
4477,2734,Order,9:38:39,19
4478,6231,Not Delivered,"1 day, 0:00:27",17
4479,5030,Delivered,17:15:43,16
4480,597,Delivered,5:40:27,18
4481,4239,Not Delivered,4:25:42,14
4482,6509,Delivered,6:54:54,2
4483,7553,Order,4:30:47,16
4484,349,Order,8:02:00,4
4485,442,Not Delivered,13:39:54,3
4486,2028,Delivered,20:20:17,19
4487,6208,Order,0:49:25,3
4488,7552,Delivered,1:15:11,1
4489,4330,Not Delivered,12:55:38,5
4490,9921,Order,21:01:00,20
4491,7911,Delivered,20:16:00,17
4492,5737,Delivered,6:22:36,19
4493,3118,Delivered,"1 day, 0:24:14",18
4494,2484,Order,5:25:14,6
4495,2802,Not Delivered,9:58:58,16
4496,716,Not Delivered,4:00:05,14
4497,2675,Not Delivered,9:53:12,10
4498,1932,Order,12:28:45,14
4499,440,Order,0:53:01,12
4500,566,Order,1:50:16,9
4501,3256,Order,18:25:50,14
4502,217,Delivered,8:43:58,8
4503,2164,Not Delivered,23:14:34,1
4504,9726,Delivered,4:41:38,15
4505,6812,Not Delivered,3:53:19,13
4506,3269,Order,5:30:53,19
4507,1269,Not Delivered,3:50:35,4
4508,6934,Order,6:40:10,4
4509,722,Not Delivered,18:21:11,15
4510,1411,Not Delivered,14:11:09,7
4511,9937,Order,7:03:16,11
4512,6238,Order,5:03:45,3
4513,9410,Delivered,17:01:06,5
4514,2216,Delivered,11:58:06,13
4515,9223,Not Delivered,12:26:11,12
4516,5443,Delivered,22:59:12,17
4517,2356,Order,22:14:06,7
4518,9783,Delivered,10:36:10,15
4519,354,Order,13:24:08,2
4520,3767,Delivered,3:05:16,17
4521,8114,Delivered,18:36:26,2
4522,1885,Not Delivered,15:03:23,2
4523,1425,Delivered,8:32:27,14
4524,588,Delivered,17:17:19,12
4525,9169,Order,23:34:07,6
4526,9593,Delivered,22:34:36,12
4527,2069,Delivered,2:40:43,8
4528,9730,Delivered,15:46:18,15
4529,9656,Order,9:52:31,1
4530,5086,Delivered,22:50:50,3
4531,3187,Not Delivered,1:26:27,4
4532,9550,Order,8:43:09,18
4533,1006,Delivered,13:05:58,7
4534,5020,Delivered,"1 day, 0:47:25",11
4535,5152,Not Delivered,17:36:53,6
4536,7317,Not Delivered,12:00:05,12
4537,3837,Order,19:05:50,11
4538,2639,Not Delivered,9:44:47,6
4539,8569,Not Delivered,19:01:20,14
4540,1460,Delivered,20:08:16,13
4541,9471,Not Delivered,20:56:18,11
4542,1587,Delivered,20:17:54,20
4543,1285,Delivered,8:17:29,16
4544,620,Delivered,15:51:26,10
4545,8835,Order,19:51:08,15
4546,9646,Order,"1 day, 0:10:50",11
4547,1381,Not Delivered,9:08:45,3
4548,9623,Order,0:18:35,4
4549,9571,Delivered,3:21:03,11
4550,9035,Order,17:00:13,8
4551,4757,Delivered,17:38:33,17
4552,3361,Not Delivered,15:43:08,10
4553,3744,Delivered,19:18:31,3
4554,2048,Order,14:46:05,17
4555,885,Not Delivered,4:16:05,6
4556,6161,Order,4:50:32,15
4557,1398,Not Delivered,14:43:22,10
4558,4458,Not Delivered,"1 day, 0:36:31",7
4559,3134,Order,9:55:22,6
4560,1038,Delivered,11:41:03,18
4561,5144,Order,5:36:14,12
4562,6484,Not Delivered,8:01:27,6
4563,4143,Delivered,4:03:34,14
4564,1307,Delivered,7:48:32,7
4565,391,Delivered,17:28:59,6
4566,2945,Order,14:01:21,4
4567,5790,Order,2:14:49,17
4568,2669,Not Delivered,12:12:05,18
4569,620,Not Delivered,5:51:38,10
4570,7512,Order,22:01:35,9
4571,6801,Not Delivered,8:11:28,15
4572,1225,Not Delivered,23:48:52,18
4573,9158,Order,"1 day, 0:57:52",2
4574,9235,Not Delivered,0:42:27,10
4575,9759,Delivered,8:20:22,19
4576,3257,Not Delivered,11:41:59,14
4577,2674,Delivered,"1 day, 0:31:24",1
4578,7118,Delivered,11:29:07,4
4579,2316,Not Delivered,9:27:33,10
4580,8846,Order,14:30:58,5
4581,1481,Order,23:21:11,4
4582,6327,Not Delivered,12:19:06,18
4583,4879,Delivered,12:02:38,4
4584,6592,Order,19:10:13,1
4585,2412,Delivered,5:10:41,15
4586,5626,Delivered,22:53:26,9
4587,7310,Order,3:07:01,12
4588,2819,Delivered,7:00:36,10
4589,1631,Order,20:20:07,1
4590,1200,Delivered,4:12:44,16
4591,227,Order,20:22:43,15
4592,8935,Not Delivered,16:40:55,17
4593,2973,Order,9:17:47,12
4594,4320,Not Delivered,6:04:23,9
4595,149,Order,6:37:05,6
4596,4679,Delivered,17:24:34,14
4597,2818,Not Delivered,"1 day, 0:05:26",19
4598,9234,Delivered,21:56:08,12
4599,9588,Not Delivered,5:40:17,13
4600,8563,Delivered,10:01:45,6
4601,4493,Delivered,21:49:38,17
4602,2205,Not Delivered,19:40:29,3
4603,8139,Order,20:41:37,2
4604,2971,Order,15:30:02,18
4605,5959,Delivered,18:02:02,12
4606,1154,Delivered,11:14:44,4
4607,6883,Delivered,6:47:13,7
4608,4072,Not Delivered,21:40:53,10
4609,224,Not Delivered,0:54:51,5
4610,9975,Not Delivered,16:02:48,12
4611,9970,Order,6:21:49,8
4612,2029,Not Delivered,11:27:34,3
4613,6569,Order,3:39:26,15
4614,3727,Delivered,3:39:29,5
4615,9005,Not Delivered,0:35:24,6
4616,8201,Not Delivered,22:11:33,7
4617,4139,Not Delivered,4:10:37,2
4618,2069,Not Delivered,4:15:56,12
4619,6521,Not Delivered,"1 day, 0:41:32",12
4620,688,Order,15:48:47,16
4621,742,Order,7:40:13,2
4622,8288,Order,14:58:38,15
4623,5367,Not Delivered,8:11:33,17
4624,4318,Not Delivered,9:40:14,17
4625,1125,Not Delivered,8:11:14,17
4626,9219,Not Delivered,6:02:37,12
4627,4488,Order,23:31:22,13
4628,5710,Order,7:15:11,14
4629,1433,Order,5:47:17,7
4630,9439,Delivered,22:23:41,13
4631,5221,Delivered,11:48:28,13
4632,3693,Order,4:58:29,2
4633,6029,Order,15:03:46,2
4634,4662,Order,19:50:21,13
4635,6461,Order,6:35:25,2
4636,3599,Not Delivered,7:05:55,18
4637,9103,Delivered,3:01:41,20
4638,6799,Delivered,13:30:44,19
4639,5327,Not Delivered,21:55:47,7
4640,5179,Order,17:36:02,2
4641,1419,Not Delivered,2:45:44,17
4642,6517,Not Delivered,9:36:03,9
4643,6493,Order,2:47:12,15
4644,2577,Delivered,20:59:45,3
4645,1549,Delivered,7:07:38,15
4646,8945,Order,20:08:54,4
4647,901,Delivered,17:06:38,9
4648,7496,Delivered,17:54:01,13
4649,6429,Delivered,9:05:37,3
4650,3637,Delivered,14:52:36,9
4651,2296,Order,14:00:02,2
4652,5847,Delivered,20:57:33,9
4653,2436,Not Delivered,16:28:46,17
4654,1171,Delivered,6:45:16,7
4655,8537,Delivered,"1 day, 0:25:58",17
4656,7904,Order,13:20:17,20
4657,4666,Not Delivered,12:01:31,10
4658,3373,Delivered,17:19:46,10
4659,5069,Delivered,4:22:31,16
4660,7534,Not Delivered,"1 day, 0:06:14",4
4661,2627,Not Delivered,17:16:11,16
4662,9525,Order,2:31:00,2
4663,3217,Not Delivered,20:03:07,10
4664,6142,Order,23:12:23,5
4665,1705,Not Delivered,12:55:30,7
4666,2646,Order,9:37:12,8
4667,1173,Delivered,18:05:39,20
4668,4675,Delivered,10:56:33,17
4669,1091,Delivered,20:27:35,3
4670,8987,Order,11:35:17,12
4671,1159,Order,3:40:20,11
4672,1179,Order,"1 day, 0:16:59",2
4673,3346,Delivered,12:05:26,16
4674,3731,Not Delivered,2:19:10,18
4675,6787,Order,10:18:40,6
4676,2612,Order,17:04:40,15
4677,2635,Order,17:55:20,5
4678,8528,Order,23:13:18,19
4679,5610,Order,0:35:13,6
4680,9680,Delivered,14:23:15,18
4681,1564,Delivered,17:55:21,16
4682,6766,Not Delivered,5:22:39,12
4683,3705,Not Delivered,19:22:00,4
4684,7766,Order,2:01:09,19
4685,2063,Delivered,22:32:14,6
4686,5628,Not Delivered,21:08:07,6
4687,9804,Delivered,7:34:47,11
4688,5477,Not Delivered,"1 day, 0:12:08",15
4689,9157,Order,14:23:14,18
4690,8371,Not Delivered,7:17:20,11
4691,8120,Order,14:36:00,6
4692,9497,Not Delivered,7:09:42,4
4693,6951,Delivered,7:29:46,3
4694,4357,Delivered,18:24:15,5
4695,625,Delivered,16:02:02,14
4696,8981,Delivered,9:47:59,8
4697,5197,Delivered,8:23:21,16
4698,1916,Not Delivered,6:11:41,11
4699,6171,Order,8:48:30,10
4700,9467,Delivered,22:32:01,4
4701,4023,Order,16:30:29,10
4702,1087,Order,8:49:49,4
4703,7909,Order,4:29:39,5
4704,4974,Delivered,10:13:07,20
4705,6990,Order,15:00:58,6
4706,7563,Not Delivered,11:56:36,17
4707,5299,Order,19:28:10,7
4708,2151,Order,9:57:03,3
4709,5363,Not Delivered,11:33:22,19
4710,6112,Not Delivered,11:23:22,6
4711,5009,Not Delivered,10:43:50,17
4712,3015,Order,21:39:48,7
4713,3426,Delivered,11:02:58,2
4714,2772,Order,6:13:22,5
4715,4144,Order,19:46:52,15
4716,7425,Delivered,16:54:25,13
4717,2944,Not Delivered,1:18:17,16
4718,4633,Delivered,15:57:08,18
4719,3773,Order,16:16:05,20
4720,8693,Order,16:38:22,12
4721,2967,Not Delivered,2:47:55,11
4722,4482,Order,0:08:33,3
4723,1454,Order,14:37:43,8
4724,7842,Order,14:49:14,8
4725,7852,Order,1:00:29,16
4726,1614,Delivered,23:40:26,12
4727,4151,Not Delivered,10:48:57,13
4728,1818,Delivered,8:31:51,14
4729,9885,Order,19:19:53,6
4730,9392,Not Delivered,"1 day, 0:05:21",1
4731,2629,Delivered,3:44:29,1
4732,9516,Delivered,16:39:15,13
4733,6077,Not Delivered,1:51:53,10
4734,9403,Delivered,8:03:12,16
4735,315,Not Delivered,23:12:26,16
4736,1183,Order,3:21:05,6
4737,9224,Not Delivered,16:38:03,15
4738,878,Order,10:19:27,8
4739,8571,Delivered,21:44:06,11
4740,1206,Delivered,19:54:16,12
4741,7006,Not Delivered,6:50:02,19
4742,795,Not Delivered,0:07:27,10
4743,1442,Delivered,11:17:48,11
4744,4520,Not Delivered,19:23:22,10
4745,9855,Not Delivered,6:22:19,1
4746,8977,Not Delivered,12:05:12,17
4747,2516,Order,17:07:08,18
4748,4675,Order,13:24:58,20
4749,1460,Not Delivered,10:34:22,11
4750,922,Not Delivered,6:54:33,11
4751,4796,Delivered,6:32:45,14
4752,1871,Delivered,14:26:56,14
4753,2447,Delivered,13:52:10,14
4754,2572,Delivered,18:41:38,12
4755,5456,Not Delivered,10:34:41,18
4756,4062,Delivered,10:50:10,8
4757,4616,Delivered,"1 day, 0:33:52",6
4758,5656,Order,4:57:17,19
4759,943,Order,8:20:10,9
4760,8446,Order,22:37:37,14
4761,2010,Not Delivered,"1 day, 0:07:11",6
4762,817,Delivered,17:05:37,16
4763,2003,Delivered,7:37:17,13
4764,3518,Order,4:52:30,6
4765,436,Not Delivered,13:43:20,17
4766,5481,Delivered,0:07:53,15
4767,4115,Order,16:40:56,12
4768,5742,Order,17:11:00,6
4769,2799,Not Delivered,7:09:36,17
4770,3045,Order,5:37:05,3
4771,103,Not Delivered,11:52:56,1
4772,1621,Order,17:11:10,2
4773,3743,Order,10:36:43,19
4774,2235,Not Delivered,4:26:57,16
4775,7405,Delivered,2:38:21,3
4776,1838,Order,2:43:20,11
4777,5759,Delivered,10:11:32,19
4778,1589,Not Delivered,3:28:05,20
4779,7532,Delivered,4:32:27,17
4780,6642,Delivered,5:49:38,4
4781,5933,Delivered,3:18:23,5
4782,8280,Not Delivered,7:03:36,8
4783,165,Not Delivered,23:36:45,5
4784,982,Not Delivered,11:01:11,18
4785,5166,Not Delivered,21:56:02,14
4786,2118,Delivered,20:55:07,2
4787,8974,Order,7:42:30,8
4788,6708,Not Delivered,12:51:30,1
4789,3663,Delivered,23:21:36,8
4790,2683,Order,16:36:20,3
4791,7541,Delivered,4:55:13,4
4792,396,Order,8:01:55,5
4793,2851,Order,0:12:24,1
4794,1990,Not Delivered,13:39:00,15
4795,1553,Delivered,11:15:01,5
4796,491,Order,5:13:29,15
4797,338,Not Delivered,2:42:55,20
4798,7820,Order,20:52:26,17
4799,6683,Delivered,16:21:50,3
4800,973,Not Delivered,16:56:28,6
4801,6315,Order,15:46:58,3
4802,9951,Order,15:41:40,15
4803,9598,Not Delivered,20:39:05,14
4804,9601,Not Delivered,21:28:53,20
4805,2026,Delivered,19:15:45,17
4806,2348,Delivered,12:47:17,19
4807,7030,Order,1:33:47,8
4808,3396,Not Delivered,8:22:29,6
4809,1332,Order,22:20:01,20
4810,8866,Delivered,15:27:32,17
4811,3677,Not Delivered,16:46:13,19
4812,6611,Not Delivered,19:09:10,2
4813,8753,Delivered,12:12:25,13
4814,9466,Order,22:29:54,20
4815,956,Delivered,8:31:45,8
4816,109,Not Delivered,9:02:14,4
4817,4897,Order,20:52:23,17
4818,7165,Not Delivered,23:03:52,5
4819,4065,Order,21:39:55,7
4820,3334,Order,0:27:52,6
4821,5105,Delivered,6:46:54,11
4822,717,Not Delivered,8:39:47,2
4823,9788,Delivered,3:09:03,17
4824,342,Delivered,3:59:49,2
4825,8988,Order,7:56:37,2
4826,7430,Delivered,11:43:04,7
4827,564,Delivered,21:48:58,15
4828,2763,Order,0:58:00,9
4829,8225,Delivered,"1 day, 0:41:35",15
4830,4460,Delivered,13:53:42,14
4831,4849,Order,14:03:01,19
4832,2909,Delivered,23:25:33,8
4833,1237,Not Delivered,14:36:36,7
4834,5667,Delivered,7:59:14,2
4835,5321,Order,10:42:01,12
4836,7741,Delivered,16:12:16,10
4837,9929,Not Delivered,18:16:45,11
4838,8176,Order,5:43:33,9
4839,6575,Delivered,7:02:46,14
4840,1900,Delivered,12:12:09,10
4841,1071,Not Delivered,22:13:12,15
4842,9000,Not Delivered,11:14:52,11
4843,5046,Not Delivered,6:05:35,3
4844,2641,Delivered,21:46:59,1
4845,9727,Order,18:16:47,14
4846,4621,Order,11:10:24,4
4847,6948,Order,18:30:55,10
4848,402,Order,7:41:46,12
4849,2068,Order,10:37:30,19
4850,8490,Order,15:16:26,8
4851,7190,Not Delivered,5:08:43,4
4852,7395,Not Delivered,6:57:25,16
4853,8662,Not Delivered,2:32:30,2
4854,9359,Not Delivered,4:38:47,12
4855,9463,Not Delivered,1:58:55,5
4856,2660,Delivered,13:39:29,3
4857,1887,Not Delivered,11:17:01,16
4858,9008,Order,7:26:40,1
4859,4929,Not Delivered,14:01:10,11
4860,4364,Not Delivered,19:13:08,20
4861,8999,Not Delivered,12:34:07,19
4862,292,Delivered,3:12:56,1
4863,3435,Order,19:37:43,6
4864,1933,Order,2:32:00,15
4865,8808,Delivered,9:26:43,19
4866,6790,Order,0:23:11,15
4867,3024,Order,1:08:26,15
4868,5413,Not Delivered,13:42:04,3
4869,8338,Delivered,19:55:15,3
4870,2392,Delivered,18:18:15,13
4871,7347,Delivered,20:30:12,12
4872,7005,Not Delivered,0:16:14,8
4873,7724,Not Delivered,23:07:41,12
4874,497,Order,14:33:43,19
4875,2226,Order,15:08:34,15
4876,582,Not Delivered,20:18:00,5
4877,8466,Order,10:21:46,12
4878,1465,Delivered,14:06:11,4
4879,6360,Order,3:52:03,9
4880,9305,Order,7:41:15,18
4881,1669,Delivered,1:10:35,3
4882,1932,Not Delivered,20:46:54,20
4883,8102,Not Delivered,1:05:17,7
4884,598,Order,8:00:14,10
4885,3413,Not Delivered,5:41:09,18
4886,814,Delivered,0:07:54,7
4887,5074,Order,13:34:23,19
4888,8931,Order,17:31:58,6
4889,1553,Order,21:51:47,2
4890,7818,Not Delivered,8:56:47,19
4891,7934,Not Delivered,14:42:59,1
4892,4309,Not Delivered,3:05:03,17
4893,4797,Order,23:36:56,19
4894,5940,Delivered,13:11:21,18
4895,4568,Not Delivered,7:35:01,7
4896,1464,Not Delivered,5:56:27,2
4897,6898,Delivered,1:44:59,13
4898,6653,Order,17:14:25,5
4899,7692,Order,6:55:00,8
4900,7953,Not Delivered,11:12:00,20
4901,9866,Not Delivered,12:25:57,12
4902,3311,Delivered,22:14:58,5
4903,8387,Order,15:49:40,14
4904,6071,Not Delivered,11:41:34,3
4905,8019,Delivered,11:20:35,2
4906,2970,Not Delivered,15:43:25,1
4907,9372,Not Delivered,12:39:49,9
4908,1990,Order,11:58:02,5
4909,264,Order,8:57:21,6
4910,3103,Not Delivered,23:04:15,15
4911,6437,Not Delivered,19:20:03,1
4912,3922,Not Delivered,20:56:17,17
4913,7992,Delivered,7:51:36,2
4914,2010,Order,19:27:28,2
4915,1087,Not Delivered,22:13:55,10
4916,4502,Delivered,"1 day, 0:46:05",16
4917,1468,Not Delivered,17:03:09,4
4918,7436,Delivered,20:33:14,6
4919,4580,Delivered,18:14:42,8
4920,3889,Delivered,5:58:48,1
4921,2415,Delivered,12:52:51,19
4922,8571,Order,1:58:25,14
4923,9461,Delivered,17:05:27,7
4924,9235,Delivered,9:13:26,13
4925,2658,Delivered,8:48:43,7
4926,1804,Not Delivered,18:05:16,13
4927,375,Order,15:37:09,11
4928,9283,Delivered,13:15:03,19
4929,3243,Not Delivered,21:13:25,10
4930,9271,Order,4:29:29,13
4931,522,Not Delivered,2:14:26,18
4932,2459,Delivered,9:43:01,9
4933,9356,Not Delivered,20:09:20,4
4934,5389,Delivered,17:46:17,19
4935,6287,Delivered,11:47:09,16
4936,1398,Delivered,2:35:05,15
4937,2359,Delivered,16:15:13,8
4938,166,Delivered,22:56:13,19
4939,9598,Not Delivered,15:59:43,14
4940,7361,Not Delivered,9:50:32,18
4941,8654,Not Delivered,18:12:54,14
4942,6241,Not Delivered,10:45:27,9
4943,841,Not Delivered,11:35:31,7
4944,6923,Not Delivered,0:13:02,17
4945,8702,Order,0:13:38,18
4946,1232,Order,15:20:43,20
4947,3416,Order,8:27:55,14
4948,9272,Order,8:43:06,8
4949,1359,Not Delivered,23:34:49,20
4950,860,Order,5:31:53,5
4951,1712,Not Delivered,2:55:18,19
4952,8441,Not Delivered,7:57:29,18
4953,6232,Order,8:18:34,3
4954,6692,Delivered,4:28:25,8
4955,1142,Not Delivered,3:49:25,4
4956,4734,Not Delivered,3:08:18,2
4957,3602,Delivered,1:23:29,1
4958,7439,Not Delivered,7:30:07,4
4959,7683,Not Delivered,23:00:49,7
4960,9538,Not Delivered,0:26:43,16
4961,9779,Not Delivered,10:02:53,14
4962,6045,Order,15:44:13,5
4963,3851,Order,19:09:50,15
4964,5475,Delivered,13:54:46,13
4965,5638,Not Delivered,11:52:59,13
4966,2533,Delivered,0:45:10,7
4967,916,Delivered,9:54:03,3
4968,4089,Not Delivered,2:36:20,1
4969,3358,Order,1:45:33,8
4970,2420,Delivered,13:33:12,8
4971,206,Not Delivered,19:34:44,19
4972,8459,Delivered,4:49:16,11
4973,3219,Order,11:32:17,20
4974,862,Order,22:15:25,11
4975,311,Not Delivered,4:59:49,6
4976,4610,Not Delivered,21:18:02,13
4977,6358,Order,"1 day, 0:13:58",20
4978,6174,Delivered,8:12:16,19
4979,7995,Delivered,17:10:49,8
4980,121,Not Delivered,10:08:57,20
4981,6889,Not Delivered,5:18:45,10
4982,2681,Order,15:42:11,7
4983,512,Delivered,10:55:55,20
4984,628,Delivered,9:57:36,12
4985,9256,Order,12:02:01,12
4986,2109,Order,9:58:51,20
4987,1855,Order,8:43:50,17
4988,1924,Delivered,14:44:18,18
4989,4467,Not Delivered,23:09:26,3
4990,4068,Delivered,16:01:51,12
4991,5394,Order,12:08:41,7
4992,8908,Delivered,3:58:45,8
4993,8441,Not Delivered,6:51:24,9
4994,6366,Order,"1 day, 0:29:45",19
4995,4672,Not Delivered,2:11:37,19
4996,8755,Delivered,22:50:48,12
4997,6935,Order,10:03:46,5
4998,3686,Not Delivered,11:27:05,2
4999,9902,Delivered,12:50:51,14
5000,7905,Not Delivered,10:24:46,3
5001,7049,Not Delivered,7:10:33,2
5002,4370,Delivered,21:41:39,3
5003,5708,Order,19:19:18,15
5004,6553,Not Delivered,14:00:44,19
5005,4016,Order,9:01:07,9
5006,7012,Not Delivered,15:12:55,5
5007,8261,Order,14:32:02,5
5008,4235,Delivered,10:35:21,12
5009,3652,Order,17:12:53,9
5010,7199,Delivered,17:41:34,6
5011,1238,Not Delivered,23:36:55,15
5012,4268,Not Delivered,4:50:23,12
5013,2572,Order,23:32:46,12
5014,3063,Not Delivered,15:12:14,12
5015,4206,Delivered,8:27:28,5
5016,8105,Order,7:53:45,2
5017,7525,Not Delivered,2:19:16,18
5018,9696,Order,8:33:19,15
5019,2760,Order,3:20:22,4
5020,3931,Delivered,"1 day, 0:36:16",17
5021,3917,Delivered,12:58:55,9
5022,8760,Order,22:58:12,2
5023,4253,Order,3:22:52,8
5024,7615,Not Delivered,19:22:53,14
5025,7720,Order,1:35:42,2
5026,4615,Not Delivered,5:29:18,19
5027,7584,Delivered,18:44:20,12
5028,9735,Not Delivered,14:41:08,18
5029,218,Not Delivered,0:23:16,12
5030,9850,Order,3:57:09,2
5031,2577,Not Delivered,16:09:57,17
5032,3145,Delivered,14:18:45,11
5033,7708,Order,6:04:04,2
5034,2108,Not Delivered,8:19:09,2
5035,8506,Not Delivered,5:28:08,4
5036,8355,Order,17:48:17,15
5037,7660,Order,20:15:42,13
5038,2508,Not Delivered,5:54:24,20
5039,923,Delivered,7:02:11,8
5040,392,Not Delivered,10:10:40,10
5041,4322,Delivered,21:20:14,12
5042,4357,Order,14:19:52,17
5043,5269,Not Delivered,7:00:01,17
5044,1199,Not Delivered,6:55:49,10
5045,4709,Not Delivered,1:55:38,17
5046,7152,Not Delivered,11:02:00,11
5047,2756,Delivered,4:38:09,9
5048,6325,Not Delivered,5:39:38,7
5049,8830,Not Delivered,11:51:34,19
5050,2880,Delivered,16:41:02,14
5051,6649,Order,21:48:55,4
5052,9238,Order,2:52:34,16
5053,3903,Order,4:20:10,3
5054,1809,Delivered,10:42:47,8
5055,3229,Not Delivered,"1 day, 0:26:01",17
5056,9838,Delivered,2:42:35,11
5057,7410,Not Delivered,4:20:24,17
5058,9208,Not Delivered,2:21:17,9
5059,7423,Not Delivered,8:25:41,4
5060,9405,Delivered,23:12:49,17
5061,8216,Delivered,12:58:38,10
5062,9019,Not Delivered,18:26:01,8
5063,2259,Not Delivered,"1 day, 0:21:32",9
5064,6129,Delivered,16:34:01,1
5065,8782,Delivered,5:37:39,13
5066,946,Delivered,3:23:44,10
5067,3889,Not Delivered,3:07:15,15
5068,6755,Order,19:59:50,1
5069,7397,Order,20:43:58,9
5070,5810,Order,22:27:09,13
5071,2845,Not Delivered,10:54:44,11
5072,3849,Delivered,9:15:18,14
5073,4841,Not Delivered,11:24:42,14
5074,970,Not Delivered,3:17:40,18
5075,633,Delivered,1:48:08,14
5076,7015,Delivered,4:00:49,16
5077,6306,Not Delivered,21:38:34,11
5078,4127,Order,9:01:43,16
5079,618,Order,22:06:56,13
5080,1731,Delivered,0:40:05,4
5081,3334,Delivered,5:23:40,6
5082,7357,Order,12:30:17,19
5083,816,Not Delivered,22:17:58,9
5084,6539,Delivered,1:23:13,11
5085,3752,Order,9:55:36,18
5086,4769,Not Delivered,11:32:21,3
5087,2109,Order,21:05:42,8
5088,941,Order,5:49:52,14
5089,374,Order,15:13:05,10
5090,7425,Not Delivered,22:37:50,3
5091,1561,Delivered,12:56:28,20
5092,5047,Delivered,7:11:55,14
5093,2524,Delivered,10:02:38,19
5094,920,Delivered,12:43:35,14
5095,7070,Not Delivered,12:21:18,16
5096,5187,Order,12:24:41,17
5097,5908,Order,2:04:09,14
5098,1313,Not Delivered,16:26:36,6
5099,7205,Not Delivered,18:21:16,11
5100,5188,Order,20:13:00,20
5101,1831,Delivered,"1 day, 0:52:24",12
5102,316,Order,15:28:41,10
5103,5573,Order,13:42:56,1
5104,1772,Not Delivered,13:56:21,14
5105,7048,Delivered,0:50:27,6
5106,6882,Not Delivered,"1 day, 0:53:13",18
5107,9367,Order,13:10:09,3
5108,3987,Not Delivered,20:04:56,17
5109,2911,Delivered,7:17:28,17
5110,1256,Order,9:41:40,19
5111,2675,Not Delivered,14:20:33,10
5112,170,Order,1:45:22,18
5113,2325,Delivered,9:01:12,9
5114,4256,Delivered,20:02:07,12
5115,5738,Order,21:29:59,11
5116,9993,Not Delivered,"1 day, 0:41:18",20
5117,6868,Not Delivered,8:05:26,7
5118,2774,Order,5:57:34,5
5119,7006,Delivered,14:15:51,20
5120,9894,Order,18:24:21,11
5121,4558,Delivered,23:09:22,6
5122,3244,Delivered,0:29:01,13
5123,5727,Delivered,17:32:31,16
5124,2148,Delivered,16:44:42,2
5125,1000,Not Delivered,1:33:00,1
5126,338,Not Delivered,19:22:01,18
5127,5237,Not Delivered,6:47:38,15
5128,4020,Delivered,9:56:35,5
5129,6486,Order,19:29:31,17
5130,5856,Not Delivered,23:23:38,11
5131,2633,Not Delivered,17:31:31,3
5132,9688,Not Delivered,7:08:10,2
5133,5398,Not Delivered,20:23:01,13
5134,7774,Not Delivered,18:07:00,17
5135,2492,Delivered,14:56:04,15
5136,1365,Delivered,22:02:59,18
5137,6504,Order,22:35:27,11
5138,2905,Delivered,6:05:08,8
5139,2123,Order,"1 day, 0:02:20",8
5140,1129,Not Delivered,15:17:37,6
5141,2083,Order,1:22:57,18
5142,575,Order,3:18:46,15
5143,7927,Delivered,23:23:32,12
5144,4564,Delivered,4:46:43,3
5145,9999,Delivered,4:56:49,14
5146,1528,Not Delivered,9:23:12,1
5147,5767,Delivered,4:48:25,5
5148,8497,Not Delivered,5:36:52,2
5149,2895,Order,12:24:34,2
5150,7692,Order,"1 day, 0:09:16",14
5151,4511,Not Delivered,4:39:23,5
5152,6311,Not Delivered,1:41:58,8
5153,9310,Delivered,19:37:54,20
5154,9327,Not Delivered,20:57:35,10
5155,1501,Order,11:50:54,13
5156,6352,Order,22:50:01,8
5157,6855,Order,1:07:29,3
5158,1033,Delivered,4:38:40,16
5159,8937,Order,0:32:26,1
5160,4687,Delivered,16:19:49,7
5161,3336,Not Delivered,14:05:06,15
5162,5530,Not Delivered,18:21:42,1
5163,4870,Not Delivered,2:39:37,4
5164,6841,Delivered,10:42:53,14
5165,7525,Order,6:43:45,15
5166,6721,Order,6:31:25,8
5167,6290,Order,16:44:22,10
5168,7486,Order,11:30:31,13
5169,620,Not Delivered,4:16:05,13
5170,3959,Not Delivered,18:12:30,13
5171,1020,Delivered,9:27:26,18
5172,4839,Order,7:04:02,6
5173,5607,Order,0:28:53,13
5174,6580,Delivered,21:13:45,14
5175,6892,Not Delivered,4:00:54,3
5176,8053,Delivered,12:39:27,18
5177,6014,Not Delivered,8:44:30,14
5178,3257,Order,15:25:39,15
5179,4461,Not Delivered,12:16:44,14
5180,8474,Order,9:40:35,2
5181,7601,Not Delivered,8:00:57,13
5182,6485,Delivered,4:33:26,8
5183,4926,Order,7:09:46,4
5184,5436,Not Delivered,5:26:12,13
5185,7069,Order,17:09:02,9
5186,5785,Not Delivered,12:43:11,17
5187,4566,Not Delivered,13:33:58,8
5188,6362,Delivered,18:38:05,18
5189,3441,Not Delivered,5:00:08,5
5190,6122,Not Delivered,23:36:38,16
5191,5953,Not Delivered,11:25:01,7
5192,3752,Not Delivered,6:45:18,20
5193,3542,Order,"1 day, 0:44:47",7
5194,5075,Not Delivered,19:51:50,4
5195,166,Not Delivered,2:37:18,2
5196,4779,Order,17:46:23,13
5197,1728,Order,18:50:04,4
5198,4137,Not Delivered,1:48:41,1
5199,7240,Order,23:47:43,5
5200,9072,Delivered,16:41:29,10
5201,5183,Not Delivered,12:39:02,2
5202,3316,Delivered,12:03:50,10
5203,7615,Delivered,20:07:01,12
5204,6478,Order,14:00:23,8
5205,8801,Order,"1 day, 0:46:16",7
5206,7964,Delivered,14:48:41,1
5207,3917,Delivered,1:55:43,1
5208,4258,Not Delivered,22:49:12,2
5209,9103,Order,17:52:45,6
5210,177,Delivered,17:49:26,5
5211,9219,Order,10:01:39,20
5212,1211,Order,0:19:54,8
5213,7232,Delivered,19:17:25,3
5214,7294,Not Delivered,17:32:21,17
5215,6893,Order,22:08:00,9
5216,8442,Order,5:29:56,17
5217,3980,Order,0:59:52,8
5218,2542,Not Delivered,3:54:54,9
5219,1674,Not Delivered,19:58:28,13
5220,1317,Delivered,"1 day, 0:56:03",5
5221,9715,Not Delivered,6:05:11,20
5222,4826,Order,7:28:27,13
5223,5415,Delivered,20:59:00,9
5224,420,Order,13:00:09,4
5225,9728,Delivered,9:33:09,8
5226,9059,Not Delivered,14:20:39,11
5227,5169,Delivered,3:56:28,16
5228,6930,Delivered,18:18:48,17
5229,8564,Order,22:45:02,12
5230,1406,Delivered,16:55:40,20
5231,3047,Not Delivered,0:38:35,6
5232,5925,Not Delivered,6:08:57,11
5233,8463,Order,15:45:15,5
5234,1479,Not Delivered,6:41:41,16
5235,6378,Delivered,3:30:12,18
5236,3076,Delivered,3:13:01,15
5237,1492,Order,13:06:11,13
5238,1951,Delivered,2:07:08,10
5239,8765,Delivered,4:55:51,9
5240,6041,Delivered,5:00:13,5
5241,9256,Not Delivered,19:37:28,9
5242,5610,Order,0:06:39,14
5243,445,Not Delivered,2:04:25,1
5244,4678,Not Delivered,11:52:17,17
5245,9719,Order,4:52:57,6
5246,2778,Delivered,18:36:21,19
5247,6191,Delivered,14:19:59,13
5248,2679,Not Delivered,5:29:36,14
5249,4446,Delivered,4:04:25,15
5250,9053,Not Delivered,19:27:07,15
5251,7472,Order,9:11:11,19
5252,4578,Order,22:51:57,19
5253,666,Order,8:11:50,19
5254,1256,Not Delivered,4:05:29,18
5255,4527,Not Delivered,12:13:55,14
5256,8169,Not Delivered,7:36:06,13
5257,1491,Order,7:35:26,15
5258,4531,Not Delivered,11:16:41,5
5259,3016,Order,19:40:25,18
5260,3146,Not Delivered,8:08:30,9
5261,5921,Order,22:27:08,9
5262,8766,Not Delivered,22:08:52,4
5263,1501,Delivered,17:27:40,2
5264,2423,Not Delivered,7:54:01,20
5265,997,Delivered,5:26:38,18
5266,8161,Delivered,"1 day, 0:38:36",8
5267,6579,Not Delivered,1:47:10,11
5268,840,Order,23:50:53,13
5269,9634,Delivered,16:18:00,14
5270,3002,Order,3:15:45,18
5271,2225,Not Delivered,3:13:41,2
5272,8109,Order,1:05:37,7
5273,5927,Not Delivered,9:17:58,13
5274,6958,Order,23:41:32,20
5275,8553,Delivered,2:45:44,6
5276,9087,Delivered,8:57:20,18
5277,1481,Delivered,1:54:07,15
5278,278,Not Delivered,20:15:48,5
5279,3026,Not Delivered,18:59:18,20
5280,4244,Delivered,11:01:05,13
5281,3284,Order,18:05:30,16
5282,7232,Order,19:11:53,15
5283,8705,Order,11:27:31,18
5284,8035,Order,14:34:48,18
5285,7859,Order,0:56:34,15
5286,4405,Order,21:49:39,16
5287,9279,Order,20:31:39,4
5288,8869,Not Delivered,18:50:25,18
5289,3761,Delivered,4:18:59,15
5290,5311,Order,1:36:58,13
5291,6391,Delivered,9:40:59,15
5292,7794,Order,3:29:19,5
5293,1382,Delivered,22:57:06,18
5294,7343,Order,9:18:33,19
5295,2950,Delivered,15:31:30,7
5296,6957,Not Delivered,11:32:09,9
5297,1482,Delivered,23:33:56,15
5298,3301,Not Delivered,6:41:29,18
5299,7148,Not Delivered,21:53:18,6
5300,3457,Delivered,12:46:02,7
5301,728,Order,20:00:30,6
5302,8149,Order,12:33:54,17
5303,8630,Delivered,10:50:34,14
5304,8652,Not Delivered,16:01:55,12
5305,3487,Not Delivered,9:13:38,16
5306,4886,Order,13:56:07,13
5307,3410,Delivered,22:17:59,20
5308,1694,Not Delivered,"1 day, 0:15:33",8
5309,2690,Order,14:19:32,12
5310,2877,Not Delivered,22:36:56,18
5311,490,Delivered,7:14:10,9
5312,2577,Order,22:03:35,12
5313,6611,Order,9:20:47,15
5314,7912,Not Delivered,19:45:10,8
5315,6628,Order,7:56:25,5
5316,5232,Delivered,12:08:33,8
5317,5405,Not Delivered,3:22:34,4
5318,6256,Delivered,17:03:27,2
5319,7716,Delivered,12:44:17,6
5320,2981,Delivered,15:13:09,3
5321,3226,Not Delivered,20:41:08,5
5322,2789,Not Delivered,13:51:30,14
5323,131,Not Delivered,14:43:28,4
5324,3504,Not Delivered,16:34:09,12
5325,8390,Order,0:50:46,7
5326,7092,Not Delivered,22:45:59,17
5327,3933,Order,4:04:53,15
5328,2132,Not Delivered,10:19:07,5
5329,1482,Delivered,12:25:19,13
5330,9431,Not Delivered,8:09:04,1
5331,7713,Delivered,19:32:10,2
5332,6149,Order,11:50:04,18
5333,3922,Order,5:32:13,19
5334,1320,Order,1:59:48,18
5335,4156,Delivered,9:51:44,1
5336,9477,Not Delivered,17:23:04,16
5337,704,Delivered,0:16:59,20
5338,5442,Delivered,21:57:46,11
5339,9992,Delivered,22:41:27,3
5340,6919,Order,6:30:19,12
5341,5865,Delivered,8:43:30,4
5342,8973,Delivered,1:47:35,5
5343,7781,Not Delivered,21:09:37,9
5344,4233,Not Delivered,22:01:47,17
5345,9209,Not Delivered,13:17:28,7
5346,3305,Not Delivered,2:05:06,17
5347,5286,Order,15:59:39,18
5348,5077,Not Delivered,18:24:27,18
5349,6907,Order,16:56:52,17
5350,3333,Order,18:05:25,12
5351,2757,Order,0:33:50,18
5352,801,Not Delivered,17:24:12,10
5353,4216,Order,18:14:45,14
5354,7286,Not Delivered,6:57:21,15
5355,1449,Order,5:10:31,3
5356,8762,Delivered,14:37:39,7
5357,5320,Not Delivered,17:06:30,7
5358,466,Delivered,8:38:18,14
5359,6931,Not Delivered,10:18:41,6
5360,8738,Order,21:09:55,13
5361,7227,Order,0:08:26,1
5362,3464,Order,13:22:38,20
5363,2997,Delivered,9:23:45,19
5364,1794,Order,7:39:49,2
5365,678,Order,13:31:25,19
5366,2907,Delivered,11:36:05,9
5367,9535,Order,19:41:58,20
5368,5210,Not Delivered,13:21:42,9
5369,5945,Order,19:59:01,14
5370,6408,Order,15:15:59,11
5371,6475,Not Delivered,1:02:20,17
5372,9711,Not Delivered,20:16:16,13
5373,5197,Delivered,14:48:13,7
5374,2924,Not Delivered,7:32:17,7
5375,8866,Order,11:07:44,5
5376,711,Delivered,22:18:16,2
5377,652,Order,17:10:44,18
5378,3488,Not Delivered,23:20:59,1
5379,7017,Delivered,10:09:53,18
5380,1659,Delivered,20:08:34,9
5381,315,Order,18:08:05,14
5382,9620,Not Delivered,23:29:15,7
5383,4184,Delivered,10:44:22,5
5384,9693,Delivered,8:46:29,13
5385,5832,Order,12:28:18,12
5386,3584,Not Delivered,18:48:41,20
5387,8210,Not Delivered,"1 day, 0:21:05",15
5388,7505,Delivered,18:38:14,18
5389,5094,Order,22:02:37,14
5390,7074,Delivered,1:39:26,19
5391,5372,Order,18:14:31,11
5392,7340,Not Delivered,15:25:05,18
5393,8702,Order,13:16:14,20
5394,3912,Delivered,21:43:50,14
5395,6138,Not Delivered,9:09:39,13
5396,9078,Not Delivered,22:07:54,15
5397,4709,Not Delivered,2:14:47,5
5398,9098,Not Delivered,23:29:50,2
5399,8462,Order,22:23:14,3
5400,7119,Not Delivered,8:03:01,2
5401,6713,Order,7:25:10,20
5402,8809,Delivered,3:41:36,2
5403,2204,Delivered,22:57:34,2
5404,4865,Delivered,20:43:26,7
5405,858,Order,10:49:43,3
5406,4815,Order,8:52:54,15
5407,6689,Not Delivered,2:34:28,20
5408,3968,Delivered,4:14:08,11
5409,7392,Delivered,23:31:30,10
5410,819,Delivered,23:48:55,5
5411,5763,Order,21:35:35,8
5412,1034,Order,19:43:12,4
5413,3916,Order,20:19:59,15
5414,7652,Not Delivered,9:31:53,3
5415,7956,Order,"1 day, 0:27:01",19
5416,7785,Order,17:51:29,19
5417,1476,Order,13:59:31,15
5418,9903,Not Delivered,21:54:26,12
5419,2913,Not Delivered,1:37:16,5
5420,7803,Delivered,14:45:01,6
5421,4139,Order,2:58:35,4
5422,792,Not Delivered,3:41:37,12
5423,3751,Not Delivered,9:02:04,18
5424,6268,Order,12:34:20,14
5425,1241,Delivered,6:23:01,17
5426,7786,Order,"1 day, 0:49:28",5
5427,6936,Not Delivered,"1 day, 0:26:53",18
5428,4611,Not Delivered,5:28:21,19
5429,6371,Not Delivered,21:20:59,1
5430,552,Order,10:11:07,7
5431,2952,Not Delivered,4:40:32,4
5432,6647,Order,"1 day, 0:31:32",5
5433,1781,Delivered,0:38:34,15
5434,595,Delivered,1:44:06,1
5435,414,Delivered,0:08:30,13
5436,3994,Order,2:01:12,4
5437,3971,Order,11:19:12,12
5438,4279,Not Delivered,11:24:50,3
5439,1123,Order,4:22:18,17
5440,924,Delivered,"1 day, 0:38:15",14
5441,4076,Delivered,"1 day, 0:42:58",16
5442,2706,Delivered,0:16:51,19
5443,8044,Not Delivered,22:18:24,15
5444,8044,Not Delivered,"1 day, 0:23:47",16
5445,4649,Delivered,4:06:56,8
5446,6087,Not Delivered,"1 day, 0:09:37",13
5447,9251,Not Delivered,5:41:01,18
5448,7736,Not Delivered,5:10:32,3
5449,2549,Delivered,1:01:42,4
5450,1828,Not Delivered,11:24:46,16
5451,4907,Order,3:49:39,17
5452,5540,Order,19:35:56,2
5453,129,Not Delivered,10:29:32,19
5454,4676,Not Delivered,"1 day, 0:09:03",15
5455,1619,Order,18:45:38,13
5456,8881,Order,5:07:57,14
5457,250,Delivered,12:34:10,1
5458,9819,Order,14:37:32,7
5459,2921,Not Delivered,23:00:37,11
5460,8633,Delivered,18:35:30,14
5461,2740,Order,9:43:10,10
5462,8449,Delivered,1:37:27,8
5463,5528,Delivered,"1 day, 0:54:33",14
5464,3749,Delivered,"1 day, 0:59:17",20
5465,9116,Order,19:24:24,13
5466,7024,Not Delivered,12:31:11,11
5467,6264,Order,12:12:59,11
5468,1308,Not Delivered,14:19:09,11
5469,2231,Order,9:34:12,6
5470,3032,Order,8:21:14,8
5471,996,Order,18:35:10,13
5472,6616,Order,11:28:48,3
5473,531,Order,23:18:32,10
5474,1458,Not Delivered,"1 day, 0:23:14",3
5475,2241,Not Delivered,18:24:34,7
5476,593,Order,15:39:18,10
5477,501,Order,"1 day, 0:43:42",14
5478,1969,Delivered,7:02:06,10
5479,9698,Delivered,15:37:01,3
5480,7255,Not Delivered,18:31:50,9
5481,1585,Not Delivered,3:32:47,8
5482,8629,Delivered,14:30:40,10
5483,8254,Delivered,8:10:38,6
5484,8097,Not Delivered,17:26:25,17
5485,8712,Not Delivered,17:53:49,19
5486,9111,Order,10:36:26,9
5487,7369,Not Delivered,17:10:51,8
5488,3090,Not Delivered,12:57:41,7
5489,4995,Not Delivered,2:20:53,8
5490,8688,Order,15:40:19,19
5491,5105,Order,1:24:21,1
5492,3701,Delivered,"1 day, 0:20:01",5
5493,356,Not Delivered,21:53:10,15
5494,4661,Order,1:54:02,5
5495,5411,Delivered,18:53:16,9
5496,3131,Not Delivered,14:12:50,4
5497,6264,Delivered,15:58:41,5
5498,4352,Not Delivered,22:57:57,18
5499,465,Order,3:30:26,19
5500,4999,Not Delivered,3:57:55,12
5501,7413,Not Delivered,19:32:57,1
5502,2516,Not Delivered,4:57:13,10
5503,3182,Not Delivered,21:37:17,16
5504,9393,Delivered,19:29:42,17
5505,7085,Not Delivered,"1 day, 0:00:15",13
5506,821,Order,6:37:01,3
5507,2412,Not Delivered,13:35:26,11
5508,4608,Delivered,14:37:15,20
5509,2995,Not Delivered,2:20:50,8
5510,6955,Delivered,14:49:17,9
5511,1745,Delivered,23:43:24,15
5512,9246,Not Delivered,4:06:08,19
5513,373,Order,7:04:04,13
5514,4929,Order,22:09:17,1
5515,9085,Delivered,6:00:22,19
5516,5121,Not Delivered,10:01:38,2
5517,5526,Order,9:52:44,20
5518,2939,Not Delivered,20:14:40,9
5519,1869,Delivered,4:29:28,11
5520,4702,Order,0:41:12,3
5521,1208,Not Delivered,2:32:00,18
5522,1593,Not Delivered,11:39:34,5
5523,1775,Delivered,13:48:44,10
5524,2938,Order,12:22:31,11
5525,6005,Delivered,19:12:23,3
5526,8394,Order,23:22:20,3
5527,485,Order,13:58:50,10
5528,823,Order,22:52:59,12
5529,2138,Order,0:22:40,13
5530,4635,Delivered,11:25:56,20
5531,2051,Order,5:56:31,19
5532,1702,Delivered,21:02:21,4
5533,6766,Not Delivered,15:09:16,12
5534,6733,Order,6:29:18,1
5535,7098,Order,14:21:44,18
5536,9513,Delivered,9:30:43,8
5537,7197,Not Delivered,"1 day, 0:27:19",3
5538,6717,Order,10:02:41,11
5539,5209,Order,19:18:05,4
5540,8941,Delivered,19:48:33,9
5541,8852,Not Delivered,12:21:15,10
5542,7716,Not Delivered,8:47:31,19
5543,8024,Order,"1 day, 0:36:42",17
5544,545,Not Delivered,11:03:16,20
5545,4392,Not Delivered,11:40:37,12
5546,2004,Order,4:39:37,12
5547,9846,Delivered,13:52:09,10
5548,2863,Order,14:34:44,20
5549,9597,Delivered,21:49:58,3
5550,6966,Not Delivered,2:10:20,7
5551,4220,Not Delivered,18:35:34,6
5552,4373,Not Delivered,12:05:22,20
5553,5882,Delivered,13:46:11,8
5554,3164,Delivered,3:00:44,16
5555,4886,Not Delivered,7:04:58,3
5556,269,Order,7:07:52,2
5557,5907,Not Delivered,10:40:25,3
5558,8438,Order,2:36:06,13
5559,336,Order,6:01:30,11
5560,9097,Delivered,20:15:58,12
5561,9620,Not Delivered,14:30:13,14
5562,3751,Not Delivered,19:50:20,18
5563,2016,Not Delivered,13:03:06,17
5564,5093,Not Delivered,15:50:39,16
5565,6667,Not Delivered,17:53:07,1
5566,1213,Not Delivered,8:28:06,15
5567,5835,Order,3:56:33,20
5568,3881,Delivered,21:51:29,5
5569,2826,Order,3:12:37,5
5570,577,Order,11:20:04,7
5571,7085,Not Delivered,8:15:05,2
5572,6579,Delivered,13:22:02,5
5573,6368,Order,1:46:18,15
5574,7311,Delivered,10:42:35,3
5575,141,Not Delivered,14:41:29,9
5576,7221,Order,10:32:50,11
5577,4212,Not Delivered,10:01:48,7
5578,306,Delivered,23:53:59,1
5579,1177,Order,3:01:51,3
5580,9493,Delivered,23:22:16,6
5581,4071,Order,21:24:49,10
5582,338,Delivered,2:56:00,10
5583,5281,Not Delivered,"1 day, 0:35:39",19
5584,4999,Delivered,6:22:25,6
5585,4641,Not Delivered,7:18:57,17
5586,2679,Order,9:20:55,9
5587,382,Not Delivered,0:56:44,5
5588,6863,Delivered,18:03:01,20
5589,1891,Delivered,4:50:17,4
5590,9288,Not Delivered,21:56:39,3
5591,9378,Not Delivered,4:02:17,3
5592,1260,Delivered,15:48:17,17
5593,2602,Order,"1 day, 0:36:20",13
5594,501,Not Delivered,14:02:55,9
5595,272,Order,12:16:54,2
5596,9360,Delivered,3:24:17,2
5597,9832,Delivered,0:51:27,15
5598,187,Not Delivered,4:16:24,8
5599,832,Not Delivered,16:07:11,4
5600,5235,Order,20:29:44,7
5601,5417,Order,19:07:26,6
5602,2407,Order,9:30:43,14
5603,3559,Not Delivered,22:01:51,14
5604,7003,Order,9:47:15,10
5605,862,Delivered,7:04:49,13
5606,2059,Delivered,6:49:37,3
5607,2608,Order,0:30:24,13
5608,4056,Delivered,15:37:17,12
5609,1629,Order,1:56:54,20
5610,5853,Not Delivered,15:19:08,6
5611,4810,Not Delivered,2:24:46,13
5612,8195,Not Delivered,3:56:41,16
5613,7005,Not Delivered,16:48:47,3
5614,509,Order,21:32:48,4
5615,1438,Not Delivered,16:24:12,13
5616,1574,Not Delivered,10:05:17,15
5617,9537,Order,14:58:42,11
5618,3566,Delivered,2:42:35,16
5619,9266,Not Delivered,2:11:58,16
5620,2685,Not Delivered,6:52:56,2
5621,4474,Not Delivered,3:42:20,9
5622,9162,Not Delivered,19:06:07,14
5623,8565,Delivered,20:02:47,4
5624,1733,Order,3:42:36,15
5625,6883,Delivered,16:12:02,18
5626,6661,Delivered,4:21:28,4
5627,8723,Not Delivered,5:48:51,8
5628,6086,Order,6:20:20,9
5629,6724,Delivered,1:20:19,2
5630,705,Order,2:38:58,6
5631,8541,Delivered,6:03:07,15
5632,1232,Not Delivered,3:17:32,20
5633,384,Delivered,2:38:55,12
5634,9058,Delivered,19:35:20,11
5635,2688,Order,9:27:20,12
5636,4415,Delivered,16:52:14,17
5637,1138,Delivered,16:48:35,11
5638,4998,Order,17:06:29,13
5639,3977,Delivered,6:44:44,10
5640,7306,Delivered,13:36:53,15
5641,3056,Delivered,23:49:28,15
5642,852,Order,21:09:25,4
5643,747,Not Delivered,22:10:34,15
5644,6544,Order,7:43:00,20
5645,9219,Order,6:05:24,19
5646,6939,Order,22:27:59,9
5647,2476,Order,16:54:08,7
5648,7651,Not Delivered,9:24:03,17
5649,7296,Not Delivered,2:10:55,13
5650,1159,Not Delivered,12:15:06,14
5651,6992,Not Delivered,12:25:54,3
5652,5241,Not Delivered,18:53:14,15
5653,3345,Not Delivered,"1 day, 0:28:35",18
5654,1183,Not Delivered,7:11:52,5
5655,5477,Not Delivered,12:17:24,17
5656,2368,Delivered,18:45:06,9
5657,5242,Delivered,1:07:17,5
5658,6633,Not Delivered,18:10:03,2
5659,6459,Not Delivered,16:55:54,11
5660,7468,Not Delivered,9:12:44,18
5661,5884,Not Delivered,14:47:48,20
5662,8174,Delivered,16:58:58,8
5663,5064,Order,14:22:18,2
5664,3016,Delivered,16:28:41,16
5665,7919,Delivered,5:42:50,9
5666,5193,Not Delivered,18:53:31,20
5667,7278,Not Delivered,6:25:01,7
5668,9056,Delivered,12:16:43,14
5669,6506,Delivered,1:37:47,18
5670,2014,Not Delivered,3:11:41,7
5671,8858,Order,16:44:50,8
5672,1637,Not Delivered,19:18:03,16
5673,8684,Delivered,6:18:41,3
5674,6673,Not Delivered,17:35:10,7
5675,961,Order,6:13:08,18
5676,3420,Order,21:31:01,12
5677,2002,Delivered,6:36:45,13
5678,3542,Order,6:47:03,9
5679,3510,Delivered,15:02:33,14
5680,820,Order,"1 day, 0:19:18",9
5681,9929,Not Delivered,7:57:56,12
5682,8707,Not Delivered,21:44:08,1
5683,6840,Not Delivered,16:33:43,10
5684,4694,Order,18:52:18,17
5685,3312,Not Delivered,7:35:51,2
5686,2388,Order,4:01:37,3
5687,5875,Order,13:35:05,17
5688,3519,Not Delivered,14:20:35,8
5689,6570,Not Delivered,8:57:16,13
5690,4023,Order,4:26:01,17
5691,1426,Delivered,13:10:16,2
5692,2352,Delivered,"1 day, 0:32:31",4
5693,1944,Order,3:10:11,6
5694,5633,Order,18:47:07,8
5695,490,Order,17:17:22,3
5696,7592,Not Delivered,"1 day, 0:33:14",13
5697,7257,Delivered,11:17:21,18
5698,2683,Delivered,4:54:54,1
5699,6964,Not Delivered,14:12:04,17
5700,2861,Not Delivered,21:33:39,17
5701,344,Not Delivered,"1 day, 0:37:20",14
5702,8482,Delivered,20:05:47,11
5703,6282,Order,10:59:22,10
5704,7110,Not Delivered,9:57:59,5
5705,7133,Delivered,17:12:10,15
5706,6970,Not Delivered,18:29:17,5
5707,4310,Order,21:50:36,12
5708,4845,Not Delivered,0:11:44,6
5709,4626,Delivered,"1 day, 0:54:28",13
5710,9581,Delivered,18:56:56,11
5711,2422,Not Delivered,15:11:42,19
5712,6233,Not Delivered,6:01:46,1
5713,7883,Not Delivered,10:03:57,1
5714,2145,Order,11:55:49,3
5715,9627,Not Delivered,20:54:12,10
5716,8909,Not Delivered,1:30:00,8
5717,1900,Not Delivered,3:01:01,12
5718,5126,Order,6:47:37,6
5719,3434,Not Delivered,22:02:45,11
5720,9011,Not Delivered,1:20:45,11
5721,4760,Delivered,6:06:44,6
5722,357,Not Delivered,6:36:25,3
5723,3646,Not Delivered,19:42:45,8
5724,7331,Order,21:28:48,14
5725,5164,Delivered,1:36:36,16
5726,1162,Not Delivered,0:23:58,9
5727,6410,Order,14:53:33,2
5728,9630,Order,5:31:26,4
5729,5144,Delivered,12:25:56,19
5730,8082,Not Delivered,2:57:49,14
5731,6313,Not Delivered,13:34:21,3
5732,9566,Delivered,19:24:01,17
5733,3043,Not Delivered,9:51:32,12
5734,7278,Not Delivered,16:26:09,7
5735,1780,Not Delivered,1:00:54,8
5736,4281,Order,"1 day, 0:39:53",18
5737,5321,Not Delivered,12:59:35,6
5738,6548,Order,11:18:08,3
5739,701,Delivered,23:25:43,3
5740,5312,Order,"1 day, 0:27:52",8
5741,2008,Not Delivered,17:34:29,1
5742,8808,Delivered,2:48:51,17
5743,8365,Not Delivered,14:34:17,10
5744,8141,Order,1:45:23,4
5745,6446,Delivered,20:38:15,20
5746,906,Delivered,9:18:30,3
5747,901,Order,8:00:39,3
5748,7504,Order,"1 day, 0:23:45",1
5749,231,Not Delivered,14:37:41,6
5750,5238,Delivered,18:49:23,5
5751,9497,Not Delivered,12:36:01,2
5752,7811,Order,14:22:30,1
5753,5009,Not Delivered,4:25:27,8
5754,7827,Order,9:56:53,18
5755,7483,Delivered,13:03:04,2
5756,6468,Order,16:20:41,20
5757,155,Not Delivered,17:25:54,8
5758,2926,Delivered,22:25:29,15
5759,9803,Not Delivered,3:10:02,7
5760,5230,Delivered,19:07:39,15
5761,3275,Not Delivered,13:35:25,11
5762,1885,Not Delivered,5:33:27,10
5763,6711,Order,12:56:09,3
5764,4863,Order,6:00:59,11
5765,8547,Delivered,5:59:51,10
5766,5769,Delivered,8:52:56,1
5767,3210,Delivered,10:43:43,14
5768,6539,Delivered,21:49:42,13
5769,3882,Not Delivered,18:13:06,7
5770,4356,Order,22:42:46,14
5771,439,Order,7:26:14,15
5772,3153,Order,1:11:23,20
5773,9858,Order,4:46:17,15
5774,9667,Delivered,11:52:08,7
5775,3054,Order,15:13:42,7
5776,2894,Delivered,16:03:14,1
5777,3774,Order,"1 day, 0:59:21",16
5778,1516,Delivered,13:40:54,19
5779,6182,Order,4:05:23,10
5780,3322,Order,17:16:26,12
5781,1012,Delivered,6:51:30,15
5782,8661,Delivered,0:23:58,19
5783,2292,Delivered,19:23:35,8
5784,9748,Not Delivered,14:50:31,13
5785,6584,Delivered,10:44:31,12
5786,1001,Order,23:41:05,7
5787,8262,Delivered,20:33:06,17
5788,2547,Delivered,15:48:10,16
5789,162,Order,15:51:16,6
5790,8659,Delivered,1:36:50,9
5791,6470,Delivered,20:09:21,10
5792,2812,Order,15:05:45,19
5793,2474,Delivered,1:58:13,1
5794,2072,Delivered,13:36:48,15
5795,2298,Order,8:35:35,13
5796,8733,Delivered,11:32:57,8
5797,6997,Not Delivered,4:59:43,18
5798,5672,Not Delivered,9:47:09,15
5799,136,Not Delivered,23:07:19,17
5800,4426,Not Delivered,3:39:39,2
5801,7213,Order,13:59:17,19
5802,6394,Delivered,8:41:35,16
5803,1990,Delivered,15:42:07,17
5804,8209,Order,14:34:33,10
5805,3824,Order,17:52:15,1
5806,9735,Not Delivered,11:16:54,17
5807,5683,Order,19:03:37,16
5808,1204,Order,18:11:56,11
5809,7142,Not Delivered,15:15:07,15
5810,1689,Delivered,3:11:37,4
5811,5081,Not Delivered,0:18:34,12
5812,253,Order,"1 day, 0:10:25",19
5813,5539,Order,6:07:50,10
5814,845,Not Delivered,9:21:25,14
5815,8954,Order,14:48:09,16
5816,5226,Delivered,13:59:09,12
5817,5806,Not Delivered,19:01:40,16
5818,4050,Order,0:08:38,2
5819,5354,Not Delivered,8:38:12,4
5820,7971,Delivered,18:51:47,17
5821,2421,Delivered,4:37:17,16
5822,6628,Not Delivered,16:13:20,11
5823,8695,Delivered,8:27:02,9
5824,3410,Not Delivered,15:31:50,7
5825,6594,Order,12:48:50,10
5826,8438,Order,0:17:07,3
5827,2600,Not Delivered,5:25:12,19
5828,8891,Order,17:05:06,1
5829,8492,Delivered,17:24:01,12
5830,7882,Not Delivered,16:18:33,19
5831,9141,Not Delivered,2:27:55,9
5832,4435,Not Delivered,9:24:08,5
5833,2274,Not Delivered,3:20:58,18
5834,8943,Not Delivered,21:22:54,2
5835,7602,Delivered,6:11:50,17
5836,3824,Delivered,16:51:05,12
5837,2681,Not Delivered,5:07:13,4
5838,1817,Order,10:41:53,7
5839,3608,Order,3:05:35,17
5840,4363,Delivered,18:41:36,9
5841,2620,Delivered,12:35:30,11
5842,8202,Not Delivered,2:27:31,17
5843,7031,Delivered,13:27:08,8
5844,2271,Delivered,9:19:18,2
5845,2701,Order,14:15:52,4
5846,4974,Delivered,0:36:50,5
5847,5321,Order,19:03:09,3
5848,8490,Delivered,5:14:40,6
5849,9462,Delivered,6:14:13,3
5850,8567,Not Delivered,23:51:30,12
5851,3424,Order,23:08:35,4
5852,7430,Not Delivered,10:45:35,1
5853,7255,Order,23:00:09,5
5854,3917,Order,8:15:53,19
5855,8259,Order,7:17:20,8
5856,6576,Delivered,5:11:32,16
5857,1769,Delivered,13:32:22,8
5858,3149,Not Delivered,3:31:57,20
5859,210,Not Delivered,18:59:56,8
5860,2803,Order,18:37:34,5
5861,8527,Delivered,10:57:48,20
5862,8303,Delivered,19:39:11,12
5863,6378,Delivered,5:28:40,1
5864,1591,Order,9:36:31,14
5865,2615,Order,23:52:58,6
5866,147,Not Delivered,8:19:57,4
5867,2605,Order,2:06:07,16
5868,1839,Not Delivered,23:24:55,19
5869,416,Order,7:47:56,1
5870,6515,Order,13:09:56,14
5871,9542,Not Delivered,11:29:01,8
5872,7328,Order,16:25:47,16
5873,2322,Delivered,15:25:09,20
5874,3444,Delivered,22:32:50,15
5875,2280,Not Delivered,21:47:09,13
5876,1124,Order,3:09:18,13
5877,5298,Order,21:29:07,9
5878,8045,Delivered,20:11:48,10
5879,6317,Delivered,7:44:08,3
5880,8058,Delivered,4:32:12,7
5881,2435,Not Delivered,5:58:28,13
5882,7654,Delivered,22:10:13,9
5883,4005,Delivered,2:46:07,9
5884,9051,Not Delivered,6:25:04,3
5885,435,Delivered,17:35:22,10
5886,1669,Not Delivered,2:47:32,18
5887,7192,Not Delivered,16:32:00,19
5888,3939,Delivered,"1 day, 0:02:08",16
5889,2061,Delivered,18:46:31,8
5890,8615,Order,19:24:28,13
5891,2769,Order,"1 day, 0:19:26",5
5892,8551,Order,12:08:08,12
5893,3860,Not Delivered,21:26:06,13
5894,5145,Not Delivered,17:58:02,18
5895,1304,Delivered,19:58:37,2
5896,6432,Order,19:33:49,7
5897,2113,Order,9:04:30,17
5898,1931,Delivered,16:08:37,7
5899,4400,Delivered,17:48:56,10
5900,5783,Not Delivered,16:04:25,8
5901,9510,Delivered,7:03:11,13
5902,7878,Not Delivered,10:37:17,13
5903,354,Order,16:01:55,20
5904,7867,Not Delivered,11:35:31,15
5905,9943,Order,18:07:16,11
5906,1216,Order,2:27:29,9
5907,535,Order,22:57:41,7
5908,829,Delivered,4:24:26,17
5909,4393,Delivered,18:14:02,1
5910,1746,Not Delivered,0:39:09,17
5911,948,Not Delivered,4:04:54,7
5912,8416,Order,22:56:15,8
5913,9334,Order,5:52:54,2
5914,4942,Order,4:15:51,1
5915,2207,Order,23:38:22,20
5916,1628,Not Delivered,22:58:35,14
5917,146,Delivered,0:23:30,5
5918,4061,Order,11:01:00,1
5919,308,Not Delivered,0:47:20,4
5920,5945,Not Delivered,22:08:50,16
5921,8163,Not Delivered,12:57:05,4
5922,4003,Order,17:28:30,19
5923,8758,Order,19:20:29,15
5924,9912,Not Delivered,0:46:21,6
5925,8935,Not Delivered,18:12:47,9
5926,6131,Order,"1 day, 0:22:54",1
5927,939,Delivered,13:37:56,6
5928,7181,Delivered,13:07:02,2
5929,8517,Not Delivered,11:44:21,13
5930,3088,Delivered,10:25:05,14
5931,5769,Not Delivered,3:15:07,12
5932,1598,Order,14:16:50,14
5933,4031,Delivered,1:03:38,6
5934,3400,Not Delivered,10:32:43,1
5935,2593,Order,4:26:34,12
5936,4806,Not Delivered,19:03:33,16
5937,7317,Not Delivered,6:37:52,7
5938,430,Delivered,13:03:31,12
5939,1662,Not Delivered,13:41:41,3
5940,1523,Delivered,5:27:09,17
5941,2790,Order,1:07:46,17
5942,8332,Order,9:42:27,2
5943,9545,Delivered,8:13:18,11
5944,7038,Order,1:14:23,9
5945,2136,Order,4:28:46,2
5946,7348,Not Delivered,2:13:13,10
5947,3470,Not Delivered,14:15:17,15
5948,8308,Order,3:44:55,4
5949,819,Delivered,23:02:59,9
5950,5430,Order,18:38:27,20
5951,514,Delivered,0:50:14,12
5952,3262,Delivered,17:17:13,5
5953,807,Order,3:24:44,9
5954,2954,Not Delivered,0:39:21,1
5955,6177,Not Delivered,2:51:11,14
5956,2623,Not Delivered,10:03:44,4
5957,372,Order,0:47:47,12
5958,9023,Not Delivered,16:14:52,6
5959,471,Delivered,1:25:18,3
5960,2562,Delivered,11:09:17,9
5961,2416,Not Delivered,8:58:14,10
5962,9358,Order,16:58:26,2
5963,4594,Delivered,13:33:49,20
5964,8391,Order,6:02:28,6
5965,3490,Not Delivered,17:20:14,11
5966,5393,Not Delivered,22:31:52,14
5967,6694,Order,8:48:21,8
5968,5394,Delivered,13:26:31,16
5969,2946,Delivered,5:32:38,13
5970,4970,Delivered,17:11:22,5
5971,1705,Not Delivered,10:13:51,16
5972,5579,Not Delivered,4:21:18,5
5973,8396,Delivered,12:56:56,9
5974,4391,Not Delivered,11:31:10,9
5975,3683,Not Delivered,23:16:48,11
5976,3578,Order,6:14:23,18
5977,5586,Not Delivered,14:40:29,20
5978,4335,Delivered,"1 day, 0:09:02",2
5979,9473,Not Delivered,22:12:08,19
5980,6450,Delivered,2:12:19,7
5981,1226,Order,15:06:21,14
5982,4930,Delivered,10:16:16,17
5983,9547,Order,18:41:02,13
5984,3638,Order,6:54:46,6
5985,4059,Delivered,5:35:51,19
5986,235,Order,"1 day, 0:58:34",8
5987,1614,Delivered,13:50:31,11
5988,7478,Order,5:51:38,14
5989,769,Not Delivered,17:31:01,8
5990,8857,Order,10:30:31,9
5991,4154,Order,13:21:21,6
5992,7195,Not Delivered,8:01:04,18
5993,8437,Order,0:45:12,2
5994,9078,Not Delivered,22:14:44,8
5995,2239,Delivered,1:16:49,11
5996,7637,Delivered,23:14:04,18
5997,2987,Delivered,"1 day, 0:52:05",12
5998,1929,Not Delivered,"1 day, 0:03:40",16
5999,9356,Not Delivered,20:20:29,6
6000,4407,Delivered,2:43:44,2
6001,1765,Delivered,3:18:56,19
6002,1046,Delivered,8:18:45,4
6003,126,Not Delivered,5:08:21,17
6004,497,Delivered,14:54:52,17
6005,7575,Order,9:58:50,4
6006,3260,Order,"1 day, 0:45:09",7
6007,617,Order,20:06:31,16
6008,4550,Order,16:59:48,4
6009,2538,Order,14:10:19,7
6010,4961,Delivered,17:14:17,5
6011,8413,Delivered,7:14:19,13
6012,215,Delivered,20:31:26,6
6013,2115,Not Delivered,11:18:01,6
6014,1531,Delivered,12:32:12,12
6015,2485,Order,18:20:38,6
6016,5857,Delivered,13:39:10,2
6017,1352,Not Delivered,4:00:17,20
6018,894,Not Delivered,1:10:05,8
6019,5442,Order,14:13:27,20
6020,4884,Delivered,17:26:14,20
6021,6254,Order,5:19:02,6
6022,7559,Order,17:32:58,14
6023,103,Order,15:06:47,5
6024,1058,Order,9:39:26,7
6025,2516,Delivered,5:49:34,9
6026,7920,Not Delivered,2:29:44,18
6027,1789,Delivered,17:53:41,5
6028,9156,Order,0:25:06,3
6029,206,Delivered,23:43:33,10
6030,5631,Order,17:59:31,5
6031,2273,Delivered,1:17:57,4
6032,6253,Not Delivered,11:18:03,20
6033,3075,Not Delivered,"1 day, 0:43:00",14
6034,3041,Order,11:43:45,10
6035,9156,Delivered,0:08:38,11
6036,9367,Not Delivered,4:42:39,20
6037,8924,Delivered,"1 day, 0:55:32",3
6038,6692,Not Delivered,"1 day, 0:06:15",6
6039,2877,Order,17:38:49,6
6040,9683,Delivered,14:56:57,14
6041,4872,Delivered,4:12:41,16
6042,8794,Order,3:25:05,20
6043,4060,Order,8:40:21,15
6044,4824,Delivered,17:06:04,4
6045,9852,Order,13:43:12,17
6046,4840,Delivered,1:35:31,16
6047,7746,Not Delivered,11:25:26,9
6048,3218,Delivered,19:12:44,5
6049,7403,Order,18:46:21,8
6050,447,Not Delivered,1:40:59,8
6051,1989,Order,14:30:59,20
6052,5321,Not Delivered,1:00:44,15
6053,9539,Not Delivered,17:17:45,4
6054,2800,Not Delivered,15:04:50,9
6055,3903,Order,22:58:08,3
6056,2099,Not Delivered,12:03:57,5
6057,3272,Delivered,19:18:42,1
6058,6016,Delivered,19:28:03,11
6059,8670,Order,10:25:54,20
6060,9749,Delivered,5:18:38,10
6061,110,Delivered,11:30:24,2
6062,1447,Not Delivered,12:31:06,3
6063,2511,Delivered,22:25:00,9
6064,3148,Not Delivered,18:58:32,1
6065,8428,Delivered,15:23:52,5
6066,7993,Order,11:27:49,11
6067,6032,Order,0:48:08,20
6068,8507,Order,12:34:27,15
6069,6584,Order,10:56:20,11
6070,3947,Not Delivered,18:22:42,1
6071,1738,Not Delivered,5:55:04,11
6072,456,Not Delivered,4:40:06,9
6073,2141,Order,12:29:25,14
6074,6652,Order,16:45:38,9
6075,5487,Order,4:27:29,16
6076,8769,Not Delivered,20:53:34,2
6077,2030,Not Delivered,0:57:51,2
6078,9397,Not Delivered,23:33:17,1
6079,5122,Not Delivered,21:32:32,17
6080,5546,Not Delivered,"1 day, 0:50:39",17
6081,1691,Delivered,13:04:59,9
6082,6510,Delivered,16:33:10,10
6083,496,Order,2:44:18,20
6084,8021,Not Delivered,21:13:42,14
6085,5625,Not Delivered,2:39:27,9
6086,5281,Order,4:29:36,10
6087,7930,Not Delivered,1:07:12,7
6088,6907,Not Delivered,18:52:45,15
6089,6324,Order,20:53:48,4
6090,4459,Order,5:02:36,16
6091,7442,Not Delivered,7:46:16,8
6092,3525,Order,17:18:04,10
6093,534,Order,19:52:27,16
6094,4318,Order,9:38:55,8
6095,5902,Not Delivered,15:31:01,4
6096,4225,Not Delivered,3:56:30,8
6097,7558,Not Delivered,20:36:31,15
6098,5245,Delivered,17:17:23,17
6099,6448,Order,10:43:01,5
6100,1516,Delivered,15:41:07,13
6101,2703,Order,10:56:16,9
6102,2336,Delivered,10:25:03,14
6103,2582,Order,16:11:13,17
6104,891,Order,11:47:06,5
6105,5304,Not Delivered,20:50:54,11
6106,7048,Order,15:54:07,12
6107,3969,Delivered,23:11:50,13
6108,9385,Not Delivered,17:39:54,11
6109,9479,Order,"1 day, 0:18:01",9
6110,1782,Not Delivered,"1 day, 0:32:56",2
6111,2628,Delivered,10:33:51,4
6112,9933,Delivered,19:08:16,19
6113,301,Not Delivered,8:18:30,7
6114,4139,Not Delivered,3:12:20,12
6115,1332,Delivered,13:11:59,7
6116,5156,Not Delivered,20:36:06,18
6117,1552,Not Delivered,2:31:12,7
6118,3918,Order,2:39:38,4
6119,8464,Not Delivered,0:51:31,12
6120,3075,Order,7:16:46,6
6121,9370,Not Delivered,18:39:14,13
6122,2656,Not Delivered,"1 day, 0:53:44",17
6123,3482,Order,"1 day, 0:54:08",9
6124,7849,Not Delivered,6:22:56,8
6125,5473,Delivered,"1 day, 0:41:47",3
6126,6581,Order,15:36:05,13
6127,7282,Delivered,15:29:15,13
6128,7560,Order,7:32:48,15
6129,4568,Delivered,12:12:59,10
6130,7716,Not Delivered,11:44:41,14
6131,8844,Not Delivered,5:24:01,7
6132,943,Order,13:06:12,7
6133,6453,Not Delivered,"1 day, 0:15:16",15
6134,1209,Order,16:40:37,10
6135,5726,Order,7:54:39,11
6136,8837,Not Delivered,4:40:53,3
6137,6477,Not Delivered,9:30:09,3
6138,3579,Delivered,19:22:53,17
6139,4305,Delivered,14:43:43,4
6140,4425,Not Delivered,4:02:23,9
6141,147,Delivered,19:17:25,20
6142,6519,Delivered,8:09:16,2
6143,9746,Delivered,15:25:42,17
6144,2218,Not Delivered,11:44:08,2
6145,7182,Delivered,18:24:26,17
6146,9544,Not Delivered,8:50:06,16
6147,4957,Not Delivered,"1 day, 0:04:21",10
6148,7563,Delivered,8:41:12,16
6149,5644,Order,3:26:12,13
6150,4242,Not Delivered,0:33:50,8
6151,1406,Delivered,22:45:45,9
6152,2985,Order,21:27:33,19
6153,7622,Not Delivered,4:25:23,7
6154,3475,Delivered,5:49:03,11
6155,3827,Delivered,1:33:40,18
6156,3003,Delivered,16:27:21,15
6157,1973,Delivered,"1 day, 0:02:15",3
6158,3254,Delivered,23:45:45,6
6159,7188,Order,8:24:16,17
6160,7838,Delivered,9:02:52,14
6161,9395,Delivered,13:35:09,15
6162,4828,Order,17:42:36,3
6163,6074,Not Delivered,0:54:06,7
6164,2473,Not Delivered,10:19:19,1
6165,3806,Order,11:00:25,2
6166,9551,Order,8:22:49,18
6167,3107,Order,22:06:20,9
6168,1579,Order,13:22:41,17
6169,3662,Order,5:28:41,15
6170,2656,Order,21:30:19,12
6171,9292,Not Delivered,18:53:11,1
6172,7160,Not Delivered,1:38:09,2
6173,2672,Delivered,4:43:24,4
6174,337,Delivered,6:23:08,5
6175,6848,Order,2:18:08,7
6176,386,Delivered,17:05:16,12
6177,1490,Delivered,17:15:47,17
6178,2371,Not Delivered,10:52:52,4
6179,3822,Delivered,6:50:58,7
6180,5823,Order,0:06:33,2
6181,1438,Not Delivered,6:29:11,10
6182,954,Order,3:56:44,16
6183,8726,Order,10:45:37,17
6184,805,Order,16:11:00,16
6185,9780,Delivered,3:43:52,1
6186,3712,Not Delivered,21:04:38,10
6187,6236,Delivered,7:29:47,1
6188,4646,Order,8:48:07,8
6189,1026,Order,14:53:53,12
6190,3637,Delivered,13:24:35,2
6191,8928,Delivered,13:03:01,9
6192,2471,Delivered,5:33:52,9
6193,7554,Delivered,5:19:18,7
6194,734,Order,13:42:03,12
6195,1870,Delivered,9:00:31,1
6196,4087,Delivered,9:15:08,17
6197,5651,Order,18:27:10,10
6198,1132,Delivered,2:03:33,15
6199,8675,Order,18:52:46,13
6200,4924,Delivered,17:16:04,11
6201,8843,Order,9:09:55,17
6202,1518,Not Delivered,21:42:45,9
6203,3742,Not Delivered,"1 day, 0:43:01",9
6204,9144,Not Delivered,0:27:32,15
6205,2697,Order,22:19:16,20
6206,4350,Delivered,21:23:48,3
6207,8601,Order,13:49:35,1
6208,7262,Delivered,7:01:25,20
6209,7671,Delivered,5:18:15,11
6210,296,Not Delivered,12:53:28,17
6211,7369,Delivered,"1 day, 0:14:35",20
6212,5832,Not Delivered,"1 day, 0:52:31",1
6213,5302,Order,8:27:50,4
6214,2939,Delivered,11:29:25,15
6215,2144,Order,16:32:58,7
6216,1980,Order,8:27:23,2
6217,3862,Order,7:46:48,5
6218,6287,Order,16:55:07,16
6219,7221,Order,23:23:00,19
6220,6158,Not Delivered,14:06:26,18
6221,7404,Delivered,"1 day, 0:34:02",1
6222,5970,Delivered,1:43:36,5
6223,5527,Delivered,11:51:30,12
6224,3599,Delivered,14:01:00,16
6225,341,Order,2:33:24,14
6226,8638,Delivered,14:17:31,4
6227,2997,Delivered,21:53:32,6
6228,7354,Order,17:13:37,3
6229,8660,Order,16:14:47,9
6230,7335,Order,14:23:38,7
6231,5803,Order,19:00:34,9
6232,325,Not Delivered,22:13:36,4
6233,6731,Not Delivered,7:14:14,3
6234,6230,Order,8:45:00,11
6235,2022,Order,16:28:59,1
6236,2413,Order,22:12:58,15
6237,1321,Not Delivered,17:01:14,4
6238,207,Order,17:28:11,1
6239,8625,Not Delivered,8:13:10,5
6240,3695,Order,23:58:36,18
6241,8048,Not Delivered,12:01:54,11
6242,7753,Order,3:46:33,16
6243,7265,Order,10:16:58,5
6244,4322,Order,4:28:44,14
6245,7766,Order,18:56:15,6
6246,8102,Order,19:57:49,12
6247,9827,Delivered,20:12:42,13
6248,273,Order,14:41:02,6
6249,3275,Order,23:13:44,5
6250,8648,Delivered,10:24:52,9
6251,2545,Not Delivered,7:14:18,5
6252,3902,Not Delivered,5:26:34,19
6253,8874,Delivered,5:15:38,17
6254,6316,Not Delivered,7:51:18,16
6255,951,Delivered,23:54:43,8
6256,3125,Order,19:01:04,15
6257,3623,Order,5:08:06,2
6258,3661,Not Delivered,16:57:35,16
6259,8377,Not Delivered,16:07:29,2
6260,8133,Not Delivered,4:41:52,11
6261,100,Not Delivered,9:19:04,4
6262,4396,Not Delivered,20:04:16,7
6263,6599,Not Delivered,7:46:13,18
6264,9559,Not Delivered,5:26:37,19
6265,3904,Not Delivered,9:47:41,11
6266,3828,Order,"1 day, 0:33:49",9
6267,4529,Order,10:32:11,9
6268,1910,Delivered,1:24:11,2
6269,7776,Not Delivered,2:29:05,2
6270,701,Delivered,13:23:22,13
6271,6881,Delivered,0:42:28,20
6272,5447,Delivered,2:44:42,5
6273,2782,Order,8:49:59,6
6274,6142,Order,1:30:44,19
6275,8228,Delivered,1:58:44,10
6276,6431,Delivered,17:46:23,20
6277,2352,Not Delivered,21:12:13,16
6278,6495,Delivered,"1 day, 0:24:32",14
6279,3442,Order,11:21:21,8
6280,7994,Order,7:20:06,9
6281,4186,Not Delivered,19:38:32,17
6282,8523,Not Delivered,8:09:53,14
6283,5944,Not Delivered,15:51:56,15
6284,6528,Delivered,9:48:58,7
6285,8120,Not Delivered,5:46:33,12
6286,3309,Order,9:20:26,9
6287,7972,Delivered,23:32:42,20
6288,9100,Delivered,8:39:21,16
6289,7647,Delivered,19:51:47,19
6290,4629,Not Delivered,16:04:24,14
6291,7261,Not Delivered,3:56:13,11
6292,5021,Delivered,15:15:14,19
6293,5732,Order,5:00:09,8
6294,1069,Order,10:14:52,9
6295,8300,Not Delivered,4:12:51,8
6296,6918,Order,14:02:26,7
6297,6723,Not Delivered,13:07:30,17
6298,8090,Order,22:52:49,10
6299,9434,Not Delivered,19:32:03,19
6300,7494,Order,15:48:44,7
6301,8290,Delivered,2:32:26,20
6302,9954,Not Delivered,10:05:00,10
6303,3775,Order,15:35:54,9
6304,2588,Not Delivered,4:12:15,7
6305,7560,Not Delivered,19:06:24,14
6306,2879,Not Delivered,4:17:22,12
6307,5587,Order,5:19:12,19
6308,6976,Order,7:21:29,7
6309,2476,Not Delivered,8:11:52,16
6310,4627,Not Delivered,2:54:14,6
6311,5445,Delivered,7:34:36,15
6312,8341,Not Delivered,18:14:43,5
6313,2492,Delivered,0:09:14,7
6314,6523,Delivered,8:06:47,6
6315,7317,Delivered,"1 day, 0:14:52",1
6316,7719,Delivered,3:50:36,4
6317,1601,Order,4:01:45,10
6318,1369,Not Delivered,9:28:12,7
6319,8305,Order,9:13:04,13
6320,9402,Order,23:52:16,11
6321,5330,Not Delivered,21:15:47,5
6322,6723,Delivered,18:32:34,12
6323,7164,Not Delivered,10:46:08,11
6324,1651,Not Delivered,12:15:21,20
6325,2051,Not Delivered,11:34:43,9
6326,7165,Order,15:49:39,4
6327,8643,Order,0:20:40,9
6328,1236,Not Delivered,7:13:55,7
6329,5921,Order,16:55:46,5
6330,5814,Delivered,2:05:55,7
6331,2771,Order,8:34:54,8
6332,1831,Not Delivered,6:10:53,19
6333,816,Delivered,6:30:21,14
6334,2287,Not Delivered,15:09:21,12
6335,8727,Not Delivered,13:26:07,8
6336,2981,Delivered,9:34:54,10
6337,9646,Order,5:59:59,11
6338,345,Order,17:32:25,2
6339,9313,Order,22:17:07,5
6340,3771,Delivered,6:50:48,2
6341,5056,Order,8:05:24,9
6342,1186,Not Delivered,2:35:54,13
6343,4286,Not Delivered,14:13:00,3
6344,7190,Delivered,8:23:58,7
6345,1034,Not Delivered,0:20:11,11
6346,3182,Order,18:04:01,10
6347,7021,Order,4:21:24,11
6348,6003,Delivered,1:36:09,7
6349,5601,Not Delivered,23:14:14,20
6350,3731,Delivered,18:35:43,10
6351,4538,Delivered,11:09:40,1
6352,2719,Delivered,"1 day, 0:15:38",8
6353,9160,Not Delivered,19:37:32,14
6354,6501,Delivered,8:30:27,6
6355,5847,Delivered,11:56:11,20
6356,2216,Delivered,13:29:12,20
6357,5651,Not Delivered,3:33:00,14
6358,2131,Not Delivered,1:26:21,10
6359,8608,Order,0:56:04,1
6360,1313,Order,3:39:47,20
6361,6844,Delivered,6:18:49,11
6362,9424,Delivered,19:42:22,19
6363,5404,Order,3:23:53,9
6364,7047,Order,21:13:29,3
6365,9765,Delivered,1:38:58,14
6366,1206,Order,9:23:59,1
6367,4660,Not Delivered,14:24:47,9
6368,285,Delivered,5:52:45,19
6369,5129,Delivered,0:12:56,3
6370,5027,Not Delivered,16:59:41,2
6371,3872,Not Delivered,20:47:56,4
6372,640,Not Delivered,6:45:52,15
6373,2675,Order,22:11:11,15
6374,7471,Delivered,7:54:44,20
6375,8172,Not Delivered,5:21:02,14
6376,3948,Order,11:19:06,10
6377,7591,Delivered,15:14:30,5
6378,9899,Order,23:20:00,15
6379,1710,Delivered,23:18:24,13
6380,2628,Delivered,23:48:58,20
6381,5307,Delivered,4:33:54,4
6382,1174,Order,10:10:06,20
6383,3854,Delivered,11:03:16,16
6384,4454,Delivered,17:45:56,7
6385,8788,Order,20:17:10,13
6386,4326,Not Delivered,19:48:21,4
6387,4424,Not Delivered,15:52:35,16
6388,5585,Order,21:01:50,9
6389,7427,Delivered,22:21:08,14
6390,6915,Order,22:31:59,9
6391,7176,Delivered,5:36:06,15
6392,1125,Not Delivered,8:36:02,8
6393,1843,Not Delivered,0:18:46,15
6394,7523,Order,7:06:43,10
6395,5157,Order,3:55:59,13
6396,206,Delivered,12:37:12,10
6397,9199,Not Delivered,14:56:46,7
6398,7368,Delivered,17:32:37,9
6399,9317,Delivered,2:14:31,3
6400,914,Delivered,15:44:24,15
6401,5400,Not Delivered,23:00:57,17
6402,1579,Order,3:36:10,13
6403,4247,Not Delivered,21:37:48,20
6404,9762,Delivered,2:55:36,11
6405,2709,Order,8:09:04,15
6406,2251,Order,6:46:12,11
6407,7835,Order,20:11:01,1
6408,4238,Order,23:05:57,12
6409,4253,Not Delivered,12:41:44,4
6410,8433,Not Delivered,4:37:34,20
6411,8389,Order,15:02:48,3
6412,7608,Not Delivered,14:23:04,12
6413,7840,Delivered,3:37:21,4
6414,6914,Delivered,15:00:09,18
6415,1355,Order,17:21:42,6
6416,8926,Order,11:27:31,17
6417,6019,Not Delivered,1:27:07,6
6418,6523,Not Delivered,12:33:24,5
6419,5008,Not Delivered,2:13:57,20
6420,1150,Order,2:21:08,2
6421,8961,Delivered,4:00:37,1
6422,413,Not Delivered,5:59:51,10
6423,3512,Not Delivered,10:53:18,18
6424,6501,Not Delivered,12:30:55,7
6425,5021,Order,5:50:45,16
6426,9982,Order,8:52:12,12
6427,3095,Not Delivered,10:03:55,10
6428,6665,Delivered,20:26:20,16
6429,5571,Delivered,11:08:11,14
6430,5225,Not Delivered,"1 day, 0:58:15",8
6431,5975,Order,1:19:33,15
6432,3427,Delivered,6:40:14,10
6433,1636,Not Delivered,2:07:57,5
6434,9422,Order,16:02:31,7
6435,8154,Order,12:23:32,17
6436,1707,Delivered,1:47:56,17
6437,9093,Not Delivered,"1 day, 0:23:13",18
6438,1464,Delivered,3:42:31,16
6439,4101,Delivered,13:27:12,1
6440,6106,Not Delivered,20:56:03,12
6441,4188,Not Delivered,5:50:10,19
6442,4363,Order,8:47:05,8
6443,1953,Delivered,17:21:01,3
6444,280,Not Delivered,6:01:03,3
6445,2316,Not Delivered,16:51:13,16
6446,6804,Delivered,7:18:44,16
6447,7148,Delivered,7:40:25,15
6448,3724,Order,21:56:29,10
6449,754,Order,8:53:32,20
6450,5653,Delivered,16:09:58,10
6451,1153,Not Delivered,5:42:01,19
6452,8389,Delivered,6:40:18,11
6453,5366,Order,16:36:51,2
6454,1321,Delivered,4:51:41,10
6455,8093,Not Delivered,13:56:01,9
6456,1099,Delivered,18:06:35,14
6457,6180,Not Delivered,10:08:09,13
6458,971,Order,17:12:34,15
6459,379,Delivered,16:42:47,13
6460,9523,Order,10:12:03,19
6461,4021,Not Delivered,11:42:50,20
6462,3641,Delivered,19:27:34,4
6463,3182,Not Delivered,21:55:00,3
6464,9462,Not Delivered,14:51:30,19
6465,3701,Not Delivered,7:22:54,20
6466,6826,Delivered,11:28:50,14
6467,2263,Order,21:00:44,5
6468,5972,Delivered,23:46:26,11
6469,2518,Not Delivered,23:36:54,4
6470,9937,Not Delivered,17:36:53,4
6471,2378,Order,5:04:17,3
6472,4018,Order,23:40:24,14
6473,8076,Order,18:51:44,6
6474,5245,Delivered,3:56:26,13
6475,9422,Order,1:43:59,15
6476,6104,Delivered,13:52:57,18
6477,1702,Order,0:59:29,5
6478,4969,Order,14:08:54,2
6479,2759,Order,19:30:55,10
6480,3638,Not Delivered,0:37:52,11
6481,2761,Not Delivered,19:08:15,20
6482,567,Delivered,20:52:38,13
6483,6603,Order,19:43:43,6
6484,283,Delivered,16:25:03,16
6485,2202,Order,5:32:21,8
6486,1832,Delivered,12:40:35,7
6487,8044,Delivered,20:18:09,5
6488,9087,Delivered,23:24:16,10
6489,8859,Not Delivered,5:55:16,12
6490,5552,Order,3:08:36,16
6491,2518,Delivered,5:23:25,13
6492,1841,Delivered,14:13:32,2
6493,2265,Delivered,22:56:34,14
6494,1506,Delivered,2:11:29,8
6495,3570,Not Delivered,18:48:06,9
6496,657,Order,17:41:50,17
6497,8710,Not Delivered,2:23:55,3
6498,4144,Not Delivered,17:35:50,2
6499,7281,Delivered,0:19:09,7
6500,973,Delivered,12:53:35,6
6501,6586,Not Delivered,10:13:18,9
6502,4655,Order,21:15:30,17
6503,457,Not Delivered,3:51:58,19
6504,2596,Order,16:07:28,13
6505,9280,Order,18:13:48,2
6506,9142,Delivered,16:25:03,14
6507,5904,Delivered,0:50:51,10
6508,2982,Order,1:33:28,2
6509,2525,Delivered,5:22:12,1
6510,6685,Order,3:11:19,20
6511,5345,Delivered,15:38:30,17
6512,3905,Order,0:57:23,13
6513,5496,Not Delivered,9:08:22,9
6514,9613,Not Delivered,11:44:36,5
6515,4561,Delivered,23:44:20,17
6516,7656,Order,17:46:12,15
6517,9180,Not Delivered,5:37:13,17
6518,8602,Delivered,"1 day, 0:55:14",18
6519,5164,Not Delivered,19:56:47,3
6520,627,Order,1:41:11,10
6521,3910,Delivered,13:00:53,8
6522,8475,Not Delivered,23:04:35,20
6523,496,Order,23:32:38,8
6524,3435,Order,8:03:40,17
6525,4325,Not Delivered,17:24:25,15
6526,6878,Delivered,19:03:47,13
6527,4715,Delivered,19:48:38,10
6528,431,Not Delivered,5:24:36,20
6529,3432,Delivered,14:21:25,2
6530,8201,Not Delivered,1:30:15,3
6531,3892,Order,21:23:42,6
6532,5931,Order,16:02:08,17
6533,8861,Order,18:46:25,9
6534,475,Not Delivered,3:26:33,17
6535,9564,Delivered,13:39:36,5
6536,4230,Not Delivered,21:04:00,1
6537,9792,Delivered,4:11:35,8
6538,4488,Order,5:11:35,6
6539,511,Not Delivered,19:29:31,17
6540,3407,Delivered,16:38:56,7
6541,9453,Not Delivered,0:16:14,5
6542,2627,Not Delivered,10:06:28,12
6543,3414,Delivered,17:05:17,10
6544,6819,Delivered,15:02:14,9
6545,4913,Order,3:06:09,18
6546,7374,Not Delivered,12:36:43,20
6547,9200,Delivered,1:17:54,13
6548,6449,Delivered,7:03:21,7
6549,497,Not Delivered,7:09:09,13
6550,1564,Delivered,21:56:30,9
6551,8859,Order,0:32:47,9
6552,4343,Delivered,3:50:26,14
6553,6044,Delivered,18:59:31,16
6554,4271,Delivered,14:46:27,15
6555,7207,Not Delivered,0:56:14,8
6556,8307,Order,1:58:40,20
6557,9701,Delivered,13:31:06,6
6558,1849,Not Delivered,20:34:42,9
6559,6742,Not Delivered,11:40:19,14
6560,4876,Not Delivered,7:05:52,3
6561,3907,Delivered,7:07:44,18
6562,8677,Delivered,13:26:24,19
6563,9139,Not Delivered,22:22:52,2
6564,137,Delivered,17:38:43,5
6565,8583,Delivered,6:12:32,12
6566,1571,Order,16:28:17,18
6567,5901,Order,23:26:55,12
6568,7535,Delivered,16:00:49,18
6569,8750,Order,14:23:29,16
6570,5539,Order,10:57:25,17
6571,4506,Delivered,12:42:22,5
6572,7400,Delivered,14:33:12,5
6573,3389,Not Delivered,13:48:43,8
6574,8453,Order,3:23:28,1
6575,7312,Not Delivered,8:17:09,1
6576,8195,Not Delivered,"1 day, 0:01:05",10
6577,8160,Order,3:45:29,7
6578,9498,Not Delivered,4:52:29,14
6579,9394,Order,11:33:09,15
6580,1797,Delivered,7:55:48,2
6581,8382,Order,21:30:53,2
6582,7329,Order,22:42:22,19
6583,798,Order,18:23:05,6
6584,1199,Delivered,19:54:01,6
6585,286,Delivered,10:37:40,18
6586,1536,Not Delivered,9:33:11,15
6587,8827,Order,3:12:29,13
6588,9419,Delivered,9:25:36,19
6589,1566,Delivered,3:07:23,11
6590,9703,Not Delivered,14:43:51,8
6591,2883,Order,9:20:59,20
6592,9966,Delivered,5:52:24,6
6593,7980,Delivered,9:21:32,17
6594,5759,Not Delivered,23:50:28,11
6595,737,Not Delivered,11:38:30,11
6596,9592,Not Delivered,21:14:39,20
6597,941,Order,3:51:46,13
6598,7925,Delivered,22:42:55,16
6599,5102,Delivered,11:23:20,9
6600,1432,Not Delivered,5:41:09,20
6601,568,Not Delivered,20:40:37,10
6602,3436,Not Delivered,8:04:00,19
6603,5890,Delivered,11:08:08,13
6604,6196,Not Delivered,2:18:42,8
6605,8671,Not Delivered,23:53:40,16
6606,7853,Delivered,15:23:25,11
6607,2065,Delivered,13:27:23,2
6608,6180,Not Delivered,17:25:58,12
6609,5656,Not Delivered,9:24:02,16
6610,2890,Order,4:49:27,19
6611,9313,Order,5:45:39,16
6612,615,Order,5:17:25,3
6613,2136,Not Delivered,7:08:00,3
6614,882,Order,20:09:57,5
6615,9745,Not Delivered,20:34:47,10
6616,6286,Not Delivered,22:30:38,18
6617,8824,Delivered,14:09:37,12
6618,6051,Order,7:35:23,1
6619,3101,Not Delivered,23:30:05,7
6620,9731,Not Delivered,21:49:11,4
6621,6835,Delivered,22:59:54,17
6622,1574,Not Delivered,23:12:52,20
6623,3226,Order,9:46:09,12
6624,7994,Not Delivered,5:22:40,8
6625,736,Not Delivered,6:35:20,16
6626,6032,Delivered,6:33:32,13
6627,9864,Order,18:57:31,12
6628,9149,Order,21:27:58,6
6629,778,Not Delivered,8:57:09,3
6630,8629,Not Delivered,14:45:08,2
6631,3017,Not Delivered,1:42:39,14
6632,3157,Delivered,19:33:24,6
6633,9991,Not Delivered,20:05:14,18
6634,4712,Not Delivered,2:58:43,17
6635,1102,Order,12:43:36,17
6636,8550,Delivered,16:05:45,20
6637,7139,Delivered,20:18:13,6
6638,277,Delivered,14:28:24,7
6639,884,Delivered,4:48:58,7
6640,4166,Not Delivered,18:42:12,4
6641,8179,Order,10:08:21,6
6642,4069,Delivered,7:38:45,15
6643,8624,Delivered,13:12:22,19
6644,9190,Delivered,10:07:46,12
6645,1099,Not Delivered,7:09:46,8
6646,9864,Delivered,11:24:51,4
6647,4975,Order,9:13:18,3
6648,8437,Not Delivered,11:01:19,1
6649,8544,Order,14:10:31,3
6650,3387,Not Delivered,7:55:57,10
6651,4289,Order,23:08:23,2
6652,2942,Delivered,15:45:22,3
6653,9849,Order,21:07:09,1
6654,3960,Not Delivered,22:39:13,5
6655,3049,Not Delivered,15:05:04,3
6656,4853,Order,1:38:02,17
6657,4393,Order,10:48:24,11
6658,1676,Delivered,21:37:45,15
6659,2609,Delivered,8:46:50,3
6660,8298,Order,19:34:16,5
6661,5877,Delivered,9:20:44,7
6662,5268,Not Delivered,6:55:56,18
6663,4014,Order,3:35:37,4
6664,6848,Order,11:00:54,9
6665,7740,Not Delivered,10:28:23,7
6666,2867,Order,6:47:09,13
6667,2134,Delivered,4:17:52,1
6668,4815,Not Delivered,4:13:30,15
6669,437,Not Delivered,12:57:13,7
6670,8496,Not Delivered,13:45:12,5
6671,7505,Delivered,2:29:16,17
6672,8141,Order,23:31:29,19
6673,2606,Order,23:12:22,5
6674,8410,Not Delivered,13:23:23,16
6675,5353,Order,22:00:07,9
6676,4390,Order,2:47:32,14
6677,1755,Delivered,17:14:05,7
6678,3091,Not Delivered,23:15:40,18
6679,3601,Not Delivered,23:55:21,4
6680,6612,Delivered,16:12:32,2
6681,3104,Delivered,20:04:27,6
6682,5508,Not Delivered,14:49:42,13
6683,9259,Not Delivered,2:25:35,15
6684,7009,Order,12:32:27,8
6685,4103,Delivered,21:25:17,15
6686,6331,Delivered,10:46:01,15
6687,4922,Not Delivered,0:45:57,5
6688,3430,Not Delivered,16:05:14,1
6689,9746,Not Delivered,17:48:19,8
6690,2126,Delivered,1:11:06,15
6691,3800,Order,22:14:57,7
6692,5199,Delivered,21:00:25,16
6693,6899,Not Delivered,12:05:57,6
6694,7421,Order,4:25:27,19
6695,5424,Delivered,7:03:19,17
6696,4318,Order,9:18:12,10
6697,9172,Not Delivered,8:35:41,17
6698,3210,Order,14:46:54,17
6699,8664,Not Delivered,3:38:35,11
6700,7053,Not Delivered,21:07:04,1
6701,7623,Order,15:13:53,9
6702,516,Not Delivered,14:35:15,18
6703,2343,Delivered,0:37:43,15
6704,8390,Delivered,19:33:03,11
6705,3711,Delivered,4:06:09,14
6706,3630,Order,10:07:18,15
6707,5857,Not Delivered,21:32:15,11
6708,9922,Delivered,10:26:51,6
6709,3577,Not Delivered,"1 day, 0:27:03",20
6710,6230,Delivered,10:03:47,1
6711,4256,Order,14:44:48,3
6712,9552,Not Delivered,5:24:30,17
6713,8951,Order,20:35:08,19
6714,9392,Delivered,1:44:04,8
6715,6157,Order,18:02:55,2
6716,3440,Not Delivered,18:16:17,1
6717,9901,Delivered,23:04:57,10
6718,9514,Delivered,17:24:44,2
6719,6607,Not Delivered,5:55:51,18
6720,7839,Delivered,22:06:41,10
6721,8354,Order,"1 day, 0:05:27",15
6722,8557,Delivered,10:26:20,4
6723,3201,Delivered,14:59:44,10
6724,2936,Not Delivered,8:11:08,7
6725,172,Delivered,12:58:37,5
6726,5182,Delivered,22:37:08,8
6727,2416,Order,10:25:15,17
6728,2715,Order,8:33:26,9
6729,4496,Delivered,20:29:43,19
6730,8021,Order,21:57:00,10
6731,7090,Order,22:48:57,5
6732,9160,Delivered,15:25:56,11
6733,189,Not Delivered,5:05:13,11
6734,1768,Delivered,23:53:56,6
6735,4086,Delivered,22:54:12,20
6736,9231,Delivered,15:05:37,2
6737,8795,Order,0:21:54,14
6738,3862,Not Delivered,21:09:30,20
6739,7985,Delivered,22:48:43,4
6740,757,Delivered,2:03:16,7
6741,6407,Order,21:03:51,1
6742,2045,Delivered,20:59:40,16
6743,3862,Order,13:33:16,4
6744,4280,Not Delivered,2:01:40,13
6745,7032,Delivered,6:56:39,17
6746,2684,Order,17:58:51,20
6747,6891,Not Delivered,4:55:59,10
6748,9577,Not Delivered,1:48:42,20
6749,2033,Delivered,18:38:15,1
6750,1574,Not Delivered,7:43:49,12
6751,9233,Not Delivered,6:21:49,3
6752,4890,Order,7:57:07,6
6753,4802,Order,"1 day, 0:54:34",4
6754,9834,Order,12:35:06,9
6755,1034,Delivered,7:24:22,11
6756,4959,Not Delivered,0:07:12,12
6757,757,Not Delivered,11:38:05,9
6758,2858,Delivered,12:10:02,10
6759,5714,Not Delivered,16:31:11,1
6760,9717,Not Delivered,1:45:08,13
6761,1823,Delivered,12:11:00,8
6762,3826,Order,4:06:45,13
6763,1700,Order,1:53:21,12
6764,3572,Order,4:53:00,13
6765,6372,Order,10:16:54,15
6766,4155,Not Delivered,19:36:10,14
6767,4218,Delivered,13:03:57,6
6768,9824,Not Delivered,1:56:33,13
6769,1471,Delivered,8:32:15,8
6770,2817,Delivered,19:37:21,5
6771,8632,Order,17:00:09,1
6772,5858,Not Delivered,1:06:29,20
6773,4697,Not Delivered,5:31:14,9
6774,8801,Not Delivered,23:14:53,9
6775,6621,Not Delivered,18:25:57,16
6776,4502,Delivered,8:02:53,7
6777,5389,Delivered,1:46:05,6
6778,9138,Order,7:15:39,4
6779,9901,Not Delivered,14:48:53,1
6780,6197,Not Delivered,7:18:04,9
6781,7519,Order,11:50:49,8
6782,9134,Delivered,3:38:51,2
6783,2089,Order,9:50:24,6
6784,8371,Order,9:01:21,8
6785,5517,Delivered,11:46:51,7
6786,1904,Delivered,13:13:36,20
6787,4739,Not Delivered,10:48:42,12
6788,3993,Not Delivered,13:24:08,10
6789,9105,Not Delivered,13:46:07,16
6790,9091,Not Delivered,2:36:17,14
6791,768,Not Delivered,10:22:47,12
6792,2856,Not Delivered,13:07:12,12
6793,8827,Not Delivered,4:02:17,19
6794,766,Order,7:30:17,10
6795,4333,Not Delivered,4:09:12,7
6796,1393,Delivered,7:25:29,10
6797,8211,Not Delivered,3:49:48,20
6798,4917,Delivered,3:09:46,13
6799,5999,Delivered,20:00:46,4
6800,6826,Order,22:55:04,7
6801,4076,Order,22:45:50,6
6802,4399,Not Delivered,5:34:30,1
6803,6363,Order,22:03:30,8
6804,3480,Delivered,21:23:41,18
6805,4309,Delivered,19:57:29,18
6806,9219,Order,21:16:50,1
6807,1997,Order,12:44:51,16
6808,492,Delivered,3:57:15,7
6809,9108,Delivered,9:16:22,18
6810,2359,Not Delivered,11:01:27,6
6811,8012,Order,9:43:52,20
6812,5421,Not Delivered,18:01:07,16
6813,4404,Order,19:34:34,1
6814,5347,Order,12:51:57,12
6815,6470,Order,0:08:47,15
6816,1730,Not Delivered,0:08:13,16
6817,5444,Order,19:52:17,4
6818,1024,Delivered,15:39:59,19
6819,148,Order,8:16:05,4
6820,5817,Delivered,4:57:19,6
6821,475,Delivered,8:33:09,10
6822,6368,Delivered,16:16:06,9
6823,1346,Delivered,22:05:48,3
6824,511,Order,15:13:07,3
6825,4798,Not Delivered,23:20:14,11
6826,9875,Order,3:52:35,4
6827,5413,Order,1:29:29,12
6828,1854,Delivered,18:20:04,13
6829,1497,Delivered,23:48:01,14
6830,7080,Delivered,21:51:28,15
6831,2645,Not Delivered,19:11:26,13
6832,2986,Delivered,16:22:31,15
6833,8312,Order,23:02:01,19
6834,4437,Not Delivered,15:16:23,19
6835,8233,Not Delivered,11:18:25,15
6836,8765,Not Delivered,1:15:39,15
6837,175,Delivered,4:16:07,19
6838,9110,Delivered,6:28:44,7
6839,1552,Not Delivered,5:37:09,5
6840,7105,Not Delivered,23:52:45,3
6841,2827,Order,16:12:31,12
6842,2560,Delivered,2:00:06,20
6843,4394,Not Delivered,20:27:09,1
6844,2768,Order,18:07:12,10
6845,1212,Delivered,16:42:06,13
6846,9516,Order,4:23:59,17
6847,2658,Delivered,2:37:55,8
6848,6120,Delivered,4:46:11,6
6849,682,Delivered,14:31:18,9
6850,6053,Order,11:22:58,20
6851,9846,Order,9:48:34,8
6852,9775,Not Delivered,8:18:13,11
6853,8329,Delivered,0:48:11,19
6854,972,Not Delivered,18:31:31,2
6855,3160,Delivered,14:29:59,12
6856,4321,Delivered,2:28:39,18
6857,6136,Delivered,1:12:09,9
6858,5995,Not Delivered,6:58:51,17
6859,2881,Not Delivered,9:53:53,19
6860,1914,Delivered,3:24:01,5
6861,4563,Delivered,23:26:16,1
6862,464,Order,5:46:46,6
6863,1440,Order,14:43:28,13
6864,2202,Delivered,15:21:43,1
6865,4378,Not Delivered,6:20:04,6
6866,997,Order,22:44:54,3
6867,5751,Not Delivered,16:38:44,15
6868,7049,Order,21:39:42,20
6869,8521,Not Delivered,6:25:44,18
6870,8956,Not Delivered,11:31:52,3
6871,6960,Order,8:22:23,11
6872,6513,Delivered,10:19:04,19
6873,9044,Delivered,18:55:13,20
6874,2894,Order,15:32:35,15
6875,8947,Order,14:22:53,11
6876,6159,Not Delivered,8:17:55,3
6877,920,Not Delivered,1:53:47,15
6878,8958,Delivered,19:18:16,11
6879,491,Order,11:41:32,8
6880,223,Not Delivered,5:52:27,10
6881,8650,Order,4:21:29,4
6882,3807,Delivered,15:04:03,12
6883,5675,Not Delivered,9:40:00,11
6884,3276,Order,7:22:02,9
6885,7875,Not Delivered,11:56:32,10
6886,3678,Order,"1 day, 0:42:32",17
6887,9282,Not Delivered,20:08:56,2
6888,8645,Delivered,3:38:58,12
6889,4545,Delivered,19:20:35,7
6890,1484,Order,8:29:16,19
6891,736,Not Delivered,13:31:05,12
6892,8532,Delivered,10:37:37,19
6893,2718,Delivered,9:50:09,2
6894,936,Not Delivered,21:48:09,8
6895,740,Delivered,18:18:48,7
6896,1667,Order,2:56:31,11
6897,3233,Not Delivered,18:37:38,6
6898,6274,Delivered,1:06:39,19
6899,7323,Not Delivered,11:09:17,5
6900,9814,Delivered,12:31:21,9
6901,2012,Delivered,10:21:37,3
6902,1233,Delivered,0:40:39,20
6903,9016,Order,10:03:15,20
6904,4895,Delivered,13:41:08,2
6905,4039,Not Delivered,13:48:56,13
6906,9419,Not Delivered,20:41:45,3
6907,4954,Order,23:22:27,1
6908,6112,Order,8:27:35,14
6909,715,Delivered,9:12:04,2
6910,603,Order,1:18:18,10
6911,4887,Delivered,7:38:26,12
6912,1237,Delivered,14:22:30,10
6913,2460,Not Delivered,4:34:36,16
6914,4204,Not Delivered,23:18:40,2
6915,8233,Delivered,22:14:21,18
6916,4341,Not Delivered,21:46:47,3
6917,1556,Order,20:08:32,19
6918,2973,Order,6:02:40,10
6919,6053,Order,4:16:48,17
6920,2955,Not Delivered,4:38:22,4
6921,3933,Order,5:51:30,9
6922,3020,Delivered,12:17:41,13
6923,6754,Order,21:53:55,17
6924,6342,Order,10:24:34,20
6925,5679,Delivered,7:05:20,20
6926,2322,Not Delivered,"1 day, 0:30:45",3
6927,4767,Delivered,15:42:48,8
6928,2680,Not Delivered,12:45:30,2
6929,619,Not Delivered,8:42:16,7
6930,1736,Delivered,22:26:47,8
6931,6107,Order,18:17:12,5
6932,4921,Delivered,19:25:47,6
6933,6414,Not Delivered,13:23:58,6
6934,9218,Not Delivered,15:27:39,6
6935,4314,Order,22:15:12,20
6936,5039,Delivered,6:41:04,11
6937,2829,Delivered,16:46:01,13
6938,5372,Not Delivered,2:27:03,6
6939,4328,Delivered,18:18:53,20
6940,7926,Not Delivered,5:51:11,2
6941,2795,Order,23:13:52,5
6942,3256,Delivered,20:51:41,1
6943,850,Delivered,7:36:12,16
6944,6043,Not Delivered,2:41:15,7
6945,6080,Order,22:25:20,12
6946,3888,Order,18:59:16,17
6947,7516,Not Delivered,19:18:31,9
6948,4940,Delivered,7:32:20,14
6949,3576,Delivered,13:45:35,8
6950,6140,Delivered,15:22:15,4
6951,3854,Order,12:58:38,13
6952,7228,Delivered,8:49:44,12
6953,7315,Order,"1 day, 0:38:11",3
6954,4617,Not Delivered,14:12:21,3
6955,4726,Not Delivered,13:15:12,19
6956,6823,Not Delivered,5:43:30,2
6957,7687,Not Delivered,23:50:53,11
6958,308,Delivered,6:52:33,8
6959,3174,Not Delivered,21:07:46,18
6960,8057,Delivered,0:23:40,11
6961,1036,Delivered,10:24:33,2
6962,8364,Order,1:51:34,14
6963,2565,Order,20:52:56,5
6964,7752,Not Delivered,10:47:57,13
6965,8721,Delivered,"1 day, 0:34:36",6
6966,9102,Delivered,"1 day, 0:45:36",17
6967,141,Order,17:21:38,3
6968,5910,Order,12:14:01,4
6969,456,Not Delivered,23:28:30,3
6970,9766,Delivered,19:06:44,19
6971,8295,Order,5:30:44,8
6972,1357,Order,0:10:00,8
6973,7469,Not Delivered,18:48:07,14
6974,1897,Delivered,3:10:37,1
6975,3273,Order,15:50:49,18
6976,1369,Not Delivered,12:02:48,15
6977,8216,Delivered,1:44:52,19
6978,5292,Order,8:27:21,1
6979,9108,Delivered,11:52:48,2
6980,9380,Delivered,19:30:35,20
6981,1722,Delivered,8:48:25,12
6982,9394,Delivered,4:08:26,13
6983,7528,Not Delivered,6:37:15,12
6984,4466,Order,20:34:47,4
6985,2546,Order,6:55:36,14
6986,535,Order,8:07:18,20
6987,4804,Delivered,22:15:34,20
6988,6592,Delivered,23:48:26,20
6989,5379,Delivered,13:44:10,9
6990,5655,Delivered,0:53:14,7
6991,1129,Delivered,9:25:31,2
6992,577,Delivered,16:22:05,1
6993,2134,Order,21:22:17,16
6994,1437,Order,7:54:23,5
6995,3937,Delivered,6:22:28,19
6996,8864,Not Delivered,20:40:04,10
6997,7374,Order,22:38:03,18
6998,3628,Delivered,8:44:21,10
6999,2683,Delivered,17:31:42,13
7000,921,Delivered,16:24:22,12
7001,5417,Order,"1 day, 0:01:33",11
7002,9875,Delivered,1:02:21,5
7003,5934,Delivered,1:04:24,15
7004,1742,Delivered,5:45:56,2
7005,5223,Delivered,19:25:44,8
7006,2290,Not Delivered,3:45:28,3
7007,9549,Delivered,23:24:32,20
7008,3126,Not Delivered,0:56:52,5
7009,9358,Order,2:12:50,5
7010,7093,Delivered,6:31:33,15
7011,5366,Not Delivered,21:39:22,10
7012,8240,Delivered,2:22:07,2
7013,6874,Not Delivered,9:40:00,3
7014,5896,Order,2:20:47,3
7015,5644,Order,11:06:41,12
7016,1211,Delivered,18:06:26,11
7017,8865,Order,1:54:24,16
7018,9857,Not Delivered,6:14:44,7
7019,3925,Not Delivered,"1 day, 0:32:59",3
7020,5215,Order,4:10:54,8
7021,3694,Not Delivered,2:26:55,19
7022,9728,Order,5:18:19,9
7023,9120,Delivered,1:18:28,10
7024,1733,Delivered,22:51:28,14
7025,9553,Order,12:25:31,10
7026,2096,Delivered,18:18:02,15
7027,3598,Not Delivered,22:30:17,3
7028,1330,Order,7:21:00,13
7029,8939,Order,16:54:09,11
7030,1855,Order,19:56:06,5
7031,8836,Not Delivered,15:45:48,11
7032,5480,Order,7:42:41,18
7033,8668,Delivered,1:29:24,7
7034,1470,Delivered,0:45:40,5
7035,5165,Not Delivered,11:12:56,8
7036,7773,Delivered,6:58:46,6
7037,7405,Not Delivered,22:25:44,3
7038,5973,Delivered,23:58:50,3
7039,5669,Not Delivered,14:07:05,4
7040,8192,Delivered,12:31:17,15
7041,3575,Not Delivered,17:04:22,19
7042,8039,Delivered,21:30:18,6
7043,7829,Not Delivered,21:06:09,17
7044,3954,Not Delivered,23:37:07,2
7045,297,Delivered,19:29:55,16
7046,3836,Delivered,10:17:35,12
7047,9986,Delivered,11:40:12,7
7048,4515,Order,1:54:42,7
7049,832,Order,12:19:50,6
7050,9287,Not Delivered,19:02:08,13
7051,6353,Not Delivered,"1 day, 0:06:59",16
7052,3598,Delivered,6:42:11,14
7053,6667,Delivered,"1 day, 0:49:54",8
7054,7995,Order,5:15:28,10
7055,1306,Order,"1 day, 0:00:49",19
7056,8209,Not Delivered,18:29:02,1
7057,6277,Not Delivered,18:48:32,14
7058,9950,Delivered,21:56:26,18
7059,2504,Delivered,4:46:32,13
7060,8401,Delivered,5:06:21,18
7061,6674,Order,13:36:35,5
7062,6614,Not Delivered,21:23:03,19
7063,5374,Not Delivered,3:21:42,17
7064,3111,Not Delivered,16:39:26,7
7065,6588,Delivered,8:09:50,15
7066,6961,Delivered,5:46:53,4
7067,2673,Order,20:33:44,9
7068,2637,Not Delivered,5:54:39,14
7069,9335,Order,17:32:18,4
7070,2547,Delivered,21:46:41,3
7071,1888,Not Delivered,18:49:49,18
7072,2824,Delivered,8:30:31,4
7073,7153,Delivered,"1 day, 0:09:29",13
7074,8495,Order,6:07:31,5
7075,4802,Not Delivered,6:18:42,8
7076,8433,Delivered,2:22:26,4
7077,6180,Not Delivered,21:50:38,12
7078,5726,Delivered,22:16:21,11
7079,182,Not Delivered,"1 day, 0:47:35",5
7080,3095,Not Delivered,"1 day, 0:04:32",11
7081,2029,Order,22:21:48,9
7082,3104,Delivered,19:19:07,6
7083,3140,Not Delivered,23:06:01,7
7084,2327,Not Delivered,4:32:15,20
7085,7506,Order,5:01:31,6
7086,7411,Delivered,22:10:23,5
7087,4493,Not Delivered,13:13:25,16
7088,4594,Order,5:05:27,13
7089,709,Order,1:59:25,5
7090,761,Not Delivered,12:44:07,14
7091,5111,Not Delivered,0:22:53,4
7092,6654,Delivered,16:53:25,17
7093,8244,Delivered,12:32:34,2
7094,7103,Not Delivered,3:37:33,19
7095,4138,Delivered,6:07:10,13
7096,7154,Delivered,2:40:15,10
7097,1019,Order,14:18:20,20
7098,9305,Delivered,22:48:52,15
7099,9322,Delivered,20:32:59,12
7100,7238,Order,19:42:17,20
7101,9155,Delivered,7:03:42,15
7102,7162,Order,18:10:28,13
7103,3177,Delivered,1:08:21,18
7104,4373,Delivered,3:08:44,14
7105,160,Order,19:26:48,4
7106,6032,Not Delivered,10:04:57,11
7107,4691,Delivered,"1 day, 0:10:53",4
7108,3215,Order,23:41:43,6
7109,3827,Not Delivered,20:39:50,8
7110,2677,Delivered,9:50:13,8
7111,2153,Delivered,17:25:21,18
7112,2179,Not Delivered,22:00:59,3
7113,5110,Not Delivered,21:14:03,2
7114,6616,Delivered,14:45:07,11
7115,2191,Not Delivered,2:10:29,9
7116,8062,Delivered,2:31:47,5
7117,8748,Delivered,18:56:04,16
7118,3964,Order,18:20:58,4
7119,9886,Not Delivered,4:50:20,7
7120,2212,Delivered,19:41:44,17
7121,4678,Not Delivered,23:33:53,10
7122,1830,Order,6:00:35,19
7123,893,Not Delivered,16:43:12,19
7124,6488,Order,12:19:32,2
7125,1331,Delivered,"1 day, 0:30:58",19
7126,9858,Delivered,20:48:18,11
7127,570,Not Delivered,8:01:22,11
7128,7276,Order,5:48:50,19
7129,9246,Delivered,"1 day, 0:23:10",9
7130,2299,Delivered,3:00:02,6
7131,6639,Order,18:39:55,4
7132,7505,Delivered,20:35:14,8
7133,2359,Not Delivered,22:26:54,8
7134,697,Not Delivered,23:30:02,6
7135,150,Order,7:44:19,14
7136,4596,Not Delivered,20:18:26,6
7137,6104,Delivered,5:39:43,11
7138,3175,Not Delivered,11:29:34,1
7139,9663,Order,1:41:21,4
7140,1595,Not Delivered,18:01:39,14
7141,7037,Order,21:54:43,15
7142,5563,Delivered,7:28:51,12
7143,3733,Order,8:05:13,2
7144,8897,Order,19:44:49,14
7145,8634,Delivered,17:40:51,8
7146,9795,Delivered,20:00:30,8
7147,5163,Delivered,17:22:29,5
7148,2698,Order,10:35:15,19
7149,2484,Order,1:31:04,4
7150,1106,Order,12:53:26,5
7151,8660,Not Delivered,20:54:00,8
7152,4615,Delivered,21:35:43,11
7153,3197,Order,0:08:29,7
7154,5563,Not Delivered,"1 day, 0:08:48",9
7155,1175,Order,7:47:06,13
7156,7613,Delivered,10:45:15,8
7157,6209,Not Delivered,20:07:33,14
7158,2156,Not Delivered,17:35:41,13
7159,525,Delivered,22:18:25,15
7160,7722,Order,"1 day, 0:53:49",15
7161,4833,Order,14:23:52,12
7162,140,Order,6:57:06,7
7163,4777,Delivered,14:09:30,13
7164,3088,Not Delivered,11:42:50,7
7165,6368,Delivered,17:52:14,11
7166,2077,Order,6:25:06,20
7167,9268,Not Delivered,21:54:47,17
7168,5759,Not Delivered,4:26:47,1
7169,9176,Order,1:08:16,16
7170,1347,Order,12:44:43,4
7171,6561,Delivered,16:51:38,10
7172,942,Delivered,11:44:32,18
7173,5577,Order,6:02:28,11
7174,864,Delivered,8:58:28,20
7175,8067,Delivered,10:13:14,20
7176,4852,Delivered,8:42:22,4
7177,1675,Order,3:10:02,4
7178,8162,Not Delivered,9:14:12,1
7179,7776,Order,10:10:56,16
7180,7096,Delivered,5:20:00,3
7181,9115,Not Delivered,13:51:06,2
7182,8075,Not Delivered,12:49:11,11
7183,2997,Delivered,18:12:28,19
7184,5556,Delivered,6:12:25,4
7185,537,Order,21:14:13,9
7186,902,Delivered,11:46:06,14
7187,8990,Delivered,7:32:04,8
7188,139,Delivered,23:20:04,14
7189,3972,Not Delivered,19:36:25,3
7190,1210,Not Delivered,10:47:38,20
7191,533,Order,2:35:44,20
7192,9578,Not Delivered,23:54:02,1
7193,7972,Not Delivered,20:58:13,15
7194,186,Not Delivered,16:15:42,15
7195,2599,Delivered,9:27:01,12
7196,2025,Delivered,12:38:53,9
7197,5251,Not Delivered,19:16:31,6
7198,7404,Delivered,21:57:20,11
7199,8723,Delivered,8:05:42,17
7200,6430,Not Delivered,5:16:03,2
7201,4151,Order,2:07:44,18
7202,1650,Not Delivered,21:57:29,12
7203,4583,Order,11:42:16,3
7204,6133,Order,3:50:29,12
7205,9029,Not Delivered,17:35:01,7
7206,2568,Order,19:26:51,16
7207,2361,Order,4:29:45,2
7208,8518,Not Delivered,"1 day, 0:23:17",20
7209,4348,Not Delivered,5:35:41,13
7210,1676,Order,1:46:24,13
7211,8289,Not Delivered,7:35:03,19
7212,535,Order,8:39:55,7
7213,1681,Not Delivered,17:49:51,13
7214,3098,Order,20:04:33,12
7215,4704,Not Delivered,2:39:55,15
7216,8478,Delivered,4:12:29,13
7217,1289,Delivered,23:10:44,12
7218,2096,Not Delivered,0:12:48,3
7219,2007,Delivered,10:25:33,1
7220,2435,Order,13:21:59,13
7221,3413,Not Delivered,16:33:09,9
7222,9436,Not Delivered,19:26:36,17
7223,9718,Order,12:15:12,18
7224,9498,Order,3:44:44,18
7225,4181,Order,5:57:56,12
7226,6769,Not Delivered,10:37:42,17
7227,6417,Not Delivered,3:05:20,4
7228,5336,Order,6:20:49,13
7229,1036,Not Delivered,23:22:05,14
7230,8447,Not Delivered,15:08:25,6
7231,1714,Order,15:59:23,9
7232,3293,Not Delivered,20:23:24,11
7233,8552,Order,11:57:53,1
7234,1554,Delivered,20:45:57,6
7235,4806,Not Delivered,"1 day, 0:56:26",16
7236,2315,Delivered,22:27:20,15
7237,5026,Order,20:43:39,13
7238,4918,Delivered,"1 day, 0:07:32",2
7239,1471,Delivered,10:59:49,7
7240,7543,Order,16:45:08,13
7241,9966,Not Delivered,12:21:52,9
7242,9690,Not Delivered,20:18:51,4
7243,4720,Delivered,14:02:14,7
7244,4521,Order,13:32:31,6
7245,8003,Not Delivered,0:42:46,4
7246,3742,Delivered,7:02:35,3
7247,5234,Not Delivered,20:18:44,17
7248,9673,Not Delivered,12:39:50,13
7249,7179,Not Delivered,8:14:30,12
7250,2699,Delivered,0:46:03,7
7251,1178,Not Delivered,14:39:40,2
7252,1380,Delivered,4:16:20,18
7253,1723,Order,1:07:45,2
7254,2761,Order,5:00:07,17
7255,6864,Not Delivered,14:46:17,4
7256,8945,Delivered,17:40:05,15
7257,8794,Delivered,5:33:39,15
7258,3603,Not Delivered,2:02:34,1
7259,1792,Not Delivered,9:01:52,5
7260,8212,Delivered,2:51:52,13
7261,1587,Order,21:34:44,19
7262,5200,Not Delivered,"1 day, 0:27:46",15
7263,111,Delivered,5:59:42,5
7264,3350,Order,23:26:16,6
7265,7801,Not Delivered,7:04:29,14
7266,7827,Order,8:59:59,9
7267,2311,Delivered,17:52:25,10
7268,9724,Not Delivered,4:06:38,12
7269,2541,Order,9:08:54,18
7270,3631,Order,11:06:00,1
7271,2955,Not Delivered,19:47:56,15
7272,1151,Not Delivered,6:33:51,8
7273,6811,Not Delivered,3:32:59,10
7274,3645,Not Delivered,14:38:19,15
7275,6554,Delivered,7:45:00,15
7276,9528,Not Delivered,7:14:10,11
7277,2188,Order,9:35:04,4
7278,912,Order,14:16:35,1
7279,6906,Order,19:28:38,20
7280,840,Delivered,5:34:05,17
7281,9843,Order,7:32:20,14
7282,6114,Delivered,5:35:10,17
7283,1461,Delivered,19:51:12,10
7284,648,Delivered,4:27:23,4
7285,6913,Order,5:39:18,4
7286,8140,Not Delivered,2:03:56,6
7287,6557,Not Delivered,13:42:24,19
7288,6347,Not Delivered,7:31:53,19
7289,6281,Delivered,22:47:14,10
7290,1101,Delivered,21:17:34,8
7291,4452,Delivered,7:09:22,4
7292,1275,Delivered,9:38:05,19
7293,8316,Not Delivered,7:02:10,10
7294,6186,Order,12:25:15,15
7295,6856,Order,1:59:50,8
7296,4057,Not Delivered,7:08:11,14
7297,4227,Not Delivered,21:29:30,17
7298,5992,Delivered,1:42:59,12
7299,4388,Not Delivered,17:39:57,18
7300,4159,Order,15:01:28,16
7301,8309,Delivered,6:54:08,19
7302,4833,Delivered,12:46:26,11
7303,3365,Not Delivered,23:44:59,16
7304,9530,Delivered,10:43:48,5
7305,572,Order,3:04:27,5
7306,9460,Delivered,21:40:51,16
7307,6249,Delivered,18:22:24,1
7308,8120,Not Delivered,2:29:07,3
7309,3993,Not Delivered,8:10:30,14
7310,7478,Delivered,9:40:01,13
7311,7013,Delivered,22:35:07,4
7312,9666,Not Delivered,12:19:49,6
7313,7437,Not Delivered,"1 day, 0:30:08",13
7314,4071,Not Delivered,23:52:09,3
7315,303,Not Delivered,8:39:38,14
7316,5459,Order,7:50:25,1
7317,7870,Delivered,17:47:41,15
7318,468,Not Delivered,20:33:31,19
7319,3676,Not Delivered,16:04:59,4
7320,7946,Not Delivered,9:40:59,10
7321,8128,Order,18:31:05,13
7322,7262,Order,20:22:05,20
7323,6916,Not Delivered,22:40:05,7
7324,8182,Order,1:39:42,10
7325,7068,Order,18:52:31,13
7326,2964,Delivered,2:28:46,10
7327,5971,Not Delivered,19:24:18,16
7328,3004,Delivered,0:07:05,13
7329,1477,Delivered,7:56:40,13
7330,9179,Delivered,20:47:23,13
7331,2402,Not Delivered,15:06:27,15
7332,6939,Order,16:12:57,1
7333,4681,Order,3:47:02,7
7334,9362,Not Delivered,23:29:32,1
7335,1065,Order,20:09:47,17
7336,2520,Delivered,7:54:38,9
7337,3818,Delivered,5:18:30,16
7338,8400,Delivered,4:11:08,9
7339,5663,Order,13:24:20,15
7340,7752,Order,2:16:13,18
7341,2190,Not Delivered,9:12:34,18
7342,740,Order,10:03:37,7
7343,907,Not Delivered,13:14:06,19
7344,9086,Delivered,7:00:02,6
7345,6580,Delivered,18:45:13,2
7346,5185,Delivered,21:51:04,11
7347,8767,Delivered,10:56:13,15
7348,9418,Not Delivered,23:15:22,20
7349,5229,Order,13:40:33,16
7350,4878,Delivered,2:15:27,20
7351,2060,Order,23:32:26,12
7352,1117,Order,10:35:21,6
7353,3528,Delivered,16:36:24,3
7354,4413,Not Delivered,5:54:58,20
7355,4993,Not Delivered,8:53:44,9
7356,4926,Not Delivered,17:39:06,11
7357,9099,Order,1:15:54,18
7358,157,Not Delivered,0:31:13,5
7359,5760,Order,16:20:11,12
7360,2135,Not Delivered,11:39:43,14
7361,1701,Not Delivered,8:37:36,1
7362,6746,Not Delivered,7:42:33,14
7363,1766,Not Delivered,1:07:12,18
7364,8276,Delivered,15:26:35,15
7365,2327,Order,0:49:57,14
7366,6805,Not Delivered,4:05:09,6
7367,1450,Not Delivered,7:34:04,18
7368,4316,Order,4:19:07,18
7369,3226,Order,12:28:36,1
7370,4382,Delivered,2:58:59,4
7371,2125,Not Delivered,17:18:01,15
7372,7074,Not Delivered,9:58:17,17
7373,1293,Order,11:18:14,5
7374,2851,Not Delivered,15:30:35,9
7375,1892,Delivered,12:51:19,2
7376,6614,Not Delivered,19:33:58,13
7377,5560,Delivered,12:02:39,6
7378,1919,Order,20:53:14,8
7379,915,Delivered,13:06:42,6
7380,2544,Delivered,21:46:26,10
7381,3439,Delivered,14:58:15,6
7382,2085,Order,16:12:24,18
7383,3701,Delivered,14:03:59,1
7384,5054,Order,23:38:25,12
7385,1562,Order,1:17:12,7
7386,9468,Order,15:26:05,14
7387,1570,Delivered,19:15:43,6
7388,4610,Delivered,2:36:45,9
7389,2855,Order,14:59:37,3
7390,1831,Not Delivered,10:20:30,3
7391,3722,Not Delivered,11:53:25,19
7392,7533,Delivered,5:14:48,9
7393,1557,Order,15:00:53,6
7394,2852,Not Delivered,5:01:04,11
7395,8142,Delivered,8:41:16,4
7396,8089,Order,2:01:34,15
7397,6216,Not Delivered,18:28:47,14
7398,8001,Not Delivered,12:46:05,3
7399,8255,Delivered,17:26:43,17
7400,4143,Order,9:08:29,20
7401,7806,Delivered,19:53:30,5
7402,4683,Not Delivered,0:33:28,13
7403,6657,Delivered,1:03:56,2
7404,7634,Order,17:11:19,19
7405,5699,Not Delivered,12:33:19,13
7406,8268,Delivered,0:56:01,19
7407,9077,Order,12:49:38,1
7408,7982,Delivered,15:44:32,12
7409,4534,Delivered,4:12:35,18
7410,264,Not Delivered,16:01:44,18
7411,9694,Order,19:01:39,9
7412,3845,Not Delivered,23:53:57,11
7413,1576,Order,7:29:54,11
7414,8478,Order,6:37:28,13
7415,7212,Not Delivered,23:46:07,15
7416,1072,Order,"1 day, 0:47:15",8
7417,2635,Order,13:13:03,15
7418,5640,Not Delivered,17:16:21,19
7419,1584,Not Delivered,0:05:47,7
7420,346,Not Delivered,"1 day, 0:01:21",12
7421,8706,Not Delivered,22:19:12,19
7422,7293,Delivered,1:19:29,4
7423,7790,Order,23:28:46,13
7424,4050,Not Delivered,8:27:35,17
7425,3995,Delivered,18:52:50,12
7426,3875,Not Delivered,9:28:54,16
7427,5697,Not Delivered,5:23:43,17
7428,2062,Delivered,12:38:44,1
7429,7408,Delivered,23:03:20,14
7430,3246,Order,6:47:24,11
7431,8970,Not Delivered,22:17:39,9
7432,5395,Delivered,3:34:25,9
7433,7982,Delivered,11:18:54,4
7434,9415,Delivered,7:27:18,13
7435,6482,Not Delivered,14:14:25,16
7436,9268,Delivered,15:59:32,1
7437,1558,Order,20:32:18,11
7438,6594,Delivered,4:06:07,15
7439,7909,Not Delivered,0:25:18,16
7440,227,Not Delivered,14:16:05,10
7441,8623,Not Delivered,8:22:29,4
7442,2404,Order,10:42:00,4
7443,4074,Order,3:05:30,18
7444,9125,Delivered,8:35:14,6
7445,4964,Delivered,6:10:39,12
7446,9737,Not Delivered,12:05:53,10
7447,8920,Delivered,1:17:14,20
7448,2321,Not Delivered,10:28:31,9
7449,945,Order,"1 day, 0:23:07",6
7450,1010,Order,2:57:58,16
7451,591,Not Delivered,15:50:03,2
7452,2634,Order,6:34:43,14
7453,6309,Not Delivered,5:34:54,7
7454,153,Delivered,19:40:05,17
7455,4657,Order,23:32:41,17
7456,6138,Delivered,10:52:34,7
7457,4572,Not Delivered,6:53:59,8
7458,5836,Order,1:24:02,3
7459,6886,Not Delivered,15:15:40,7
7460,8927,Not Delivered,11:13:58,15
7461,2311,Delivered,7:40:39,15
7462,7587,Not Delivered,15:55:03,15
7463,8973,Not Delivered,18:44:40,13
7464,6949,Order,17:51:00,19
7465,7400,Order,23:43:59,11
7466,4327,Order,5:24:04,1
7467,1276,Not Delivered,20:20:35,2
7468,9063,Delivered,23:07:03,16
7469,1856,Not Delivered,23:12:07,17
7470,7716,Delivered,9:05:58,16
7471,792,Delivered,4:04:26,7
7472,7628,Order,17:27:35,14
7473,6130,Order,11:54:47,15
7474,2465,Delivered,"1 day, 0:16:43",5
7475,3061,Delivered,4:31:28,19
7476,652,Delivered,9:15:35,4
7477,7590,Order,0:48:58,1
7478,5088,Not Delivered,4:47:04,11
7479,5623,Not Delivered,7:02:15,15
7480,3709,Not Delivered,15:51:00,9
7481,2935,Order,17:40:39,9
7482,6203,Not Delivered,13:29:03,3
7483,6149,Order,12:12:06,5
7484,3985,Not Delivered,21:42:51,5
7485,7118,Delivered,1:44:33,14
7486,3077,Delivered,0:26:53,8
7487,904,Order,15:45:47,18
7488,2607,Not Delivered,8:57:59,3
7489,6443,Not Delivered,18:15:24,5
7490,334,Delivered,13:48:28,5
7491,3617,Not Delivered,14:26:27,3
7492,3730,Order,0:40:17,18
7493,7618,Order,20:15:21,16
7494,7696,Order,1:04:38,14
7495,1517,Delivered,11:01:38,13
7496,4007,Not Delivered,6:21:17,16
7497,7643,Delivered,20:21:09,10
7498,6515,Order,11:40:26,6
7499,836,Delivered,22:57:52,7
7500,2288,Order,12:42:46,3
7501,2011,Delivered,10:15:53,17
7502,5748,Delivered,17:50:38,2
7503,3247,Not Delivered,22:21:30,6
7504,6572,Not Delivered,3:50:35,17
7505,5393,Order,3:12:36,16
7506,8312,Not Delivered,6:14:05,5
7507,9902,Delivered,4:40:33,7
7508,2548,Order,12:07:48,6
7509,3695,Order,23:03:40,3
7510,120,Order,"1 day, 0:42:51",18
7511,5516,Delivered,2:49:02,7
7512,7479,Delivered,17:50:42,8
7513,7779,Order,0:52:52,16
7514,3711,Not Delivered,11:41:47,11
7515,4104,Not Delivered,17:41:51,5
7516,7469,Delivered,6:38:18,3
7517,3808,Delivered,14:49:53,5
7518,5256,Order,1:18:45,6
7519,7888,Not Delivered,17:37:49,19
7520,3066,Order,20:09:55,4
7521,9281,Delivered,2:51:30,2
7522,8216,Order,10:04:48,17
7523,6657,Order,"1 day, 0:47:55",6
7524,6189,Not Delivered,16:48:55,8
7525,1122,Order,14:26:39,15
7526,9767,Order,17:58:57,9
7527,5649,Order,7:57:24,14
7528,910,Not Delivered,11:15:38,11
7529,2956,Not Delivered,7:06:30,15
7530,5898,Not Delivered,13:24:49,9
7531,2569,Not Delivered,2:32:00,8
7532,3288,Delivered,20:31:17,10
7533,6975,Not Delivered,14:05:19,19
7534,7924,Not Delivered,15:47:16,2
7535,4086,Delivered,17:43:41,16
7536,9852,Delivered,1:36:36,8
7537,744,Order,8:14:04,16
7538,3482,Not Delivered,5:09:37,5
7539,1429,Order,2:48:16,18
7540,8688,Not Delivered,1:33:34,17
7541,6810,Delivered,3:52:57,15
7542,9442,Delivered,14:54:12,5
7543,8490,Order,12:24:05,14
7544,6121,Delivered,21:17:54,18
7545,3750,Delivered,20:58:08,20
7546,3897,Order,18:54:51,6
7547,6336,Order,12:16:38,14
7548,3292,Not Delivered,1:13:42,15
7549,2761,Not Delivered,6:09:33,3
7550,5842,Order,21:37:49,9
7551,8754,Order,10:31:53,8
7552,7966,Not Delivered,8:48:01,12
7553,9837,Delivered,0:25:32,15
7554,5789,Delivered,23:17:41,5
7555,2913,Delivered,18:47:24,7
7556,5892,Not Delivered,8:07:03,19
7557,2191,Order,1:16:19,19
7558,8911,Not Delivered,19:27:48,3
7559,746,Order,12:11:58,1
7560,5452,Delivered,4:41:33,18
7561,1269,Not Delivered,8:03:20,10
7562,579,Order,16:28:45,9
7563,9302,Delivered,14:49:14,2
7564,1734,Not Delivered,"1 day, 0:44:18",9
7565,8664,Delivered,8:41:42,4
7566,5709,Not Delivered,16:35:24,10
7567,2247,Not Delivered,20:41:54,18
7568,1281,Order,4:39:18,8
7569,6598,Not Delivered,0:38:58,15
7570,8605,Order,18:24:32,13
7571,7638,Not Delivered,21:25:02,15
7572,7501,Not Delivered,7:01:02,8
7573,1745,Delivered,6:52:10,12
7574,8090,Order,21:24:47,13
7575,9750,Delivered,5:54:50,8
7576,590,Order,5:00:52,13
7577,112,Not Delivered,7:34:19,15
7578,2793,Not Delivered,14:20:36,1
7579,9039,Order,14:29:13,2
7580,1811,Not Delivered,0:12:17,20
7581,4089,Delivered,11:34:56,8
7582,180,Not Delivered,9:02:22,19
7583,7228,Not Delivered,12:09:59,18
7584,5678,Order,7:41:54,2
7585,9509,Order,19:57:35,5
7586,2368,Delivered,17:21:22,17
7587,5434,Not Delivered,9:11:04,11
7588,2800,Delivered,0:32:35,10
7589,8278,Not Delivered,6:46:32,6
7590,3611,Order,21:07:31,4
7591,2711,Delivered,21:32:24,5
7592,3981,Order,3:46:44,4
7593,7591,Order,12:15:04,5
7594,7501,Delivered,21:10:02,5
7595,7074,Order,18:49:52,16
7596,2306,Not Delivered,4:39:31,12
7597,6469,Not Delivered,19:52:55,7
7598,8620,Order,15:14:56,10
7599,7476,Not Delivered,"1 day, 0:16:00",4
7600,9324,Delivered,14:41:28,1
7601,2067,Order,22:28:59,11
7602,5049,Not Delivered,16:32:47,2
7603,795,Delivered,0:45:03,7
7604,9929,Delivered,8:19:39,16
7605,6003,Not Delivered,1:04:37,2
7606,4125,Order,19:24:05,11
7607,7981,Order,16:02:00,7
7608,3499,Delivered,2:05:41,19
7609,6107,Order,11:37:22,17
7610,4358,Order,2:51:17,6
7611,3800,Not Delivered,6:23:11,16
7612,8275,Not Delivered,20:55:11,4
7613,7743,Delivered,0:25:36,10
7614,344,Order,22:01:55,1
7615,6402,Order,6:40:17,17
7616,685,Delivered,6:38:54,5
7617,8867,Order,20:03:21,6
7618,2479,Delivered,5:13:55,5
7619,9338,Not Delivered,11:56:37,3
7620,1390,Order,9:11:27,19
7621,9567,Delivered,3:20:48,5
7622,8710,Order,18:34:29,8
7623,2319,Not Delivered,12:59:45,7
7624,6213,Order,5:26:23,16
7625,7760,Delivered,3:46:03,16
7626,5423,Order,9:27:00,17
7627,3539,Delivered,11:50:52,4
7628,350,Not Delivered,6:12:56,15
7629,8722,Delivered,16:57:52,1
7630,175,Not Delivered,8:05:20,11
7631,3380,Not Delivered,23:35:15,1
7632,3046,Not Delivered,18:47:37,1
7633,6071,Order,6:29:35,16
7634,3901,Not Delivered,3:56:40,16
7635,8269,Delivered,6:03:25,12
7636,9352,Order,8:09:40,19
7637,2035,Not Delivered,9:41:38,18
7638,7012,Order,8:21:17,5
7639,4705,Order,6:08:15,3
7640,9956,Delivered,16:49:22,14
7641,187,Not Delivered,"1 day, 0:39:24",19
7642,7838,Delivered,14:16:37,14
7643,4497,Not Delivered,5:04:53,5
7644,1327,Not Delivered,22:49:52,20
7645,3729,Delivered,13:21:01,14
7646,1412,Order,21:31:50,19
7647,8078,Delivered,1:07:42,6
7648,9770,Order,23:30:37,2
7649,9437,Order,6:57:21,19
7650,4797,Not Delivered,11:52:41,17
7651,5210,Not Delivered,23:00:39,19
7652,9463,Order,14:49:35,1
7653,4023,Delivered,12:38:44,9
7654,718,Delivered,"1 day, 0:49:32",20
7655,7028,Not Delivered,0:16:37,7
7656,8130,Order,13:40:40,15
7657,8425,Order,19:11:59,12
7658,5473,Delivered,21:32:02,5
7659,8270,Order,23:50:56,3
7660,4595,Not Delivered,2:48:24,3
7661,9163,Not Delivered,15:19:04,18
7662,1959,Not Delivered,"1 day, 0:48:07",19
7663,8476,Delivered,21:58:12,9
7664,8402,Not Delivered,3:23:36,8
7665,2560,Delivered,12:32:50,17
7666,8255,Order,3:15:11,16
7667,3972,Delivered,20:52:05,8
7668,1935,Order,1:41:45,18
7669,1779,Delivered,0:44:21,6
7670,8927,Order,15:09:43,8
7671,2466,Order,0:08:35,7
7672,1399,Delivered,0:43:06,20
7673,180,Delivered,1:32:18,3
7674,7649,Not Delivered,6:32:15,6
7675,1862,Delivered,16:50:50,17
7676,4257,Delivered,18:03:21,19
7677,6883,Delivered,7:16:03,3
7678,5082,Delivered,11:06:09,19
7679,8588,Order,1:13:00,7
7680,6658,Order,11:18:31,18
7681,2770,Delivered,9:49:41,14
7682,6673,Order,21:51:01,8
7683,4177,Order,7:41:50,17
7684,1996,Order,18:02:31,2
7685,7642,Order,16:50:05,6
7686,7853,Not Delivered,13:13:48,20
7687,3000,Not Delivered,1:32:48,6
7688,6040,Not Delivered,21:52:04,10
7689,4846,Order,20:31:03,13
7690,7124,Not Delivered,3:22:37,1
7691,4270,Delivered,1:29:19,11
7692,5842,Delivered,13:09:42,6
7693,6110,Order,10:46:21,11
7694,8606,Delivered,17:21:16,12
7695,7359,Order,8:36:53,14
7696,5381,Not Delivered,7:08:40,7
7697,3149,Delivered,17:54:36,12
7698,3320,Order,10:25:01,12
7699,1649,Delivered,5:13:54,1
7700,2258,Not Delivered,2:01:50,2
7701,9336,Order,5:58:24,6
7702,4346,Not Delivered,16:38:46,16
7703,1850,Order,23:00:27,19
7704,4303,Not Delivered,19:49:19,6
7705,4857,Order,16:19:04,12
7706,8446,Delivered,22:29:39,2
7707,4292,Order,18:18:10,6
7708,1129,Delivered,10:17:55,20
7709,2311,Order,11:40:57,17
7710,6437,Order,23:30:28,12
7711,9059,Delivered,11:39:04,5
7712,6063,Order,14:07:56,3
7713,485,Not Delivered,5:13:28,3
7714,8588,Not Delivered,22:12:35,2
7715,6989,Delivered,7:18:50,15
7716,1019,Order,4:10:48,19
7717,9252,Delivered,"1 day, 0:58:45",3
7718,4921,Delivered,"1 day, 0:52:07",10
7719,7696,Order,21:36:47,8
7720,7400,Not Delivered,23:39:47,4
7721,1284,Order,6:25:44,4
7722,2966,Not Delivered,18:19:53,17
7723,7786,Delivered,11:23:44,13
7724,9678,Delivered,8:00:04,14
7725,1660,Not Delivered,17:00:12,20
7726,3719,Delivered,19:19:38,13
7727,9931,Delivered,22:28:49,13
7728,1899,Order,12:09:30,8
7729,1603,Not Delivered,17:58:05,8
7730,4823,Delivered,15:24:17,15
7731,2807,Delivered,3:33:25,3
7732,1099,Delivered,14:45:08,16
7733,8439,Delivered,6:38:43,20
7734,2724,Delivered,17:06:20,18
7735,5077,Order,19:16:42,3
7736,5584,Not Delivered,11:46:48,18
7737,3608,Not Delivered,18:12:18,20
7738,8955,Not Delivered,4:30:50,4
7739,7287,Not Delivered,2:58:31,8
7740,4107,Delivered,16:05:50,9
7741,7507,Order,22:38:28,11
7742,2924,Order,2:31:02,18
7743,8238,Not Delivered,7:57:10,14
7744,3880,Not Delivered,15:40:31,19
7745,2204,Not Delivered,9:58:23,5
7746,7042,Delivered,6:53:23,10
7747,3976,Delivered,18:19:55,18
7748,6093,Not Delivered,16:47:36,8
7749,7955,Not Delivered,6:52:53,15
7750,8085,Order,7:35:10,7
7751,3316,Order,18:13:53,8
7752,7234,Not Delivered,11:03:00,7
7753,905,Delivered,6:26:27,16
7754,4067,Not Delivered,20:31:43,10
7755,2980,Order,12:24:58,7
7756,143,Delivered,16:04:25,11
7757,2898,Delivered,17:15:31,6
7758,1293,Delivered,18:25:28,12
7759,6716,Not Delivered,6:28:37,1
7760,9639,Not Delivered,7:47:32,15
7761,2286,Order,3:05:47,20
7762,9618,Not Delivered,7:45:42,10
7763,1639,Not Delivered,17:21:21,18
7764,8073,Delivered,6:10:27,18
7765,3919,Delivered,12:01:22,4
7766,130,Delivered,15:05:23,16
7767,7590,Not Delivered,14:27:45,20
7768,9195,Not Delivered,23:20:30,18
7769,4336,Not Delivered,13:37:23,20
7770,9465,Delivered,7:56:57,16
7771,7629,Not Delivered,9:39:56,9
7772,3892,Not Delivered,8:35:11,9
7773,8662,Not Delivered,12:24:09,9
7774,1026,Delivered,5:57:27,8
7775,656,Not Delivered,5:42:39,11
7776,3843,Order,5:03:27,13
7777,4290,Not Delivered,2:26:19,10
7778,6605,Not Delivered,19:22:55,13
7779,8299,Delivered,11:26:18,15
7780,8374,Delivered,12:12:16,10
7781,9417,Order,19:13:03,10
7782,1054,Order,7:59:51,16
7783,8637,Not Delivered,4:35:10,14
7784,4344,Not Delivered,4:35:25,15
7785,8958,Order,1:08:39,2
7786,4190,Delivered,3:32:35,17
7787,5985,Delivered,"1 day, 0:44:23",19
7788,3099,Not Delivered,21:09:35,18
7789,9167,Not Delivered,14:30:20,1
7790,9688,Not Delivered,2:35:05,18
7791,5588,Delivered,18:00:32,4
7792,1919,Not Delivered,15:21:14,15
7793,1313,Delivered,8:04:20,3
7794,2531,Order,19:26:03,4
7795,8874,Order,9:29:32,9
7796,5936,Not Delivered,5:33:09,2
7797,8524,Not Delivered,0:28:29,7
7798,6688,Order,23:46:19,13
7799,1549,Delivered,1:44:09,3
7800,3492,Not Delivered,22:06:02,1
7801,8780,Not Delivered,9:45:13,4
7802,5956,Not Delivered,8:11:41,8
7803,8662,Not Delivered,20:41:52,1
7804,1521,Not Delivered,18:10:23,18
7805,2854,Not Delivered,9:59:21,20
7806,9710,Not Delivered,11:18:08,3
7807,9864,Delivered,4:33:14,6
7808,8737,Delivered,15:19:38,19
7809,2259,Not Delivered,21:15:58,9
7810,6760,Not Delivered,20:18:23,10
7811,1203,Order,7:19:25,12
7812,2064,Delivered,"1 day, 0:24:55",1
7813,5314,Delivered,19:43:57,20
7814,9894,Order,21:16:32,8
7815,1180,Not Delivered,10:08:43,20
7816,484,Delivered,13:30:13,5
7817,7184,Delivered,17:59:26,3
7818,3046,Delivered,1:50:11,19
7819,1566,Not Delivered,7:36:05,10
7820,5057,Delivered,23:21:59,20
7821,5891,Not Delivered,8:34:56,19
7822,1125,Delivered,6:54:06,13
7823,1675,Delivered,1:21:07,1
7824,856,Not Delivered,13:03:18,17
7825,1518,Not Delivered,13:01:26,7
7826,7177,Delivered,10:30:41,3
7827,5764,Order,3:16:28,15
7828,1040,Delivered,8:31:14,20
7829,655,Order,19:03:35,10
7830,5259,Not Delivered,11:14:17,15
7831,9116,Delivered,17:36:42,12
7832,4727,Not Delivered,20:36:33,10
7833,8403,Delivered,16:02:26,5
7834,2643,Order,20:09:24,3
7835,6743,Order,15:28:55,16
7836,428,Order,6:19:32,2
7837,6781,Delivered,17:23:30,15
7838,4786,Delivered,15:03:38,12
7839,7479,Delivered,12:57:16,9
7840,5409,Order,3:28:48,12
7841,8886,Order,0:33:03,18
7842,4838,Not Delivered,21:45:38,5
7843,8003,Order,7:32:32,11
7844,6603,Delivered,13:11:23,5
7845,8496,Order,16:07:12,13
7846,2014,Delivered,20:35:23,19
7847,6216,Not Delivered,4:28:39,14
7848,4917,Delivered,11:22:51,14
7849,4301,Delivered,18:35:30,6
7850,9193,Not Delivered,22:49:11,7
7851,3297,Order,12:34:54,16
7852,7908,Not Delivered,9:08:26,11
7853,4481,Not Delivered,6:20:47,16
7854,2967,Not Delivered,8:58:52,17
7855,5413,Order,22:05:14,8
7856,8741,Not Delivered,8:45:03,9
7857,9946,Not Delivered,6:10:46,17
7858,1187,Not Delivered,19:01:16,9
7859,6438,Delivered,2:14:21,2
7860,3440,Not Delivered,0:53:38,1
7861,6798,Order,22:46:27,10
7862,3307,Delivered,13:23:05,8
7863,6685,Order,12:03:59,4
7864,1676,Delivered,13:35:19,9
7865,2329,Delivered,12:51:08,2
7866,4573,Order,"1 day, 0:17:35",8
7867,7500,Order,17:54:46,2
7868,9527,Delivered,11:26:40,20
7869,4225,Not Delivered,15:58:09,14
7870,4982,Order,0:16:11,11
7871,8917,Delivered,21:46:30,12
7872,2039,Delivered,7:54:09,19
7873,5533,Order,"1 day, 0:14:07",7
7874,2843,Not Delivered,19:23:32,15
7875,1552,Order,6:08:50,17
7876,732,Order,9:01:18,18
7877,1347,Not Delivered,3:34:10,4
7878,3476,Delivered,12:20:55,13
7879,7730,Order,11:16:47,12
7880,9272,Order,14:55:55,3
7881,723,Not Delivered,0:44:48,18
7882,2465,Not Delivered,8:02:08,18
7883,7786,Not Delivered,20:47:16,3
7884,3095,Not Delivered,11:05:20,1
7885,7268,Order,9:56:11,19
7886,4347,Delivered,20:45:11,10
7887,8362,Order,5:32:24,11
7888,2671,Not Delivered,1:06:50,2
7889,1528,Order,9:20:41,16
7890,4112,Not Delivered,15:24:33,12
7891,4952,Not Delivered,23:34:35,13
7892,7112,Order,14:15:26,3
7893,8903,Not Delivered,16:32:39,12
7894,1851,Delivered,1:38:46,7
7895,6273,Delivered,17:11:27,15
7896,6943,Not Delivered,10:33:47,4
7897,1236,Not Delivered,14:09:01,4
7898,7699,Delivered,18:07:46,6
7899,1991,Order,8:11:34,17
7900,7328,Not Delivered,2:37:40,8
7901,3705,Delivered,18:17:34,1
7902,4663,Not Delivered,14:04:33,16
7903,138,Not Delivered,4:58:40,19
7904,1048,Delivered,12:26:48,7
7905,6345,Not Delivered,16:18:05,13
7906,8911,Not Delivered,12:18:46,20
7907,9561,Delivered,"1 day, 0:10:01",20
7908,8890,Order,5:31:16,12
7909,5097,Delivered,2:21:32,18
7910,2612,Delivered,22:43:36,16
7911,6365,Delivered,10:05:56,4
7912,1384,Delivered,13:54:04,9
7913,5692,Delivered,18:30:46,12
7914,6916,Order,2:23:42,20
7915,258,Order,8:12:46,3
7916,9100,Order,5:39:42,12
7917,5734,Delivered,22:40:38,15
7918,2231,Not Delivered,10:13:09,4
7919,3404,Not Delivered,0:28:30,17
7920,277,Order,21:31:21,3
7921,7410,Not Delivered,9:23:08,1
7922,3629,Delivered,6:40:26,18
7923,9913,Delivered,9:35:43,1
7924,9285,Delivered,1:04:36,20
7925,4514,Not Delivered,23:44:38,5
7926,7944,Not Delivered,5:21:06,6
7927,8691,Not Delivered,23:56:24,9
7928,4636,Order,2:11:28,14
7929,8562,Order,8:09:51,4
7930,9690,Order,8:48:38,5
7931,6001,Order,5:19:07,1
7932,9188,Order,19:01:36,8
7933,3068,Order,5:16:41,10
7934,3554,Delivered,2:32:00,8
7935,198,Delivered,16:14:05,1
7936,1385,Not Delivered,14:16:06,15
7937,5871,Not Delivered,11:59:14,11
7938,7373,Not Delivered,6:08:48,7
7939,1417,Not Delivered,0:37:42,7
7940,3318,Not Delivered,1:36:42,7
7941,3468,Delivered,5:47:37,19
7942,7344,Order,8:24:19,12
7943,7347,Order,11:58:34,1
7944,8041,Order,18:15:28,18
7945,3702,Delivered,15:44:16,16
7946,7368,Order,9:21:10,5
7947,9025,Delivered,8:10:21,9
7948,3919,Order,3:23:27,8
7949,8811,Order,7:04:16,15
7950,5977,Order,2:23:01,19
7951,3765,Delivered,7:20:44,7
7952,1771,Delivered,17:46:25,7
7953,8705,Delivered,5:09:58,11
7954,2677,Not Delivered,"1 day, 0:00:16",6
7955,912,Delivered,17:37:23,7
7956,5965,Order,15:01:34,10
7957,6973,Not Delivered,7:31:03,14
7958,9982,Order,13:33:11,17
7959,5351,Not Delivered,15:13:34,14
7960,9830,Delivered,9:31:52,4
7961,4812,Delivered,12:40:51,12
7962,8146,Delivered,22:41:33,14
7963,5326,Order,2:18:48,16
7964,1021,Delivered,10:56:46,18
7965,9425,Order,14:59:36,12
7966,3978,Order,3:08:12,19
7967,3017,Not Delivered,19:42:13,2
7968,4885,Order,8:48:05,3
7969,3399,Order,12:16:30,16
7970,8350,Order,13:57:15,9
7971,7238,Not Delivered,0:51:14,6
7972,5431,Not Delivered,23:24:10,20
7973,9563,Order,16:33:27,9
7974,9051,Delivered,20:07:43,6
7975,5290,Not Delivered,16:21:13,2
7976,9003,Delivered,13:48:05,18
7977,9574,Delivered,1:05:26,14
7978,5668,Order,11:59:47,7
7979,6280,Delivered,11:29:10,12
7980,2637,Order,18:03:13,8
7981,4241,Not Delivered,2:29:46,4
7982,9273,Delivered,14:13:00,7
7983,2178,Order,0:31:45,13
7984,1750,Delivered,6:16:20,5
7985,3212,Delivered,9:31:49,1
7986,4666,Delivered,5:47:44,3
7987,4646,Not Delivered,4:59:02,13
7988,1988,Order,12:32:37,7
7989,5097,Order,15:59:15,11
7990,1138,Order,9:14:43,13
7991,8582,Order,9:50:10,8
7992,159,Not Delivered,15:23:43,8
7993,5044,Not Delivered,18:37:46,9
7994,6053,Order,16:52:25,7
7995,122,Order,11:21:21,4
7996,3135,Not Delivered,1:54:39,10
7997,7304,Delivered,1:22:42,5
7998,802,Not Delivered,2:36:27,2
7999,6113,Delivered,19:36:27,15
8000,5209,Order,19:01:32,13
8001,3049,Not Delivered,6:16:24,17
8002,4322,Delivered,17:32:35,15
8003,7613,Order,21:56:12,16
8004,9369,Delivered,11:58:25,14
8005,569,Delivered,16:02:13,10
8006,1186,Not Delivered,21:52:26,17
8007,3070,Delivered,21:58:36,9
8008,7188,Order,9:27:39,4
8009,4994,Order,19:25:16,13
8010,620,Delivered,4:34:10,5
8011,3364,Delivered,21:22:38,8
8012,9186,Delivered,9:59:16,20
8013,4997,Order,14:00:20,4
8014,4077,Order,16:30:47,7
8015,1418,Order,6:23:49,20
8016,6543,Not Delivered,21:17:09,13
8017,9326,Delivered,5:07:15,11
8018,888,Not Delivered,7:06:06,20
8019,2267,Order,22:54:18,1
8020,5985,Delivered,2:42:42,3
8021,1339,Delivered,5:03:54,2
8022,3765,Not Delivered,3:07:58,12
8023,5738,Delivered,14:44:24,18
8024,1031,Delivered,21:07:22,12
8025,7186,Delivered,3:56:10,6
8026,7823,Not Delivered,23:36:20,16
8027,9280,Not Delivered,10:30:25,13
8028,814,Delivered,11:39:37,19
8029,808,Order,10:21:34,2
8030,1973,Delivered,19:05:15,14
8031,7550,Delivered,23:25:57,18
8032,4166,Delivered,4:13:58,5
8033,9777,Not Delivered,14:20:03,13
8034,9115,Not Delivered,7:23:33,19
8035,8149,Order,14:04:44,10
8036,2258,Delivered,21:40:11,15
8037,7822,Not Delivered,11:11:17,1
8038,8732,Not Delivered,11:34:48,6
8039,4500,Delivered,3:24:11,5
8040,3710,Delivered,0:18:44,5
8041,9720,Order,21:04:50,18
8042,686,Not Delivered,8:37:59,6
8043,7249,Order,1:11:01,6
8044,4900,Order,"1 day, 0:41:18",12
8045,6832,Not Delivered,20:35:15,8
8046,4585,Order,10:33:15,18
8047,8173,Order,16:52:32,5
8048,2537,Not Delivered,"1 day, 0:01:23",20
8049,7934,Not Delivered,22:25:32,10
8050,6866,Order,12:48:57,8
8051,3642,Not Delivered,22:32:29,9
8052,488,Order,14:00:50,15
8053,4925,Not Delivered,10:28:20,18
8054,3184,Order,21:38:33,17
8055,3922,Delivered,4:18:12,11
8056,550,Not Delivered,2:25:57,5
8057,6693,Delivered,10:33:48,17
8058,3835,Delivered,20:55:26,4
8059,7155,Delivered,5:33:41,15
8060,9785,Order,19:58:52,1
8061,7507,Order,13:23:26,16
8062,1357,Not Delivered,1:42:16,15
8063,9677,Delivered,15:25:27,14
8064,7891,Delivered,1:44:35,1
8065,5796,Delivered,3:24:17,14
8066,381,Not Delivered,3:07:40,10
8067,5745,Not Delivered,2:21:43,18
8068,2413,Not Delivered,8:54:43,15
8069,1099,Delivered,21:58:07,9
8070,2040,Not Delivered,3:16:47,8
8071,6922,Not Delivered,11:37:01,10
8072,7447,Delivered,20:21:44,2
8073,5913,Order,7:45:34,18
8074,7428,Not Delivered,6:01:22,14
8075,2308,Delivered,1:45:21,11
8076,9774,Not Delivered,21:31:25,18
8077,3044,Not Delivered,10:31:43,3
8078,2029,Delivered,6:58:51,14
8079,7448,Not Delivered,"1 day, 0:17:41",19
8080,818,Order,14:07:08,4
8081,2859,Order,13:27:04,12
8082,3817,Not Delivered,22:47:36,16
8083,2760,Not Delivered,16:24:13,15
8084,5580,Order,2:59:09,4
8085,2760,Delivered,17:33:40,17
8086,8336,Order,21:51:25,15
8087,9334,Not Delivered,9:41:35,5
8088,3492,Delivered,1:57:39,11
8089,7777,Not Delivered,1:45:35,1
8090,8005,Delivered,21:14:35,9
8091,7335,Delivered,11:51:36,5
8092,6232,Not Delivered,12:28:12,13
8093,3056,Not Delivered,16:19:36,7
8094,4747,Order,3:54:45,12
8095,1889,Order,19:18:13,8
8096,1218,Order,16:06:46,3
8097,9332,Delivered,22:59:51,19
8098,6933,Order,19:57:26,10
8099,170,Order,"1 day, 0:07:39",4
8100,126,Order,4:28:20,6
8101,7075,Delivered,13:27:49,14
8102,8949,Delivered,6:47:55,18
8103,7060,Delivered,15:54:44,7
8104,3111,Delivered,4:47:58,12
8105,8548,Order,1:26:16,10
8106,5260,Not Delivered,15:17:02,18
8107,166,Delivered,19:40:45,14
8108,9193,Not Delivered,14:59:21,4
8109,3542,Delivered,5:46:36,15
8110,6729,Delivered,22:21:56,17
8111,6495,Order,14:07:46,3
8112,3894,Order,0:32:54,1
8113,1683,Not Delivered,"1 day, 0:57:52",6
8114,1285,Not Delivered,"1 day, 0:40:52",10
8115,6923,Order,10:07:53,3
8116,1812,Delivered,16:51:45,1
8117,7202,Order,16:57:29,6
8118,7421,Delivered,18:45:21,19
8119,6358,Delivered,8:18:18,1
8120,9719,Order,19:48:26,17
8121,651,Delivered,13:06:13,1
8122,6847,Not Delivered,7:32:36,19
8123,4440,Order,3:53:25,6
8124,9905,Delivered,23:44:07,10
8125,2328,Order,10:53:45,10
8126,6372,Delivered,14:48:11,14
8127,2136,Delivered,17:06:16,4
8128,5849,Delivered,14:49:38,18
8129,8344,Order,14:42:28,1
8130,5416,Not Delivered,5:29:53,15
8131,2000,Delivered,6:27:56,19
8132,368,Not Delivered,18:19:34,3
8133,5876,Order,12:58:51,14
8134,2759,Delivered,5:52:01,11
8135,1493,Not Delivered,15:32:11,2
8136,6943,Not Delivered,12:08:40,3
8137,8479,Delivered,22:01:21,17
8138,2424,Not Delivered,5:43:10,16
8139,9811,Not Delivered,6:09:23,2
8140,6716,Not Delivered,11:24:14,12
8141,6530,Order,3:42:27,13
8142,7931,Order,17:35:18,1
8143,9535,Not Delivered,3:40:06,2
8144,4242,Order,13:27:59,13
8145,6171,Delivered,19:53:46,2
8146,1903,Delivered,15:28:52,16
8147,8785,Not Delivered,1:30:51,10
8148,5844,Order,18:11:56,4
8149,6212,Delivered,21:31:22,13
8150,6378,Order,22:42:15,15
8151,2670,Order,5:34:22,14
8152,4221,Delivered,8:37:10,6
8153,7701,Not Delivered,19:41:18,2
8154,4938,Not Delivered,22:35:54,9
8155,4786,Order,16:36:04,18
8156,8675,Order,15:15:56,1
8157,6642,Delivered,0:08:15,1
8158,3882,Not Delivered,"1 day, 0:14:55",19
8159,6401,Order,4:36:59,2
8160,6343,Order,"1 day, 0:58:30",13
8161,6362,Delivered,12:19:06,6
8162,2795,Not Delivered,9:49:46,14
8163,741,Not Delivered,20:59:10,10
8164,7368,Order,1:42:02,13
8165,6682,Not Delivered,"1 day, 0:49:13",4
8166,9214,Order,18:00:10,10
8167,5869,Not Delivered,16:23:37,18
8168,1866,Order,11:45:19,9
8169,3827,Order,23:35:53,19
8170,2081,Not Delivered,0:06:33,2
8171,4407,Delivered,18:39:47,3
8172,6750,Not Delivered,3:24:02,14
8173,3377,Not Delivered,11:07:45,6
8174,9050,Not Delivered,13:31:25,10
8175,7195,Not Delivered,16:37:44,11
8176,8331,Order,7:59:48,8
8177,4602,Not Delivered,17:30:14,20
8178,1682,Order,8:02:16,16
8179,5006,Delivered,19:39:54,4
8180,614,Delivered,12:27:57,3
8181,4026,Delivered,11:49:45,20
8182,438,Delivered,17:01:09,9
8183,9745,Not Delivered,12:07:04,9
8184,5753,Not Delivered,21:49:15,16
8185,1593,Not Delivered,5:04:31,13
8186,3825,Delivered,2:19:55,2
8187,5286,Order,12:04:42,14
8188,3887,Not Delivered,19:08:05,6
8189,1792,Delivered,22:11:26,13
8190,6205,Delivered,15:54:34,6
8191,8804,Delivered,4:15:10,10
8192,4104,Order,13:59:09,16
8193,590,Delivered,22:01:39,16
8194,305,Order,7:40:17,12
8195,9531,Order,2:32:52,11
8196,7659,Delivered,4:13:08,1
8197,7775,Order,9:21:02,10
8198,156,Not Delivered,3:13:03,7
8199,6111,Not Delivered,4:07:08,5
8200,4838,Order,14:11:09,3
8201,1389,Delivered,17:37:07,12
8202,2654,Delivered,2:03:08,17
8203,9050,Delivered,16:48:17,9
8204,1995,Not Delivered,11:26:32,11
8205,780,Delivered,2:56:25,6
8206,2121,Order,20:03:04,13
8207,2325,Order,22:02:38,7
8208,1741,Order,5:19:30,2
8209,1972,Delivered,19:31:58,15
8210,7822,Order,19:14:46,18
8211,3401,Order,17:09:07,17
8212,8319,Not Delivered,4:31:24,11
8213,5828,Not Delivered,11:39:21,8
8214,2020,Not Delivered,22:16:05,20
8215,2535,Not Delivered,0:07:12,12
8216,3458,Not Delivered,13:38:43,15
8217,2856,Order,7:43:39,4
8218,9238,Order,13:40:30,8
8219,4964,Order,14:43:58,15
8220,1123,Order,1:22:50,6
8221,7489,Order,13:46:00,4
8222,243,Order,6:54:39,19
8223,5137,Not Delivered,22:53:37,7
8224,2533,Order,1:22:32,10
8225,8591,Order,23:31:32,6
8226,2104,Delivered,10:32:26,2
8227,4693,Delivered,15:33:33,12
8228,548,Not Delivered,12:00:04,20
8229,8768,Delivered,11:08:54,6
8230,806,Order,22:12:29,6
8231,1636,Not Delivered,12:16:42,5
8232,9101,Order,12:26:12,7
8233,1629,Delivered,19:11:12,13
8234,1120,Order,4:57:57,3
8235,8636,Not Delivered,6:21:15,2
8236,7773,Delivered,8:10:52,15
8237,8986,Not Delivered,14:32:42,10
8238,3211,Delivered,18:31:43,14
8239,9308,Not Delivered,18:14:25,2
8240,835,Delivered,21:02:36,5
8241,4169,Order,9:04:33,8
8242,720,Delivered,1:32:31,17
8243,7967,Order,5:54:43,20
8244,4838,Order,21:17:24,12
8245,9334,Order,6:03:32,8
8246,3195,Not Delivered,10:34:29,9
8247,3464,Not Delivered,2:52:37,3
8248,8589,Order,14:17:11,10
8249,1410,Not Delivered,6:20:00,12
8250,6253,Delivered,22:43:04,2
8251,1983,Delivered,3:59:34,3
8252,4046,Delivered,9:47:38,10
8253,2264,Order,23:53:26,16
8254,4528,Order,17:09:36,15
8255,8527,Not Delivered,18:31:53,12
8256,116,Not Delivered,8:10:00,1
8257,8889,Not Delivered,1:30:49,6
8258,5254,Delivered,2:43:55,14
8259,2769,Delivered,16:34:43,17
8260,5282,Order,16:35:21,14
8261,7910,Not Delivered,6:27:46,10
8262,6518,Not Delivered,7:16:07,10
8263,2363,Order,9:23:33,6
8264,1795,Not Delivered,9:09:39,14
8265,1001,Delivered,1:34:48,7
8266,7972,Order,9:34:48,17
8267,4734,Delivered,6:08:23,13
8268,2976,Order,8:19:16,15
8269,4022,Not Delivered,6:43:05,14
8270,2032,Delivered,12:34:16,2
8271,5181,Not Delivered,15:56:37,17
8272,9166,Delivered,"1 day, 0:03:24",5
8273,6220,Order,6:21:03,1
8274,572,Not Delivered,23:15:02,4
8275,9159,Order,4:34:28,11
8276,6167,Order,11:52:37,5
8277,5093,Order,4:08:38,18
8278,2883,Not Delivered,12:36:06,1
8279,7774,Delivered,5:22:17,5
8280,5699,Order,3:41:53,17
8281,5503,Not Delivered,23:51:15,2
8282,1644,Not Delivered,5:32:07,8
8283,8450,Order,10:32:30,9
8284,9069,Not Delivered,10:05:45,5
8285,7083,Delivered,3:46:39,4
8286,8732,Delivered,22:07:26,1
8287,9510,Order,17:26:14,1
8288,5543,Order,13:03:30,12
8289,8201,Order,8:38:48,3
8290,4966,Order,13:00:05,19
8291,7019,Not Delivered,5:19:44,20
8292,1453,Order,4:33:57,14
8293,4730,Order,2:02:59,14
8294,3046,Not Delivered,20:17:47,1
8295,1842,Delivered,17:12:39,3
8296,6446,Not Delivered,14:45:50,3
8297,9209,Order,15:14:52,4
8298,8939,Order,18:17:31,15
8299,5993,Not Delivered,21:26:13,16
8300,4848,Not Delivered,21:10:02,6
8301,1369,Order,"1 day, 0:17:09",2
8302,1691,Not Delivered,22:53:45,4
8303,6708,Not Delivered,2:49:21,3
8304,8791,Delivered,10:05:34,20
8305,1470,Delivered,19:51:37,7
8306,7419,Not Delivered,9:23:26,14
8307,6888,Order,17:09:49,14
8308,2286,Order,6:06:45,10
8309,9313,Order,12:59:22,1
8310,6725,Delivered,4:11:56,14
8311,2610,Order,3:25:49,3
8312,4289,Delivered,13:56:59,20
8313,7699,Delivered,11:37:53,10
8314,8845,Delivered,4:17:50,11
8315,5510,Order,3:33:02,7
8316,9654,Delivered,22:05:03,19
8317,9281,Not Delivered,4:42:20,20
8318,6313,Not Delivered,14:48:16,10
8319,4608,Delivered,0:39:21,9
8320,5891,Delivered,6:42:26,7
8321,7659,Not Delivered,21:58:28,17
8322,2997,Order,6:29:05,5
8323,1505,Order,16:14:49,8
8324,2763,Not Delivered,14:28:38,6
8325,4309,Order,"1 day, 0:42:43",18
8326,2891,Order,13:59:27,1
8327,3134,Delivered,1:41:47,1
8328,4828,Order,22:36:07,7
8329,8413,Order,19:55:31,12
8330,1922,Delivered,3:30:50,11
8331,2052,Not Delivered,4:39:28,5
8332,7637,Order,6:51:22,13
8333,3747,Delivered,4:19:29,17
8334,4749,Not Delivered,14:30:22,2
8335,1560,Not Delivered,8:00:20,3
8336,7693,Not Delivered,9:12:48,12
8337,1841,Order,14:53:56,4
8338,5476,Order,4:53:06,14
8339,4758,Order,11:32:23,1
8340,6456,Order,14:16:15,13
8341,1064,Order,0:31:27,5
8342,210,Not Delivered,22:21:08,9
8343,7321,Not Delivered,23:47:40,18
8344,3919,Order,16:33:33,15
8345,247,Order,12:15:22,18
8346,2037,Order,10:25:54,10
8347,2186,Order,5:20:44,8
8348,7068,Order,3:12:15,1
8349,5606,Order,6:01:04,17
8350,7797,Delivered,4:00:09,3
8351,4118,Delivered,3:48:12,6
8352,1665,Not Delivered,20:31:07,19
8353,6635,Delivered,16:40:35,9
8354,7666,Not Delivered,23:41:09,1
8355,8736,Delivered,0:40:44,8
8356,2645,Delivered,6:19:52,12
8357,3281,Delivered,21:34:28,18
8358,873,Delivered,12:30:32,17
8359,1411,Not Delivered,8:41:56,4
8360,9209,Order,4:10:22,7
8361,7466,Order,20:31:18,3
8362,1848,Not Delivered,7:45:24,5
8363,6258,Delivered,14:42:23,12
8364,848,Delivered,12:01:45,2
8365,1363,Not Delivered,9:40:40,16
8366,7437,Delivered,22:48:05,12
8367,5216,Not Delivered,15:33:30,5
8368,3378,Order,5:47:09,16
8369,9761,Delivered,8:24:35,15
8370,2447,Not Delivered,11:13:14,20
8371,8549,Delivered,1:54:27,1
8372,2146,Delivered,2:58:29,16
8373,476,Not Delivered,3:17:58,8
8374,3417,Delivered,21:22:39,6
8375,3865,Not Delivered,15:46:18,15
8376,3108,Order,18:18:46,12
8377,6672,Delivered,9:30:49,12
8378,1034,Not Delivered,2:10:30,9
8379,9840,Order,19:48:45,16
8380,8301,Order,14:00:26,16
8381,4261,Order,15:03:22,19
8382,3316,Delivered,11:59:12,14
8383,3427,Delivered,2:39:24,7
8384,3104,Not Delivered,11:32:56,2
8385,9422,Delivered,16:12:59,13
8386,5494,Delivered,12:45:00,20
8387,4213,Order,6:55:39,13
8388,2145,Order,7:18:55,14
8389,682,Order,21:32:17,19
8390,1495,Order,20:18:48,10
8391,8299,Order,14:10:02,7
8392,6204,Delivered,3:46:40,6
8393,1045,Order,6:44:26,20
8394,3693,Order,21:12:55,13
8395,1156,Delivered,13:44:42,15
8396,4368,Order,16:20:39,16
8397,4064,Order,5:43:54,19
8398,2215,Delivered,15:39:42,19
8399,8639,Order,8:38:41,5
8400,5548,Not Delivered,12:22:42,10
8401,3642,Delivered,10:50:49,10
8402,2971,Delivered,6:25:09,18
8403,6390,Not Delivered,16:01:39,3
8404,2016,Not Delivered,2:46:05,6
8405,6677,Order,22:16:26,19
8406,4360,Delivered,0:25:31,20
8407,8799,Not Delivered,8:39:27,9
8408,1296,Delivered,8:36:08,2
8409,4092,Not Delivered,2:02:04,3
8410,9589,Order,10:28:54,11
8411,601,Order,0:33:18,19
8412,2366,Delivered,6:49:31,1
8413,9435,Not Delivered,1:13:07,5
8414,7265,Delivered,10:01:27,5
8415,128,Delivered,22:33:46,20
8416,9375,Delivered,9:45:13,11
8417,1529,Order,"1 day, 0:10:49",18
8418,5575,Not Delivered,13:51:30,20
8419,8843,Order,7:36:16,14
8420,4467,Not Delivered,23:46:45,12
8421,3520,Delivered,20:00:01,12
8422,7827,Order,19:40:19,4
8423,684,Not Delivered,17:03:03,13
8424,2159,Order,20:53:56,6
8425,7671,Not Delivered,5:54:38,8
8426,4315,Order,18:55:39,19
8427,1544,Delivered,12:43:39,16
8428,1888,Not Delivered,1:30:25,15
8429,9341,Delivered,13:35:42,14
8430,6294,Delivered,2:20:25,13
8431,8511,Delivered,9:11:12,17
8432,8099,Order,13:42:14,18
8433,4103,Delivered,12:14:21,8
8434,9042,Order,2:33:53,20
8435,5868,Not Delivered,22:17:54,4
8436,7548,Order,13:49:26,5
8437,3670,Delivered,15:58:52,19
8438,1580,Delivered,23:08:31,4
8439,8029,Delivered,3:34:42,1
8440,6332,Delivered,19:16:43,5
8441,9976,Not Delivered,10:03:36,5
8442,1318,Order,10:07:53,17
8443,3514,Delivered,20:50:35,13
8444,8813,Delivered,20:05:46,6
8445,3334,Delivered,13:34:49,4
8446,3125,Order,13:44:56,14
8447,2056,Order,16:13:56,9
8448,210,Order,1:19:39,14
8449,133,Not Delivered,21:11:59,6
8450,8776,Delivered,19:26:08,8
8451,7628,Not Delivered,3:00:48,18
8452,1960,Order,4:33:12,13
8453,688,Order,10:22:37,1
8454,4162,Order,1:56:11,14
8455,7109,Not Delivered,3:05:55,3
8456,1217,Order,21:28:33,15
8457,5706,Delivered,19:07:46,18
8458,8547,Not Delivered,9:19:14,15
8459,8199,Delivered,16:07:45,20
8460,1179,Delivered,15:31:10,3
8461,9132,Order,17:12:51,4
8462,9148,Not Delivered,4:30:22,3
8463,647,Order,22:40:08,10
8464,7355,Delivered,6:27:17,3
8465,2118,Order,0:43:51,17
8466,4621,Not Delivered,13:52:26,7
8467,6013,Not Delivered,15:34:08,7
8468,7379,Delivered,5:26:13,11
8469,7614,Order,20:03:21,12
8470,3314,Not Delivered,13:58:55,4
8471,5472,Not Delivered,22:42:42,1
8472,6475,Not Delivered,5:51:32,1
8473,4939,Not Delivered,9:29:12,13
8474,5903,Delivered,9:40:33,6
8475,2899,Order,16:42:45,14
8476,5157,Not Delivered,9:12:52,1
8477,1328,Not Delivered,23:46:28,8
8478,4939,Not Delivered,10:56:24,9
8479,3836,Delivered,18:19:04,10
8480,6345,Order,"1 day, 0:16:24",7
8481,2581,Delivered,9:50:05,13
8482,4393,Not Delivered,0:31:41,13
8483,8590,Delivered,15:45:49,13
8484,1993,Not Delivered,15:08:24,7
8485,6947,Order,0:52:11,10
8486,5907,Delivered,18:00:25,2
8487,7991,Not Delivered,20:51:00,13
8488,5627,Not Delivered,6:01:23,5
8489,8896,Order,14:58:22,17
8490,8465,Order,1:46:37,15
8491,6520,Delivered,18:54:33,5
8492,6376,Delivered,21:10:17,6
8493,6562,Not Delivered,18:09:00,5
8494,8623,Delivered,9:52:29,11
8495,4389,Order,8:39:18,16
8496,1253,Order,19:16:50,15
8497,2738,Order,16:37:28,9
8498,8910,Delivered,12:57:21,1
8499,471,Delivered,6:39:41,5
8500,6918,Delivered,17:27:43,3
8501,7940,Not Delivered,"1 day, 0:34:13",1
8502,1291,Delivered,19:56:01,13
8503,9876,Not Delivered,16:18:27,20
8504,3053,Order,7:46:55,2
8505,1647,Order,16:13:15,2
8506,6875,Delivered,7:01:25,11
8507,3924,Order,8:33:25,10
8508,1932,Order,4:26:52,18
8509,221,Delivered,"1 day, 0:53:59",19
8510,8832,Order,12:40:52,10
8511,6931,Delivered,6:19:11,16
8512,9638,Delivered,18:14:40,18
8513,9756,Order,17:01:45,6
8514,5793,Order,3:35:10,16
8515,5508,Not Delivered,17:43:21,15
8516,7307,Delivered,14:48:02,11
8517,941,Order,17:20:10,17
8518,2510,Not Delivered,15:59:39,19
8519,671,Not Delivered,16:09:16,7
8520,4324,Not Delivered,16:42:46,19
8521,4704,Order,14:19:58,8
8522,4420,Delivered,2:47:20,3
8523,9155,Delivered,2:31:21,2
8524,5731,Not Delivered,"1 day, 0:45:12",1
8525,9844,Order,6:01:25,17
8526,1601,Delivered,23:34:30,7
8527,5638,Delivered,5:43:54,4
8528,6561,Delivered,19:22:52,2
8529,8574,Not Delivered,23:21:05,12
8530,2222,Not Delivered,17:13:37,17
8531,1383,Order,6:05:26,19
8532,6054,Order,13:14:50,10
8533,583,Delivered,9:56:05,9
8534,8798,Order,11:51:01,8
8535,5459,Delivered,3:38:54,7
8536,5925,Order,21:08:52,1
8537,6242,Not Delivered,22:44:43,11
8538,3970,Delivered,13:32:52,5
8539,5493,Delivered,20:25:59,4
8540,8230,Order,9:32:14,10
8541,5620,Order,3:39:27,1
8542,3220,Order,23:19:30,1
8543,2278,Delivered,15:09:33,12
8544,998,Order,1:32:53,12
8545,6300,Delivered,15:30:48,9
8546,3765,Delivered,1:57:13,5
8547,6406,Delivered,4:56:04,9
8548,5330,Order,19:53:12,7
8549,3173,Delivered,15:32:01,20
8550,4757,Not Delivered,8:03:23,2
8551,7614,Order,3:57:26,17
8552,9163,Delivered,23:10:32,16
8553,1960,Order,9:21:22,16
8554,7773,Order,6:31:26,15
8555,8635,Not Delivered,6:07:20,16
8556,8932,Not Delivered,20:13:50,1
8557,984,Not Delivered,23:46:04,20
8558,347,Delivered,18:38:54,9
8559,6702,Delivered,6:30:00,14
8560,5590,Delivered,17:18:53,5
8561,5043,Not Delivered,7:15:19,8
8562,6454,Not Delivered,19:51:11,8
8563,3025,Order,14:42:35,10
8564,9237,Order,7:59:34,3
8565,7702,Order,"1 day, 0:39:10",11
8566,4139,Order,15:30:12,13
8567,7115,Order,14:04:28,20
8568,2181,Delivered,22:20:01,8
8569,3027,Delivered,4:01:30,9
8570,3908,Delivered,14:24:17,10
8571,404,Not Delivered,15:54:35,6
8572,6038,Delivered,12:52:01,4
8573,2546,Delivered,1:07:31,7
8574,7362,Order,23:39:24,7
8575,3791,Not Delivered,7:08:59,5
8576,9924,Not Delivered,15:57:18,16
8577,3883,Not Delivered,0:27:15,7
8578,1514,Delivered,17:53:55,12
8579,1464,Not Delivered,20:40:54,20
8580,353,Not Delivered,23:40:12,5
8581,948,Not Delivered,"1 day, 0:47:35",19
8582,1879,Not Delivered,7:49:50,7
8583,5857,Order,14:37:05,6
8584,2698,Order,14:07:37,12
8585,8815,Delivered,20:11:41,3
8586,7091,Not Delivered,5:39:39,19
8587,4858,Order,20:21:32,10
8588,4573,Order,9:59:19,20
8589,7969,Order,"1 day, 0:40:58",7
8590,9988,Order,1:14:00,13
8591,1407,Delivered,21:34:12,9
8592,6772,Delivered,3:20:02,11
8593,7719,Delivered,7:51:26,10
8594,7694,Delivered,22:05:06,17
8595,3492,Not Delivered,11:48:57,14
8596,1209,Delivered,8:02:40,5
8597,807,Delivered,16:04:36,11
8598,3745,Delivered,13:21:26,8
8599,4742,Delivered,6:19:00,16
8600,4135,Delivered,16:06:13,12
8601,794,Delivered,16:45:50,2
8602,8503,Not Delivered,3:55:58,8
8603,8181,Delivered,16:50:48,19
8604,6947,Order,"1 day, 0:48:31",7
8605,2965,Order,4:55:48,8
8606,7864,Order,23:18:55,14
8607,2851,Not Delivered,17:11:07,11
8608,3672,Not Delivered,6:20:39,12
8609,4355,Delivered,2:59:45,1
8610,6476,Delivered,19:25:47,9
8611,7093,Delivered,22:58:39,11
8612,9112,Order,17:56:57,10
8613,9992,Delivered,"1 day, 0:55:43",4
8614,2563,Delivered,13:32:39,8
8615,8694,Not Delivered,8:09:27,5
8616,1194,Delivered,13:35:57,19
8617,6820,Delivered,16:20:10,2
8618,6107,Delivered,11:18:38,15
8619,6257,Not Delivered,6:32:37,10
8620,7336,Order,18:06:42,12
8621,2905,Order,3:58:31,5
8622,6121,Delivered,16:20:21,18
8623,1908,Not Delivered,10:45:42,1
8624,2168,Delivered,11:49:31,4
8625,5348,Delivered,13:14:06,11
8626,6553,Delivered,10:03:21,8
8627,7403,Not Delivered,2:43:42,7
8628,4699,Delivered,17:39:22,17
8629,1659,Delivered,9:26:05,6
8630,6877,Delivered,0:17:16,2
8631,3833,Not Delivered,7:04:47,15
8632,545,Not Delivered,3:47:42,18
8633,7444,Delivered,10:05:23,2
8634,4770,Not Delivered,21:36:31,9
8635,2011,Not Delivered,20:00:14,5
8636,9655,Order,21:09:39,8
8637,6855,Not Delivered,8:54:54,10
8638,2068,Not Delivered,1:38:57,1
8639,4719,Delivered,0:57:41,14
8640,5764,Delivered,3:41:02,12
8641,7652,Order,3:59:29,2
8642,4609,Not Delivered,23:16:14,13
8643,6890,Delivered,6:27:32,6
8644,4266,Order,11:59:56,12
8645,1270,Not Delivered,9:07:04,11
8646,4031,Delivered,3:46:08,16
8647,7062,Delivered,12:07:51,16
8648,713,Not Delivered,6:58:56,6
8649,9488,Delivered,2:29:43,13
8650,8160,Order,17:08:36,19
8651,5641,Order,22:34:23,4
8652,8777,Delivered,11:56:38,16
8653,7048,Delivered,17:53:29,7
8654,9024,Not Delivered,7:43:02,11
8655,3390,Not Delivered,15:41:27,5
8656,5593,Not Delivered,21:30:19,5
8657,191,Not Delivered,13:17:30,12
8658,5197,Not Delivered,12:35:41,2
8659,6059,Not Delivered,2:47:50,1
8660,8703,Delivered,8:06:01,10
8661,4362,Not Delivered,14:24:18,20
8662,5129,Delivered,20:19:40,17
8663,911,Order,19:17:04,11
8664,5779,Delivered,"1 day, 0:26:21",11
8665,8734,Order,2:29:54,5
8666,4158,Order,6:04:26,15
8667,8933,Delivered,9:36:35,16
8668,8920,Order,9:06:22,20
8669,9370,Order,11:07:33,14
8670,8689,Order,20:43:08,17
8671,7640,Not Delivered,3:54:50,8
8672,6439,Not Delivered,23:19:18,6
8673,5966,Order,23:00:40,10
8674,4447,Delivered,3:24:20,13
8675,6311,Not Delivered,1:37:54,1
8676,4569,Not Delivered,16:50:16,3
8677,5087,Delivered,2:46:30,6
8678,7370,Not Delivered,13:34:38,8
8679,5883,Delivered,10:32:39,20
8680,6163,Order,5:15:36,6
8681,7798,Delivered,6:27:40,9
8682,5044,Order,23:44:25,18
8683,8387,Delivered,2:53:16,17
8684,4933,Delivered,13:11:27,18
8685,5893,Not Delivered,6:13:59,4
8686,1758,Not Delivered,3:43:20,7
8687,9722,Delivered,15:53:05,18
8688,1303,Not Delivered,5:39:55,11
8689,1043,Delivered,"1 day, 0:26:07",8
8690,3341,Not Delivered,13:55:36,8
8691,4307,Delivered,7:35:10,8
8692,5665,Order,"1 day, 0:57:13",1
8693,260,Order,1:35:07,3
8694,2011,Order,19:12:54,16
8695,4326,Not Delivered,13:09:37,19
8696,3599,Not Delivered,21:34:26,3
8697,5171,Order,13:58:20,10
8698,1055,Not Delivered,4:16:12,19
8699,2653,Delivered,1:20:26,19
8700,934,Order,17:06:17,3
8701,4932,Order,18:03:12,4
8702,1334,Order,7:23:52,7
8703,9989,Not Delivered,5:39:49,16
8704,9341,Not Delivered,12:16:18,1
8705,1367,Order,18:09:13,9
8706,9060,Order,13:19:13,14
8707,4308,Delivered,"1 day, 0:45:33",8
8708,6239,Not Delivered,6:20:13,16
8709,2147,Order,4:54:56,17
8710,5489,Delivered,15:38:53,4
8711,4770,Order,11:03:13,7
8712,6478,Not Delivered,10:06:44,12
8713,3124,Not Delivered,0:19:45,3
8714,1119,Not Delivered,13:28:20,9
8715,1621,Order,4:40:12,4
8716,7766,Delivered,10:00:43,16
8717,7351,Delivered,21:54:34,1
8718,277,Order,15:54:11,12
8719,5484,Not Delivered,6:18:32,7
8720,1368,Order,19:08:55,11
8721,2936,Delivered,23:01:05,2
8722,5107,Delivered,2:27:13,20
8723,6071,Not Delivered,15:08:02,20
8724,5055,Delivered,20:55:41,2
8725,3982,Delivered,5:32:24,7
8726,8452,Not Delivered,8:19:58,9
8727,2517,Not Delivered,10:28:54,8
8728,5032,Delivered,14:08:19,3
8729,5038,Delivered,16:18:19,7
8730,5061,Order,11:08:00,16
8731,1076,Delivered,23:51:07,9
8732,5773,Delivered,15:52:08,4
8733,7541,Not Delivered,10:39:07,5
8734,1810,Order,15:44:59,19
8735,4685,Delivered,5:52:14,9
8736,7999,Delivered,16:48:54,18
8737,2547,Delivered,0:36:49,16
8738,8849,Delivered,22:57:17,10
8739,8259,Not Delivered,5:18:45,9
8740,6514,Delivered,19:58:06,9
8741,1482,Delivered,11:50:06,15
8742,8842,Delivered,11:11:21,7
8743,5902,Delivered,21:28:58,18
8744,5953,Order,7:51:34,11
8745,1821,Order,"1 day, 0:22:10",17
8746,4038,Not Delivered,3:20:36,15
8747,3207,Order,8:00:08,18
8748,5265,Order,1:19:14,12
8749,7589,Order,22:26:24,4
8750,3392,Delivered,12:41:16,18
8751,9356,Order,"1 day, 0:37:12",1
8752,1113,Not Delivered,17:47:25,7
8753,1051,Not Delivered,0:34:29,3
8754,4532,Delivered,13:36:10,14
8755,5674,Order,17:45:07,2
8756,8891,Not Delivered,8:45:09,9
8757,9628,Order,14:42:17,17
8758,2648,Not Delivered,0:55:45,7
8759,8298,Delivered,20:26:29,19
8760,5995,Not Delivered,"1 day, 0:59:30",18
8761,9319,Not Delivered,20:10:44,11
8762,5167,Delivered,1:00:45,7
8763,5844,Order,17:12:34,14
8764,9907,Order,13:45:53,1
8765,786,Not Delivered,3:17:28,13
8766,6542,Delivered,"1 day, 0:07:24",17
8767,6282,Delivered,14:29:29,17
8768,9410,Order,11:36:29,1
8769,599,Not Delivered,21:50:25,18
8770,757,Not Delivered,18:16:23,3
8771,9324,Delivered,8:55:29,20
8772,2264,Order,5:19:27,6
8773,2262,Not Delivered,2:09:52,14
8774,4034,Delivered,20:03:46,12
8775,1060,Not Delivered,15:21:34,18
8776,6872,Not Delivered,4:19:12,4
8777,7895,Order,13:31:57,6
8778,1051,Delivered,9:00:29,18
8779,7015,Order,0:24:43,8
8780,5945,Order,21:11:18,20
8781,4996,Delivered,17:54:32,12
8782,492,Order,12:59:16,11
8783,5751,Order,15:17:20,20
8784,8881,Order,7:00:45,14
8785,1628,Order,2:28:02,17
8786,996,Delivered,0:54:41,10
8787,8244,Order,21:27:31,16
8788,4228,Delivered,5:50:39,17
8789,1016,Order,7:20:50,7
8790,5605,Order,3:38:21,17
8791,4311,Not Delivered,0:44:07,6
8792,3969,Not Delivered,15:41:16,7
8793,8430,Order,9:31:53,12
8794,4978,Not Delivered,14:23:30,9
8795,9184,Delivered,7:51:08,5
8796,7232,Delivered,20:17:30,14
8797,8920,Order,10:20:26,19
8798,3823,Not Delivered,17:35:41,19
8799,3366,Delivered,23:28:14,13
8800,7109,Order,5:31:20,1
8801,8609,Not Delivered,12:58:21,4
8802,1733,Delivered,13:13:18,1
8803,5852,Not Delivered,19:44:55,4
8804,9543,Order,2:50:12,3
8805,899,Order,17:59:00,4
8806,7925,Not Delivered,20:26:49,18
8807,4826,Order,19:32:04,13
8808,3052,Not Delivered,5:01:07,17
8809,694,Not Delivered,3:20:06,7
8810,6783,Not Delivered,"1 day, 0:50:52",19
8811,3751,Not Delivered,11:13:41,4
8812,3406,Not Delivered,7:01:55,10
8813,9645,Not Delivered,0:55:00,5
8814,109,Order,11:55:54,11
8815,9872,Not Delivered,13:05:12,5
8816,5316,Order,18:51:05,3
8817,2999,Order,20:15:59,10
8818,6625,Order,"1 day, 0:21:09",3
8819,4903,Delivered,14:27:03,2
8820,2030,Not Delivered,17:17:08,4
8821,565,Delivered,17:03:33,17
8822,3586,Not Delivered,4:03:36,12
8823,2928,Order,12:31:07,3
8824,7715,Order,10:10:52,3
8825,4887,Delivered,19:08:44,19
8826,7502,Not Delivered,4:45:39,4
8827,5629,Delivered,6:34:21,10
8828,9202,Delivered,19:11:22,6
8829,3971,Not Delivered,5:34:49,10
8830,5744,Delivered,3:18:29,2
8831,2182,Order,4:48:20,17
8832,486,Order,8:43:52,6
8833,4243,Not Delivered,15:55:59,13
8834,1190,Not Delivered,19:58:32,10
8835,7168,Delivered,8:35:19,10
8836,7747,Not Delivered,3:52:27,12
8837,3498,Delivered,8:01:43,1
8838,3564,Delivered,17:56:50,11
8839,6789,Not Delivered,11:40:26,3
8840,5309,Delivered,11:30:00,6
8841,6442,Not Delivered,19:48:27,2
8842,4050,Delivered,"1 day, 0:07:31",19
8843,546,Not Delivered,"1 day, 0:39:49",4
8844,1412,Order,18:47:43,8
8845,245,Not Delivered,"1 day, 0:35:33",5
8846,6931,Delivered,16:46:53,17
8847,5635,Delivered,3:29:42,16
8848,8849,Delivered,22:57:44,18
8849,6597,Delivered,18:56:56,8
8850,4880,Delivered,22:28:57,17
8851,484,Not Delivered,"1 day, 0:53:32",8
8852,8834,Order,13:15:11,1
8853,8140,Order,1:18:15,10
8854,3250,Not Delivered,9:23:31,14
8855,8912,Delivered,6:45:35,4
8856,6234,Not Delivered,21:05:11,16
8857,102,Delivered,6:23:45,16
8858,2489,Not Delivered,19:51:24,20
8859,2093,Not Delivered,20:12:48,16
8860,159,Order,11:32:26,9
8861,1468,Order,19:01:21,10
8862,7298,Delivered,16:40:35,8
8863,2571,Delivered,"1 day, 0:03:22",18
8864,5602,Order,2:17:53,3
8865,1418,Not Delivered,15:16:24,17
8866,3540,Not Delivered,23:04:47,4
8867,4628,Not Delivered,10:58:57,6
8868,5711,Order,16:33:59,10
8869,5228,Delivered,1:21:46,5
8870,483,Order,15:30:01,12
8871,2375,Not Delivered,9:50:37,12
8872,5643,Order,8:40:03,2
8873,4832,Delivered,10:12:54,14
8874,7354,Not Delivered,13:24:38,8
8875,4776,Delivered,23:13:46,12
8876,143,Not Delivered,19:09:07,13
8877,7061,Order,12:44:30,3
8878,7853,Not Delivered,22:23:17,5
8879,904,Delivered,12:46:07,19
8880,3974,Not Delivered,19:38:04,19
8881,484,Delivered,10:40:29,20
8882,4761,Delivered,8:44:05,11
8883,5831,Delivered,4:36:12,7
8884,3513,Delivered,15:51:02,3
8885,5661,Order,11:29:34,19
8886,6433,Delivered,12:10:59,10
8887,4367,Order,4:48:34,20
8888,5557,Not Delivered,"1 day, 0:14:27",2
8889,9060,Order,"1 day, 0:46:11",19
8890,8898,Order,19:25:06,7
8891,3211,Order,7:05:25,8
8892,5425,Delivered,6:07:27,18
8893,6402,Delivered,20:45:07,1
8894,4063,Not Delivered,19:34:45,9
8895,8045,Not Delivered,22:17:03,8
8896,6711,Not Delivered,23:45:30,6
8897,9111,Delivered,14:51:51,19
8898,8815,Order,17:59:05,2
8899,2691,Delivered,17:41:35,16
8900,3965,Not Delivered,5:57:47,14
8901,1592,Delivered,21:04:36,12
8902,1463,Order,8:35:21,2
8903,1329,Not Delivered,20:20:35,15
8904,4096,Delivered,10:54:24,19
8905,5547,Order,11:07:41,9
8906,4150,Not Delivered,20:49:44,7
8907,6662,Not Delivered,12:50:52,11
8908,4390,Not Delivered,5:54:00,2
8909,6330,Delivered,3:20:41,6
8910,3415,Not Delivered,9:25:20,17
8911,9897,Delivered,17:02:34,15
8912,6955,Delivered,21:37:07,13
8913,8530,Delivered,13:06:39,7
8914,5232,Order,7:55:10,12
8915,4024,Order,10:19:20,12
8916,1274,Not Delivered,4:41:56,12
8917,6980,Order,12:57:23,16
8918,8924,Not Delivered,19:14:39,16
8919,3119,Order,22:56:37,19
8920,1298,Delivered,3:15:51,11
8921,7121,Order,12:13:38,2
8922,355,Not Delivered,13:25:00,19
8923,4034,Order,19:23:56,15
8924,6912,Not Delivered,8:00:59,6
8925,6704,Order,21:18:43,6
8926,6997,Order,14:06:48,18
8927,4400,Order,6:55:23,7
8928,5320,Delivered,12:17:47,7
8929,6570,Delivered,23:43:16,11
8930,3945,Order,13:40:41,10
8931,1251,Delivered,14:14:55,8
8932,8914,Delivered,17:22:30,6
8933,3878,Delivered,8:30:10,9
8934,136,Not Delivered,2:45:16,10
8935,4160,Not Delivered,19:21:23,6
8936,8121,Order,5:33:26,13
8937,6780,Order,5:25:46,18
8938,9404,Order,2:29:06,10
8939,4341,Order,20:03:33,16
8940,8520,Delivered,22:51:33,16
8941,231,Delivered,21:57:20,10
8942,877,Order,12:16:46,13
8943,8077,Order,4:51:50,15
8944,6985,Delivered,18:18:11,12
8945,5590,Not Delivered,6:03:54,6
8946,6923,Delivered,4:33:56,2
8947,9050,Order,20:06:26,9
8948,5791,Order,7:37:35,15
8949,4022,Delivered,17:40:46,12
8950,1293,Not Delivered,13:12:55,3
8951,3328,Not Delivered,9:05:13,11
8952,8896,Order,15:18:10,19
8953,414,Order,8:33:26,8
8954,3151,Not Delivered,18:59:01,18
8955,2491,Not Delivered,23:37:52,20
8956,1858,Order,16:31:18,12
8957,1960,Order,21:58:20,15
8958,8809,Not Delivered,8:03:34,20
8959,4062,Not Delivered,22:23:06,5
8960,6708,Order,18:55:56,15
8961,9325,Not Delivered,12:12:46,8
8962,9079,Not Delivered,16:54:31,20
8963,1901,Delivered,0:36:16,8
8964,2803,Not Delivered,15:13:49,18
8965,1189,Not Delivered,6:59:41,8
8966,1205,Not Delivered,2:20:46,13
8967,5674,Delivered,11:14:53,5
8968,422,Order,12:24:30,12
8969,7127,Not Delivered,23:52:59,9
8970,6503,Not Delivered,4:28:58,17
8971,1745,Not Delivered,13:50:44,17
8972,391,Order,2:43:47,6
8973,2595,Order,6:55:48,7
8974,4376,Delivered,19:52:16,16
8975,7202,Delivered,15:52:42,9
8976,2010,Not Delivered,1:58:40,13
8977,5207,Delivered,22:27:15,2
8978,3846,Not Delivered,23:29:19,6
8979,5611,Not Delivered,19:41:10,1
8980,927,Not Delivered,4:04:01,9
8981,7161,Delivered,5:24:16,10
8982,3965,Not Delivered,5:13:27,17
8983,8591,Delivered,11:00:22,14
8984,8626,Order,0:17:18,17
8985,7615,Order,21:56:15,8
8986,7800,Not Delivered,8:24:24,3
8987,9522,Delivered,13:20:41,4
8988,5278,Order,0:57:03,9
8989,5530,Delivered,14:48:15,17
8990,8326,Delivered,9:07:34,13
8991,5499,Delivered,9:36:26,3
8992,7286,Not Delivered,11:07:59,16
8993,5285,Order,20:34:11,20
8994,7957,Delivered,23:56:27,4
8995,2075,Not Delivered,17:47:31,13
8996,4672,Order,8:52:17,10
8997,5531,Order,23:30:25,4
8998,6091,Not Delivered,4:51:17,6
8999,6805,Delivered,21:51:01,11
9000,8137,Delivered,18:38:25,4
9001,2908,Not Delivered,23:43:50,15
9002,3755,Delivered,3:46:32,13
9003,5141,Delivered,1:29:00,13
9004,8472,Order,6:42:37,1
9005,7297,Delivered,0:19:34,15
9006,9134,Delivered,22:24:17,1
9007,1068,Delivered,2:22:23,12
9008,4760,Not Delivered,16:51:48,6
9009,3713,Not Delivered,21:44:55,5
9010,6773,Not Delivered,3:04:47,10
9011,4646,Order,13:56:54,10
9012,3232,Not Delivered,21:23:59,15
9013,2861,Order,8:45:05,17
9014,5037,Delivered,17:58:39,3
9015,5253,Not Delivered,"1 day, 0:00:56",2
9016,2700,Order,8:29:37,9
9017,3153,Not Delivered,4:37:14,18
9018,2699,Not Delivered,18:07:35,14
9019,8307,Not Delivered,4:11:13,10
9020,5987,Delivered,14:56:00,14
9021,370,Not Delivered,8:43:20,11
9022,780,Not Delivered,0:29:56,1
9023,3816,Order,5:54:36,11
9024,7713,Delivered,8:20:08,3
9025,4830,Delivered,6:02:31,13
9026,6958,Not Delivered,"1 day, 0:03:05",7
9027,9633,Order,21:20:08,9
9028,3413,Order,23:54:00,11
9029,7432,Not Delivered,7:00:12,6
9030,550,Delivered,22:47:41,3
9031,3734,Delivered,9:15:13,9
9032,8079,Order,8:50:46,3
9033,3528,Delivered,9:38:01,20
9034,4659,Order,16:00:36,16
9035,3824,Order,7:52:28,15
9036,1456,Order,10:49:51,14
9037,7512,Order,6:05:03,16
9038,8016,Not Delivered,3:58:24,11
9039,8235,Delivered,16:15:48,1
9040,1516,Not Delivered,17:26:04,15
9041,7018,Delivered,14:54:27,8
9042,2637,Delivered,20:41:57,2
9043,3408,Delivered,5:58:27,12
9044,1370,Delivered,0:10:22,8
9045,8294,Order,2:01:31,7
9046,2695,Not Delivered,10:54:04,20
9047,3923,Delivered,4:36:07,3
9048,8980,Order,16:44:29,10
9049,6476,Not Delivered,6:15:59,9
9050,3345,Delivered,9:58:20,11
9051,2187,Delivered,15:28:14,19
9052,929,Delivered,19:15:20,1
9053,5741,Not Delivered,12:18:45,18
9054,7774,Delivered,2:41:29,5
9055,2478,Not Delivered,"1 day, 0:53:59",19
9056,5390,Order,17:52:06,8
9057,9076,Not Delivered,7:43:45,12
9058,5151,Order,17:23:25,6
9059,7946,Delivered,11:29:10,4
9060,7137,Order,16:47:28,15
9061,4760,Delivered,22:21:35,8
9062,970,Order,21:30:21,19
9063,3227,Delivered,11:39:26,5
9064,9707,Order,8:57:55,19
9065,8686,Delivered,4:38:34,6
9066,8007,Not Delivered,"1 day, 0:52:26",20
9067,9075,Order,3:45:44,13
9068,8922,Order,13:06:19,11
9069,7842,Not Delivered,9:55:58,14
9070,5017,Delivered,22:07:58,13
9071,8350,Delivered,"1 day, 0:09:30",12
9072,1080,Delivered,14:21:07,19
9073,7545,Order,6:34:25,1
9074,8202,Not Delivered,19:52:19,7
9075,6689,Not Delivered,18:18:25,10
9076,9801,Delivered,20:59:23,9
9077,8645,Not Delivered,5:35:12,5
9078,6891,Order,7:54:29,6
9079,7875,Not Delivered,8:45:25,6
9080,152,Not Delivered,0:13:56,2
9081,9739,Order,23:56:19,9
9082,5833,Not Delivered,3:41:12,12
9083,3748,Order,6:22:45,11
9084,7426,Delivered,3:53:54,6
9085,3506,Not Delivered,8:37:07,15
9086,9336,Delivered,4:34:42,10
9087,8879,Delivered,9:29:38,7
9088,9928,Order,20:47:03,17
9089,9972,Not Delivered,2:52:14,3
9090,3686,Not Delivered,6:47:52,13
9091,7879,Not Delivered,9:03:12,6
9092,4855,Not Delivered,19:15:57,12
9093,577,Order,14:38:55,5
9094,2637,Not Delivered,18:26:21,12
9095,5664,Not Delivered,2:12:42,8
9096,2579,Delivered,21:37:37,6
9097,2355,Not Delivered,1:13:04,7
9098,8487,Order,14:26:32,4
9099,7712,Order,"1 day, 0:31:46",11
9100,8725,Not Delivered,18:02:07,11
9101,1172,Order,6:33:47,12
9102,8424,Order,19:38:27,13
9103,5267,Not Delivered,5:47:39,20
9104,8128,Order,3:25:37,9
9105,6384,Delivered,1:51:17,6
9106,9254,Order,15:25:50,11
9107,1669,Order,13:01:38,4
9108,4111,Order,9:44:32,1
9109,2043,Delivered,0:48:10,13
9110,9904,Not Delivered,21:13:58,3
9111,5607,Not Delivered,15:52:02,6
9112,5546,Order,7:42:39,4
9113,7868,Delivered,9:26:14,20
9114,1421,Delivered,22:37:14,20
9115,573,Order,9:33:18,12
9116,1015,Not Delivered,2:37:20,8
9117,2143,Delivered,22:14:50,8
9118,741,Order,23:25:38,2
9119,793,Delivered,5:50:42,14
9120,4143,Not Delivered,12:15:24,14
9121,8504,Order,2:07:58,6
9122,7098,Order,8:45:35,19
9123,4199,Order,16:43:37,9
9124,5489,Not Delivered,"1 day, 0:12:58",3
9125,9880,Delivered,6:55:45,3
9126,1088,Not Delivered,8:22:49,4
9127,6991,Order,8:50:57,20
9128,2122,Delivered,6:20:29,20
9129,2153,Not Delivered,23:49:07,13
9130,608,Delivered,20:48:12,11
9131,1638,Order,12:41:32,18
9132,206,Order,5:31:43,7
9133,9030,Not Delivered,23:37:33,17
9134,3278,Order,15:37:49,18
9135,8566,Order,15:58:38,5
9136,2339,Not Delivered,3:13:16,16
9137,2601,Delivered,15:14:33,19
9138,7999,Delivered,5:20:18,18
9139,6402,Not Delivered,2:45:46,9
9140,3292,Order,7:42:17,5
9141,2750,Not Delivered,3:08:16,13
9142,7714,Delivered,8:27:34,7
9143,7570,Delivered,12:33:43,15
9144,5944,Delivered,6:29:14,7
9145,4608,Order,16:54:26,11
9146,9817,Delivered,5:05:48,18
9147,9637,Order,17:33:45,15
9148,498,Not Delivered,18:46:00,14
9149,2523,Order,16:21:57,15
9150,5863,Not Delivered,20:30:25,15
9151,5813,Order,23:16:10,7
9152,5477,Order,11:15:18,1
9153,9711,Delivered,22:06:21,3
9154,776,Delivered,9:10:42,8
9155,4465,Order,21:28:11,10
9156,5598,Delivered,7:06:48,8
9157,8810,Delivered,14:20:40,13
9158,8374,Not Delivered,6:00:46,16
9159,1769,Not Delivered,19:13:16,8
9160,6772,Order,1:40:17,8
9161,5325,Order,19:18:42,1
9162,5461,Delivered,19:53:52,13
9163,2790,Not Delivered,10:26:57,11
9164,648,Delivered,19:30:52,6
9165,5921,Delivered,22:33:01,14
9166,7423,Delivered,3:24:35,14
9167,1268,Not Delivered,20:00:03,1
9168,6255,Delivered,7:57:49,19
9169,6332,Delivered,1:00:14,17
9170,8048,Delivered,5:04:56,19
9171,5968,Not Delivered,14:53:32,20
9172,3154,Order,5:42:21,10
9173,345,Delivered,1:09:21,8
9174,6886,Delivered,19:34:30,9
9175,3437,Not Delivered,16:00:17,1
9176,2080,Delivered,6:50:44,11
9177,8091,Delivered,11:22:54,2
9178,8951,Not Delivered,8:42:02,4
9179,6859,Order,23:54:10,1
9180,683,Not Delivered,18:05:14,9
9181,8245,Delivered,21:35:22,10
9182,662,Order,17:30:00,1
9183,5621,Order,16:20:29,2
9184,3841,Not Delivered,21:35:23,18
9185,6825,Not Delivered,6:45:03,17
9186,4297,Delivered,0:32:36,3
9187,6404,Delivered,23:12:19,17
9188,3595,Delivered,16:44:08,19
9189,8317,Delivered,3:11:28,13
9190,2603,Delivered,17:18:02,19
9191,3592,Not Delivered,18:28:17,16
9192,9383,Order,12:07:37,18
9193,336,Delivered,0:30:10,10
9194,8748,Delivered,20:17:36,11
9195,1858,Order,11:58:55,15
9196,1788,Not Delivered,4:55:54,12
9197,8002,Delivered,0:31:40,6
9198,4103,Order,20:43:18,14
9199,3031,Order,22:06:02,4
9200,7227,Delivered,21:01:42,14
9201,9221,Not Delivered,5:32:32,12
9202,8128,Not Delivered,21:01:33,2
9203,5853,Not Delivered,7:02:23,1
9204,5575,Not Delivered,3:19:01,3
9205,4682,Order,0:40:19,4
9206,2476,Delivered,13:20:09,15
9207,1120,Not Delivered,2:34:32,6
9208,7024,Not Delivered,17:50:55,15
9209,6967,Order,6:03:08,6
9210,9039,Order,6:38:24,10
9211,9962,Order,3:39:14,7
9212,3270,Order,16:06:24,18
9213,6483,Order,5:50:36,6
9214,3566,Not Delivered,2:45:43,15
9215,2625,Order,18:51:17,18
9216,3791,Delivered,11:48:59,13
9217,2615,Delivered,0:34:48,14
9218,1766,Order,21:38:27,10
9219,3625,Delivered,1:08:02,19
9220,3383,Delivered,12:33:19,10
9221,5191,Order,13:46:05,3
9222,1072,Order,1:06:14,17
9223,5514,Order,16:25:37,7
9224,8014,Not Delivered,0:35:17,17
9225,3589,Not Delivered,4:03:59,20
9226,1994,Not Delivered,7:24:11,6
9227,869,Order,22:12:37,3
9228,9069,Delivered,10:21:36,10
9229,2876,Delivered,3:30:06,19
9230,7904,Delivered,5:21:38,14
9231,344,Order,12:34:03,20
9232,7018,Order,13:17:40,1
9233,9343,Not Delivered,22:18:20,10
9234,2978,Delivered,19:33:24,7
9235,9498,Delivered,11:04:40,14
9236,7299,Delivered,9:18:22,18
9237,8071,Delivered,15:21:20,16
9238,7584,Order,7:18:36,17
9239,7645,Order,8:04:05,11
9240,5308,Not Delivered,21:41:36,5
9241,8604,Delivered,4:34:48,14
9242,8539,Not Delivered,13:59:12,18
9243,5210,Order,20:01:16,10
9244,8909,Delivered,1:20:39,5
9245,3395,Order,2:22:38,18
9246,5228,Delivered,21:24:20,8
9247,5786,Not Delivered,4:50:45,6
9248,1912,Not Delivered,13:46:23,19
9249,9522,Not Delivered,7:13:34,17
9250,3621,Not Delivered,17:23:34,10
9251,5698,Not Delivered,10:49:02,2
9252,5161,Delivered,2:11:22,20
9253,7293,Not Delivered,20:02:38,9
9254,4091,Delivered,7:54:16,7
9255,7215,Not Delivered,11:08:04,4
9256,6128,Delivered,12:31:18,18
9257,4552,Delivered,19:28:44,1
9258,6455,Not Delivered,5:17:16,13
9259,3239,Delivered,9:54:18,10
9260,2924,Not Delivered,0:26:57,8
9261,8815,Delivered,16:58:07,9
9262,3984,Delivered,9:14:06,11
9263,9406,Not Delivered,19:52:20,14
9264,306,Delivered,5:33:09,12
9265,181,Not Delivered,15:02:35,6
9266,831,Not Delivered,7:59:30,13
9267,3594,Order,20:25:26,7
9268,3289,Delivered,11:20:59,2
9269,6037,Delivered,17:16:22,6
9270,2539,Order,"1 day, 0:43:48",12
9271,9462,Not Delivered,8:49:01,17
9272,1780,Not Delivered,9:01:55,7
9273,5697,Order,22:42:05,13
9274,7293,Not Delivered,8:33:17,11
9275,6516,Not Delivered,6:47:28,8
9276,3071,Order,14:55:42,18
9277,2510,Delivered,1:02:31,6
9278,9228,Not Delivered,1:33:15,15
9279,9680,Not Delivered,7:04:05,12
9280,6222,Order,1:53:36,8
9281,9316,Order,19:48:43,20
9282,9194,Not Delivered,16:50:18,4
9283,7911,Delivered,0:42:06,2
9284,9553,Delivered,"1 day, 0:20:36",10
9285,5864,Not Delivered,19:16:06,8
9286,7967,Order,13:54:52,10
9287,772,Delivered,4:17:51,2
9288,725,Not Delivered,0:13:56,2
9289,3075,Order,2:27:31,4
9290,7954,Not Delivered,17:40:22,17
9291,1968,Order,0:11:35,5
9292,8318,Delivered,14:01:14,17
9293,7476,Delivered,10:27:41,12
9294,1002,Not Delivered,12:54:24,20
9295,2367,Not Delivered,22:29:08,19
9296,8462,Not Delivered,4:11:31,4
9297,6273,Delivered,17:14:53,15
9298,755,Delivered,13:53:02,17
9299,3205,Delivered,13:21:51,1
9300,2691,Delivered,13:40:44,14
9301,1884,Order,8:33:23,17
9302,9231,Order,3:42:04,4
9303,6441,Order,17:30:51,4
9304,3454,Order,14:03:27,12
9305,9753,Delivered,2:08:23,4
9306,9506,Delivered,0:44:11,10
9307,2453,Not Delivered,0:26:39,3
9308,2430,Delivered,4:29:48,6
9309,3361,Order,13:43:06,11
9310,9514,Delivered,6:28:44,18
9311,4169,Order,11:08:35,14
9312,4842,Order,7:22:56,6
9313,3229,Delivered,3:35:28,12
9314,4231,Order,5:41:31,11
9315,5308,Order,8:13:10,17
9316,206,Order,8:57:22,1
9317,2396,Not Delivered,0:29:55,11
9318,2269,Order,15:51:04,13
9319,315,Delivered,5:05:01,7
9320,3186,Not Delivered,7:19:29,3
9321,5671,Order,7:35:01,4
9322,6669,Delivered,18:42:30,5
9323,9629,Delivered,2:08:42,8
9324,2343,Not Delivered,6:07:39,10
9325,8402,Not Delivered,17:07:19,19
9326,3947,Order,"1 day, 0:38:36",4
9327,3785,Order,10:24:41,5
9328,3697,Not Delivered,2:11:04,8
9329,7858,Not Delivered,3:42:48,15
9330,7530,Delivered,1:00:55,8
9331,7534,Order,17:45:49,20
9332,6811,Delivered,2:45:13,5
9333,7237,Not Delivered,7:34:15,11
9334,1407,Not Delivered,3:05:54,16
9335,5501,Delivered,7:32:27,6
9336,8645,Delivered,14:02:50,10
9337,8047,Order,10:39:23,1
9338,1880,Order,8:36:12,18
9339,9547,Delivered,1:56:07,13
9340,7727,Delivered,23:59:30,13
9341,9968,Order,13:25:44,13
9342,781,Delivered,5:38:03,17
9343,8133,Delivered,11:53:48,10
9344,5603,Delivered,21:51:45,2
9345,4852,Order,11:10:57,9
9346,1818,Not Delivered,11:09:01,7
9347,4221,Delivered,2:55:27,14
9348,4285,Order,"1 day, 0:54:17",9
9349,787,Order,5:33:00,4
9350,1780,Order,18:01:59,16
9351,4278,Not Delivered,16:47:28,18
9352,961,Not Delivered,18:00:31,3
9353,187,Delivered,4:31:02,18
9354,2201,Order,10:14:38,8
9355,4000,Not Delivered,11:12:37,7
9356,3315,Not Delivered,23:54:10,20
9357,1082,Not Delivered,7:20:29,12
9358,4867,Not Delivered,"1 day, 0:39:00",6
9359,2720,Order,20:30:52,16
9360,9452,Order,16:05:49,5
9361,1320,Not Delivered,21:18:48,1
9362,8199,Not Delivered,18:30:01,12
9363,2675,Not Delivered,0:39:06,10
9364,4486,Order,9:18:27,5
9365,7433,Delivered,19:07:16,3
9366,292,Order,21:30:17,14
9367,9646,Order,15:39:03,1
9368,3348,Order,12:40:38,12
9369,2251,Not Delivered,0:29:54,1
9370,9817,Not Delivered,22:19:04,20
9371,3618,Not Delivered,16:02:56,13
9372,7760,Delivered,12:37:02,10
9373,5163,Not Delivered,1:24:18,2
9374,3127,Order,4:19:36,9
9375,4528,Delivered,20:51:19,20
9376,6587,Not Delivered,21:07:26,11
9377,8500,Delivered,"1 day, 0:01:47",4
9378,1319,Not Delivered,0:35:42,4
9379,2564,Order,5:54:57,18
9380,1344,Order,19:02:03,5
9381,231,Order,21:29:32,19
9382,952,Delivered,15:58:26,15
9383,7233,Delivered,20:49:53,20
9384,7212,Delivered,12:42:51,19
9385,7789,Not Delivered,4:02:33,16
9386,3472,Order,12:20:06,19
9387,2015,Delivered,7:52:43,13
9388,4249,Delivered,11:18:54,4
9389,4294,Not Delivered,9:15:00,8
9390,7477,Not Delivered,10:07:37,12
9391,9736,Not Delivered,18:42:25,6
9392,2640,Order,7:34:21,16
9393,2958,Order,"1 day, 0:37:41",3
9394,3789,Not Delivered,"1 day, 0:25:53",13
9395,5626,Delivered,12:08:57,13
9396,7834,Delivered,8:59:53,8
9397,1185,Order,11:37:08,13
9398,8918,Not Delivered,4:57:50,20
9399,1663,Delivered,8:32:21,8
9400,9085,Not Delivered,8:42:38,1
9401,9838,Not Delivered,"1 day, 0:58:08",8
9402,4075,Order,17:18:02,4
9403,4639,Order,3:17:39,19
9404,5740,Delivered,2:16:27,19
9405,5127,Delivered,4:51:55,13
9406,9595,Order,7:59:41,2
9407,8825,Delivered,19:20:07,7
9408,5159,Not Delivered,"1 day, 0:06:13",9
9409,9047,Order,5:12:11,5
9410,7296,Order,9:10:31,15
9411,3316,Delivered,23:46:45,20
9412,2862,Not Delivered,12:31:39,13
9413,6302,Order,22:57:21,2
9414,8690,Not Delivered,0:08:55,15
9415,5852,Not Delivered,15:31:29,7
9416,5750,Order,17:09:36,14
9417,6590,Order,22:24:12,18
9418,497,Order,16:44:01,3
9419,1050,Not Delivered,6:19:48,15
9420,9038,Not Delivered,1:47:39,18
9421,5810,Delivered,19:19:23,10
9422,8745,Order,13:28:55,16
9423,8656,Order,18:34:36,2
9424,6740,Not Delivered,14:31:36,10
9425,5441,Delivered,19:17:39,15
9426,2333,Not Delivered,8:21:49,5
9427,1087,Delivered,0:17:45,5
9428,8536,Order,17:02:56,20
9429,7311,Delivered,22:36:13,18
9430,722,Not Delivered,22:07:13,5
9431,6723,Not Delivered,5:03:11,17
9432,4073,Order,7:00:49,13
9433,2649,Delivered,21:15:46,10
9434,551,Delivered,1:36:33,12
9435,9530,Delivered,18:33:07,2
9436,5829,Not Delivered,10:07:10,6
9437,5929,Order,21:24:09,14
9438,9359,Not Delivered,23:15:15,18
9439,4403,Delivered,0:59:35,11
9440,8084,Not Delivered,12:57:37,13
9441,8152,Order,14:04:24,4
9442,9664,Not Delivered,13:46:04,4
9443,990,Order,16:55:47,15
9444,8197,Not Delivered,7:16:05,14
9445,5326,Delivered,2:58:10,2
9446,3122,Not Delivered,7:15:25,12
9447,2295,Order,17:06:24,5
9448,6801,Delivered,9:01:21,18
9449,1319,Delivered,20:51:56,5
9450,3382,Delivered,11:52:41,1
9451,165,Delivered,23:45:46,8
9452,5559,Delivered,16:12:35,12
9453,8415,Delivered,16:13:07,6
9454,6715,Delivered,9:42:04,4
9455,8127,Order,0:41:07,5
9456,4406,Not Delivered,8:10:25,14
9457,6204,Order,16:13:59,16
9458,2546,Order,12:27:20,10
9459,7917,Delivered,16:49:06,14
9460,5922,Order,"1 day, 0:06:41",9
9461,7778,Not Delivered,5:05:45,1
9462,1798,Not Delivered,11:41:28,19
9463,1623,Delivered,1:18:59,1
9464,8119,Not Delivered,5:25:01,2
9465,6423,Order,8:44:08,14
9466,8584,Order,14:44:14,19
9467,3887,Not Delivered,23:57:06,5
9468,4946,Delivered,4:19:00,3
9469,2031,Delivered,7:02:21,19
9470,595,Not Delivered,8:11:08,20
9471,845,Not Delivered,23:50:13,4
9472,3972,Delivered,23:43:40,12
9473,6242,Delivered,20:39:44,15
9474,5480,Not Delivered,1:17:24,1
9475,939,Order,21:18:45,6
9476,7056,Order,15:32:24,4
9477,2174,Delivered,3:52:30,9
9478,8908,Delivered,23:11:38,15
9479,1448,Not Delivered,"1 day, 0:03:39",14
9480,1096,Order,12:30:28,7
9481,5869,Not Delivered,20:52:00,8
9482,3553,Delivered,10:20:29,8
9483,6753,Not Delivered,10:36:09,6
9484,7622,Order,18:42:24,13
9485,368,Not Delivered,21:15:25,4
9486,4255,Delivered,20:57:05,5
9487,6925,Order,0:19:31,8
9488,9154,Not Delivered,10:15:13,13
9489,9783,Not Delivered,0:47:43,14
9490,4646,Not Delivered,19:13:57,14
9491,7238,Delivered,5:01:40,17
9492,1993,Order,14:55:01,19
9493,3568,Order,6:56:37,10
9494,3563,Not Delivered,10:23:53,11
9495,839,Order,11:14:32,3
9496,8769,Delivered,6:47:36,12
9497,5179,Order,11:10:37,7
9498,9507,Delivered,2:16:11,12
9499,5751,Order,18:51:05,19
9500,8276,Delivered,22:16:17,1
9501,994,Order,4:33:06,16
9502,4182,Delivered,8:46:45,8
9503,1737,Not Delivered,13:02:13,7
9504,5293,Delivered,8:00:43,6
9505,1269,Order,20:19:52,8
9506,6005,Order,22:26:44,17
9507,3748,Delivered,1:49:48,4
9508,1843,Not Delivered,10:09:55,7
9509,317,Not Delivered,19:32:10,15
9510,8809,Delivered,9:48:23,6
9511,1071,Delivered,4:55:36,18
9512,6407,Delivered,10:17:21,13
9513,8152,Not Delivered,15:12:38,2
9514,4463,Order,2:02:23,5
9515,7542,Order,14:21:12,14
9516,1986,Not Delivered,17:56:24,20
9517,5216,Order,18:46:53,11
9518,9798,Order,1:44:56,8
9519,4085,Delivered,23:43:23,7
9520,5688,Delivered,17:52:24,16
9521,5819,Delivered,1:34:28,5
9522,3625,Not Delivered,4:11:02,15
9523,9354,Order,8:11:27,17
9524,2082,Delivered,18:38:43,9
9525,4108,Not Delivered,8:38:05,19
9526,7145,Order,8:53:04,4
9527,3950,Not Delivered,20:27:55,4
9528,3232,Not Delivered,0:17:53,20
9529,3749,Not Delivered,0:07:32,13
9530,1641,Not Delivered,19:04:54,12
9531,1288,Delivered,0:36:11,14
9532,7124,Delivered,2:22:38,14
9533,3433,Not Delivered,10:22:55,5
9534,3940,Delivered,13:03:45,6
9535,4304,Not Delivered,6:47:39,20
9536,8220,Not Delivered,4:25:55,7
9537,6674,Order,0:09:24,16
9538,3287,Order,23:19:31,2
9539,2809,Delivered,6:42:13,19
9540,2349,Not Delivered,10:53:28,5
9541,5199,Not Delivered,11:02:18,11
9542,7618,Not Delivered,18:21:58,5
9543,6681,Delivered,14:51:30,9
9544,2041,Delivered,13:05:21,4
9545,3051,Delivered,22:27:33,17
9546,1758,Order,5:25:14,6
9547,9707,Not Delivered,20:44:24,6
9548,717,Order,3:49:02,13
9549,3582,Not Delivered,14:58:33,10
9550,9351,Delivered,12:58:27,12
9551,6989,Delivered,19:19:39,2
9552,3801,Order,4:22:01,9
9553,3531,Delivered,0:17:27,12
9554,4748,Order,18:12:24,4
9555,3483,Delivered,8:35:43,13
9556,1694,Not Delivered,3:08:12,18
9557,753,Order,17:07:36,16
9558,7547,Order,15:52:52,6
9559,8444,Delivered,"1 day, 0:53:10",4
9560,6279,Delivered,2:19:41,18
9561,5530,Delivered,9:04:15,5
9562,9899,Order,11:41:13,10
9563,8996,Order,8:52:29,5
9564,4326,Order,12:05:17,14
9565,4978,Not Delivered,13:30:59,6
9566,7821,Not Delivered,5:04:41,9
9567,2351,Order,2:04:44,20
9568,6329,Not Delivered,9:22:02,20
9569,7502,Order,0:48:52,4
9570,2267,Delivered,3:16:48,9
9571,7885,Delivered,9:40:25,12
9572,9095,Order,3:05:25,18
9573,2794,Not Delivered,12:35:51,16
9574,7106,Order,19:44:14,14
9575,1376,Delivered,23:05:18,13
9576,9566,Not Delivered,3:54:20,9
9577,9196,Order,14:53:02,5
9578,8113,Not Delivered,19:14:00,8
9579,351,Not Delivered,22:39:41,10
9580,6024,Order,15:42:25,13
9581,4132,Order,9:14:54,10
9582,9825,Order,2:05:36,12
9583,4164,Not Delivered,11:08:01,18
9584,4092,Not Delivered,3:51:46,11
9585,3735,Delivered,14:30:42,5
9586,8320,Delivered,19:48:47,15
9587,7094,Not Delivered,15:51:56,12
9588,5688,Order,11:21:00,12
9589,949,Not Delivered,4:09:17,5
9590,4118,Not Delivered,4:08:19,5
9591,9379,Order,21:18:01,4
9592,5934,Order,4:06:00,3
9593,2618,Order,13:22:01,2
9594,611,Not Delivered,2:17:34,7
9595,9314,Delivered,0:46:48,1
9596,2494,Delivered,17:10:50,18
9597,6460,Not Delivered,19:18:10,18
9598,7672,Not Delivered,14:35:15,17
9599,8904,Delivered,0:23:39,8
9600,9130,Delivered,11:05:28,10
9601,8855,Order,14:51:55,13
9602,2720,Delivered,23:00:07,19
9603,4850,Not Delivered,19:11:14,2
9604,9256,Delivered,"1 day, 0:50:31",12
9605,3843,Order,22:02:53,1
9606,8506,Delivered,19:47:53,13
9607,4127,Delivered,7:57:35,9
9608,3434,Order,4:43:51,7
9609,5040,Not Delivered,19:41:36,13
9610,9799,Delivered,9:36:35,8
9611,8480,Not Delivered,11:26:59,10
9612,1502,Delivered,5:33:20,3
9613,3922,Not Delivered,2:45:05,3
9614,5990,Delivered,2:10:36,20
9615,6771,Delivered,16:25:01,5
9616,9805,Delivered,1:26:23,17
9617,3976,Delivered,19:18:01,1
9618,4543,Not Delivered,23:42:10,3
9619,8939,Delivered,21:49:02,18
9620,5767,Not Delivered,6:12:38,11
9621,6987,Not Delivered,21:39:56,11
9622,597,Order,23:03:26,4
9623,9263,Not Delivered,12:17:23,8
9624,167,Not Delivered,3:51:45,16
9625,6112,Delivered,"1 day, 0:36:46",15
9626,2484,Not Delivered,4:31:59,1
9627,2449,Not Delivered,4:04:07,15
9628,1195,Not Delivered,15:23:24,3
9629,7220,Order,4:45:17,17
9630,3064,Not Delivered,2:10:21,4
9631,7946,Delivered,16:10:50,1
9632,3413,Not Delivered,5:22:47,9
9633,5652,Not Delivered,23:35:06,8
9634,8200,Order,23:28:39,6
9635,1550,Order,21:05:30,8
9636,7462,Delivered,14:52:10,15
9637,6618,Order,12:22:19,9
9638,285,Not Delivered,18:40:47,14
9639,7904,Delivered,8:15:23,16
9640,7161,Delivered,0:57:45,12
9641,9491,Not Delivered,"1 day, 0:49:54",8
9642,808,Order,2:57:34,15
9643,6028,Order,"1 day, 0:39:52",14
9644,4580,Order,16:47:47,20
9645,3870,Not Delivered,"1 day, 0:18:25",14
9646,4754,Order,23:30:08,20
9647,8933,Not Delivered,10:19:06,1
9648,5390,Order,18:47:50,19
9649,2180,Not Delivered,16:11:40,2
9650,7556,Not Delivered,1:42:05,4
9651,739,Order,19:00:06,16
9652,6756,Not Delivered,4:02:41,4
9653,6469,Delivered,7:58:53,3
9654,3814,Order,0:26:27,17
9655,8083,Not Delivered,5:15:37,14
9656,9388,Delivered,2:34:01,6
9657,4952,Not Delivered,4:35:22,19
9658,942,Delivered,1:45:59,18
9659,1852,Order,7:52:14,15
9660,5850,Not Delivered,23:25:35,10
9661,1141,Delivered,11:47:46,18
9662,6800,Not Delivered,1:27:13,19
9663,5119,Not Delivered,7:07:37,12
9664,1882,Delivered,22:13:10,2
9665,3717,Delivered,15:15:04,10
9666,8316,Delivered,4:16:31,15
9667,7538,Delivered,5:35:54,2
9668,7799,Not Delivered,10:14:50,8
9669,9976,Not Delivered,0:07:15,8
9670,7200,Delivered,17:56:26,11
9671,8068,Not Delivered,12:23:10,8
9672,1141,Not Delivered,18:13:04,13
9673,3189,Delivered,23:27:53,12
9674,1337,Order,1:20:25,20
9675,714,Not Delivered,1:21:47,16
9676,9826,Not Delivered,10:35:48,20
9677,4983,Not Delivered,7:12:23,4
9678,6881,Not Delivered,16:00:06,15
9679,2017,Order,12:05:20,9
9680,3976,Not Delivered,19:38:27,17
9681,4312,Order,16:54:46,12
9682,3094,Delivered,11:57:05,20
9683,1046,Delivered,18:34:54,8
9684,8407,Delivered,4:01:22,4
9685,3245,Not Delivered,18:49:12,7
9686,5477,Order,15:46:47,12
9687,3197,Order,15:46:40,1
9688,5884,Order,20:38:44,6
9689,9045,Order,13:01:21,20
9690,3895,Order,11:20:53,8
9691,4409,Order,6:34:33,15
9692,3731,Order,15:47:26,8
9693,6168,Delivered,"1 day, 0:48:37",4
9694,8736,Order,20:14:33,18
9695,2505,Order,22:14:41,8
9696,3809,Delivered,22:30:40,19
9697,7853,Not Delivered,6:34:49,20
9698,6135,Not Delivered,15:04:01,7
9699,9598,Delivered,21:31:07,11
9700,967,Delivered,17:50:15,7
9701,4076,Order,"1 day, 0:21:35",2
9702,6450,Not Delivered,18:58:28,1
9703,7095,Not Delivered,10:05:50,12
9704,5263,Delivered,21:04:40,16
9705,3198,Not Delivered,14:26:04,18
9706,6726,Order,1:30:34,1
9707,3382,Not Delivered,14:11:08,17
9708,4022,Delivered,7:27:33,8
9709,3268,Order,3:41:16,10
9710,733,Delivered,15:56:20,10
9711,8461,Order,"1 day, 0:33:46",7
9712,1646,Not Delivered,10:25:33,14
9713,725,Delivered,4:19:26,16
9714,1313,Delivered,7:16:39,18
9715,5588,Order,19:24:43,20
9716,740,Order,19:07:07,5
9717,8578,Delivered,13:09:14,2
9718,7470,Order,21:47:21,7
9719,853,Not Delivered,0:12:58,11
9720,2693,Delivered,20:28:50,4
9721,8708,Order,6:57:02,17
9722,2499,Order,10:31:06,9
9723,910,Delivered,2:24:31,10
9724,5310,Delivered,8:18:06,2
9725,1654,Not Delivered,16:35:17,10
9726,4609,Not Delivered,15:25:47,1
9727,2056,Delivered,18:23:04,14
9728,5337,Delivered,"1 day, 0:49:17",6
9729,5880,Not Delivered,6:28:43,5
9730,1782,Delivered,17:43:48,13
9731,398,Not Delivered,13:54:10,5
9732,8475,Delivered,12:20:28,20
9733,4488,Not Delivered,4:37:40,9
9734,4977,Delivered,11:35:15,3
9735,2648,Order,19:31:03,9
9736,5047,Order,21:34:51,6
9737,2380,Not Delivered,5:55:00,4
9738,6353,Not Delivered,4:13:39,19
9739,2048,Not Delivered,16:03:43,9
9740,7627,Not Delivered,12:22:52,15
9741,1427,Not Delivered,10:24:22,3
9742,8569,Delivered,7:04:26,7
9743,7746,Not Delivered,4:47:09,19
9744,5409,Not Delivered,13:06:00,19
9745,5072,Order,21:00:18,9
9746,9733,Delivered,23:11:19,15
9747,452,Not Delivered,16:03:02,5
9748,631,Order,14:38:51,7
9749,3489,Delivered,18:20:33,14
9750,490,Order,2:18:09,13
