order_id,customer_id,restaurant_id,order_item,order_date,order_time,order_status,total_amount
1,9,54,Pasta Alfredo,16-08-2023,23:59:58,Completed,314
2,11,15,Chicken Biryani,03-03-2023,23:59:48,Completed,411
3,5,8,Masala Dosa,05-08-2023,23:59:48,Completed,200
4,17,58,Chicken Shawarma,08-03-2023,23:59:42,Completed,259
5,7,22,Samosa,28-11-2023,23:59:39,Completed,201
6,12,53,Burger,24-08-2023,23:59:38,Completed,252
7,15,27,Mutton Rogan Josh,05-03-2023,23:59:32,Completed,340
8,18,27,Paneer Butter Masala,11-01-2023,23:59:15,Completed,317
9,1,29,Pasta Alfredo,04-09-2023,23:58:52,Completed,422
10,7,5,Paneer Lababdar,31-12-2023,23:58:33,Completed,332
11,13,28,Masala Dosa,28-06-2023,23:58:17,Completed,529
12,22,42,Mutton Biryani,21-10-2023,23:58:07,Completed,263
13,1,14,Egg Curry,06-05-2023,23:58:06,Completed,304
14,13,45,Prawn Masala,28-06-2023,23:58:05,Completed,266
15,18,46,Chole Bhature,10-09-2023,23:57:58,Completed,508
16,19,15,Chicken Shawarma,14-10-2023,23:57:56,Completed,309
17,9,37,Prawn Masala,14-04-2023,23:57:32,Completed,207
18,17,16,Masala Dosa,24-05-2023,23:57:32,Completed,324
19,6,20,Mutton Biryani,10-01-2023,23:57:30,Completed,298
20,5,56,Masala Dosa,23-01-2023,23:57:28,Completed,269
21,22,50,Paneer Lababdar,07-07-2023,23:57:27,Completed,331
22,7,25,Paneer Lababdar,04-08-2023,23:57:21,Completed,546
23,6,25,Mutton Biryani,03-03-2023,23:56:57,Completed,556
24,16,29,Prawn Masala,02-11-2023,23:56:56,Completed,210
25,7,5,Samosa,28-04-2023,23:56:51,Completed,259
26,19,4,Prawn Masala,18-04-2023,23:56:49,Completed,479
27,16,54,Chicken Burger,09-01-2023,22:16:10,Completed,379
28,32,22,Paneer Butter Masala,20-05-2023,01:46:29,Completed,233
29,18,52,Chicken Burger,03-06-2023,13:32:17,Completed,355
30,28,34,Pasta Alfredo,17-10-2023,01:34:54,Completed,504
31,30,24,Mutton Biryani,20-04-2023,06:10:48,Completed,505
32,10,19,Samosa,10-03-2023,00:06:59,Completed,357
33,26,1,Mutton Biryani,22-09-2023,22:47:55,Completed,354
34,1,49,Prawn Masala,05-09-2023,12:52:31,Completed,395
35,17,57,Chicken Burger,27-02-2023,08:21:44,Completed,565
36,11,3,Paneer Lababdar,04-01-2023,13:23:36,Completed,569
37,17,56,Chicken Burger,27-01-2023,21:41:46,Completed,471
38,9,5,Veg Biryani,04-02-2023,15:49:29,Completed,203
39,29,38,Masala Dosa,11-11-2023,05:53:19,Completed,412
40,16,60,Chicken Biryani,12-06-2023,09:33:06,Completed,232
41,18,29,Paneer Lababdar,06-07-2023,17:55:55,Completed,196
42,14,14,Veg Burger,24-03-2023,02:15:55,Completed,258
43,27,44,Masala Dosa,12-05-2023,14:10:43,Completed,534
44,24,53,Prawn Masala,28-02-2023,07:57:17,Completed,289
45,14,46,Butter Chicken,04-10-2023,17:51:39,Completed,566
46,27,14,Prawn Masala,24-08-2023,02:49:50,Completed,216
47,21,12,Butter Chicken,29-01-2023,11:33:45,Completed,412
48,8,29,Butter Chicken,20-06-2023,08:47:37,Completed,456
49,24,51,Masala Dosa,10-09-2023,07:30:45,Completed,409
50,14,7,Veg Biryani,19-09-2023,22:03:56,Completed,259
51,2,36,Chole Bhature,11-04-2023,20:37:45,Completed,241
52,32,57,Chole Bhature,06-06-2023,04:51:30,Completed,573
53,1,46,Rajma Chawal,04-02-2023,16:12:17,Completed,344
54,31,46,Chicken Biryani,28-07-2023,06:14:19,Completed,179
55,23,38,Samosa,13-01-2023,13:29:26,Completed,367
56,30,1,Chicken Burger,02-12-2023,09:13:50,Completed,386
57,11,47,Paneer Butter Masala,02-10-2023,13:06:24,Completed,486
58,29,35,Chicken Biryani,15-09-2023,13:51:54,Completed,543
59,9,16,Chole Bhature,28-06-2023,07:27:01,Completed,303
60,4,18,Paneer Butter Masala,30-12-2023,23:45:38,Completed,331
61,10,11,Mutton Biryani,12-10-2023,15:19:47,Completed,300
62,14,44,Paneer Lababdar,22-05-2023,00:33:25,Completed,455
63,14,13,Chicken Biryani,05-03-2023,02:38:04,Completed,372
64,8,32,Prawn Masala,15-07-2023,16:11:10,Completed,527
65,21,17,Veg Biryani,27-03-2023,15:38:23,Completed,397
66,32,29,Chicken Burger,31-10-2023,05:39:53,Completed,416
67,8,43,Paneer Lababdar,22-10-2023,06:50:20,Completed,311
68,30,45,Chole Bhature,22-08-2023,20:56:54,Completed,570
69,2,58,Paneer Butter Masala,24-10-2023,08:39:07,Completed,500
70,1,35,Rajma Chawal,25-02-2023,02:41:36,Completed,509
71,33,11,Chicken Burger,29-05-2023,13:56:25,Completed,484
72,30,37,Veg Biryani,26-10-2023,12:26:04,Completed,175
73,30,31,Samosa,08-03-2023,08:10:09,Completed,331
74,2,48,Rajma Chawal,08-04-2023,06:52:06,Completed,178
75,5,53,Paneer Butter Masala,04-09-2023,01:18:18,Completed,298
76,1,23,Veg Burger,08-03-2023,15:07:30,Completed,447
77,21,51,Butter Chicken,14-07-2023,19:31:07,Completed,173
78,21,44,Chole Bhature,04-03-2023,04:18:26,Completed,354
79,12,2,Rajma Chawal,25-11-2023,16:17:45,Completed,414
80,23,31,Paneer Butter Masala,16-06-2023,04:40:24,Completed,589
81,22,35,Veg Burger,26-07-2023,15:25:27,Completed,563
82,8,2,Paneer Butter Masala,05-06-2023,08:01:53,Completed,176
83,15,10,Veg Biryani,08-05-2023,02:13:40,Completed,375
84,21,44,Chicken Burger,08-12-2023,11:39:13,Completed,310
85,1,6,Veg Burger,20-08-2023,10:55:31,Completed,322
86,11,27,Egg Curry,04-06-2023,09:45:32,Completed,457
87,20,9,Prawn Masala,02-12-2023,14:01:27,Completed,429
88,9,7,Veg Biryani,06-09-2023,22:50:49,Completed,597
89,13,59,Rajma Chawal,13-10-2023,03:59:55,Completed,531
90,24,2,Chicken Biryani,18-09-2023,18:17:29,Completed,338
91,1,51,Chicken Biryani,03-08-2023,00:35:58,Completed,556
92,31,43,Pasta Alfredo,21-07-2023,02:17:46,Completed,599
93,32,31,Chicken Biryani,20-01-2023,05:21:32,Completed,247
94,4,32,Butter Chicken,11-11-2023,21:05:45,Completed,495
95,6,33,Samosa,29-08-2023,01:46:32,Completed,293
96,9,45,Egg Curry,04-06-2023,13:55:25,Completed,408
97,29,32,Pasta Alfredo,24-04-2023,03:11:36,Completed,502
98,33,58,Chicken Biryani,21-01-2023,13:45:56,Completed,189
99,27,10,Veg Biryani,05-09-2023,07:18:32,Completed,170
100,23,60,Egg Curry,27-02-2023,20:34:01,Completed,201
101,23,7,Rajma Chawal,10-07-2023,12:43:11,Completed,241
102,14,12,Butter Chicken,05-05-2023,21:37:52,Completed,558
103,2,2,Paneer Butter Masala,30-03-2023,04:03:18,Completed,233
104,5,33,Veg Biryani,29-04-2023,00:41:08,Completed,332
105,26,15,Egg Curry,29-12-2023,10:46:57,Completed,326
106,18,16,Prawn Masala,06-12-2023,22:38:30,Completed,335
107,4,46,Samosa,09-10-2023,01:34:14,Completed,191
108,11,18,Veg Burger,17-02-2023,11:21:59,Completed,343
109,33,53,Egg Curry,23-12-2023,22:45:44,Completed,338
110,33,58,Masala Dosa,05-10-2023,09:38:54,Completed,190
111,24,51,Paneer Butter Masala,25-01-2023,06:28:57,Completed,525
112,20,49,Chicken Biryani,23-02-2023,10:47:59,Completed,338
113,9,30,Chicken Burger,31-07-2023,07:56:43,Completed,552
114,18,2,Pasta Alfredo,03-08-2023,02:30:12,Completed,401
115,22,12,Veg Burger,17-11-2023,06:15:47,Completed,591
116,3,60,Veg Biryani,23-04-2023,17:24:21,Completed,421
117,22,16,Chicken Biryani,03-01-2023,17:11:41,Completed,317
118,15,7,Egg Curry,11-02-2023,18:00:28,Completed,255
119,16,54,Rajma Chawal,05-09-2023,07:01:53,Completed,214
120,32,10,Butter Chicken,31-07-2023,18:56:50,Completed,292
121,28,31,Chicken Burger,10-11-2023,13:57:49,Completed,323
122,2,38,Paneer Butter Masala,09-05-2023,06:38:32,Completed,535
123,27,28,Veg Biryani,21-07-2023,05:11:24,Completed,333
124,8,50,Samosa,22-04-2023,13:43:29,Completed,566
125,28,15,Chicken Biryani,13-08-2023,11:42:46,Completed,311
126,32,48,Chicken Burger,16-08-2023,13:20:04,Completed,187
127,24,7,Egg Curry,17-09-2023,07:17:20,Completed,228
128,27,45,Chicken Biryani,14-12-2023,05:58:36,Completed,478
129,3,24,Mutton Biryani,30-03-2023,11:13:49,Completed,204
130,30,43,Pasta Alfredo,14-10-2023,18:46:28,Completed,271
131,12,56,Rajma Chawal,03-05-2023,12:14:25,Completed,275
132,27,50,Pasta Alfredo,22-06-2023,16:18:41,Completed,182
133,9,41,Chole Bhature,24-12-2023,21:48:22,Completed,213
134,23,38,Rajma Chawal,08-02-2023,17:35:39,Completed,536
135,14,3,Veg Biryani,25-04-2023,02:45:47,Completed,270
136,28,18,Mutton Biryani,02-03-2023,12:30:21,Completed,254
137,5,4,Pasta Alfredo,06-05-2023,06:58:07,Completed,274
138,17,38,Chole Bhature,02-07-2023,15:40:15,Completed,198
139,25,58,Egg Curry,10-03-2023,19:09:56,Completed,582
140,17,1,Prawn Masala,02-06-2023,18:57:50,Completed,178
141,2,56,Paneer Lababdar,05-03-2023,00:18:14,Completed,495
142,15,50,Pasta Alfredo,26-03-2023,18:22:16,Completed,389
143,1,38,Veg Burger,16-12-2023,23:06:39,Completed,503
144,12,30,Mutton Biryani,21-03-2023,23:33:28,Completed,239
145,10,36,Chole Bhature,06-04-2023,00:16:13,Completed,263
146,28,45,Veg Biryani,13-12-2023,08:08:55,Completed,525
147,29,14,Paneer Lababdar,02-01-2023,19:11:51,Completed,414
148,23,60,Egg Curry,26-02-2023,03:35:57,Completed,514
149,15,30,Prawn Masala,15-01-2023,12:42:01,Completed,462
150,25,24,Chole Bhature,18-04-2023,10:40:36,Completed,310
151,8,18,Pasta Alfredo,01-03-2023,10:28:56,Completed,542
152,10,18,Chicken Biryani,17-08-2023,13:01:41,Completed,274
153,1,24,Pasta Alfredo,08-06-2023,10:28:06,Completed,484
154,27,51,Masala Dosa,29-09-2023,14:57:27,Completed,205
155,2,13,Paneer Lababdar,14-10-2023,16:22:02,Completed,486
156,31,42,Rajma Chawal,16-06-2023,00:28:50,Completed,272
157,5,27,Chicken Biryani,05-12-2023,01:20:36,Completed,485
158,25,43,Butter Chicken,06-02-2023,15:02:50,Completed,239
159,33,51,Prawn Masala,31-01-2023,10:39:53,Completed,588
160,24,50,Veg Biryani,10-02-2023,21:18:16,Completed,246
161,3,38,Veg Biryani,17-01-2023,20:02:43,Completed,268
162,26,28,Samosa,26-02-2023,13:52:50,Completed,508
163,13,51,Rajma Chawal,15-01-2023,14:51:17,Completed,427
164,17,32,Paneer Butter Masala,18-10-2023,13:01:45,Completed,499
165,33,17,Masala Dosa,23-12-2023,06:24:32,Completed,560
166,21,39,Pasta Alfredo,11-07-2023,05:49:48,Completed,501
167,27,40,Samosa,12-03-2023,05:45:46,Completed,275
168,18,7,Prawn Masala,21-05-2023,23:25:56,Completed,215
169,24,57,Veg Burger,08-07-2023,04:13:41,Completed,511
170,19,33,Paneer Butter Masala,07-03-2023,01:43:44,Completed,273
171,1,31,Mutton Biryani,23-10-2023,17:23:51,Completed,333
172,25,26,Butter Chicken,09-06-2023,10:32:31,Completed,529
173,12,45,Chicken Burger,11-11-2023,11:14:30,Completed,587
174,30,25,Paneer Lababdar,25-07-2023,20:39:42,Completed,493
175,11,32,Paneer Butter Masala,01-03-2023,11:00:21,Completed,283
176,18,26,Pasta Alfredo,05-01-2023,17:41:43,Completed,153
177,20,14,Pasta Alfredo,21-08-2023,23:34:46,Completed,403
178,21,14,Masala Dosa,02-03-2023,18:29:24,Completed,597
179,32,36,Veg Biryani,14-02-2023,16:30:49,Completed,337
180,18,21,Egg Curry,17-09-2023,02:40:59,Completed,462
181,25,46,Paneer Lababdar,09-01-2023,07:34:20,Completed,395
182,17,27,Paneer Butter Masala,17-04-2023,18:25:44,Completed,431
183,10,39,Masala Dosa,13-11-2023,16:31:13,Completed,592
184,30,25,Paneer Lababdar,11-09-2023,08:06:20,Completed,282
185,31,48,Samosa,27-08-2023,10:15:56,Completed,378
186,23,21,Prawn Masala,14-04-2023,16:02:35,Completed,221
187,13,57,Paneer Butter Masala,13-02-2023,09:25:44,Completed,281
188,24,28,Mutton Biryani,19-06-2023,13:38:02,Completed,317
189,22,51,Rajma Chawal,04-05-2023,04:09:02,Completed,201
190,2,12,Chole Bhature,19-03-2023,14:01:17,Completed,219
191,11,11,Veg Burger,21-06-2023,23:08:44,Completed,300
192,18,52,Samosa,28-12-2023,05:54:15,Completed,517
193,9,45,Mutton Biryani,21-11-2023,00:55:02,Completed,592
194,2,1,Paneer Butter Masala,20-08-2023,10:43:22,Completed,547
195,4,6,Mutton Biryani,28-04-2023,03:15:27,Completed,348
196,15,4,Prawn Masala,27-04-2023,19:55:57,Completed,544
197,21,12,Butter Chicken,08-08-2023,18:18:57,Completed,554
198,3,44,Veg Biryani,11-12-2023,09:26:13,Completed,532
199,24,34,Chicken Biryani,07-03-2023,23:01:04,Completed,338
200,17,28,Paneer Butter Masala,24-12-2023,13:31:39,Completed,551
201,24,3,Rajma Chawal,24-12-2023,20:09:47,Completed,192
202,6,33,Chicken Biryani,29-12-2023,23:36:44,Completed,533
203,24,46,Mutton Biryani,16-10-2023,20:43:03,Completed,427
204,15,38,Mutton Biryani,09-02-2023,18:37:22,Completed,386
205,32,8,Chole Bhature,27-03-2023,05:47:59,Completed,558
206,20,8,Samosa,11-11-2023,00:16:07,Completed,401
207,16,25,Butter Chicken,15-01-2023,02:01:46,Completed,530
208,21,46,Veg Burger,05-12-2023,23:32:51,Completed,174
209,31,49,Veg Biryani,18-01-2023,08:13:13,Completed,313
210,9,39,Prawn Masala,27-06-2023,13:14:47,Completed,596
211,4,28,Prawn Masala,24-08-2023,07:30:57,Completed,499
212,21,37,Chicken Burger,09-04-2023,17:18:00,Completed,363
213,3,8,Prawn Masala,19-02-2023,01:21:48,Completed,326
214,28,45,Samosa,04-12-2023,20:06:54,Completed,397
215,15,2,Chole Bhature,16-09-2023,15:47:16,Completed,186
216,13,25,Chicken Burger,06-11-2023,15:16:00,Completed,548
217,32,14,Samosa,23-10-2023,03:43:35,Completed,538
218,15,45,Prawn Masala,23-01-2023,03:15:21,Completed,200
219,26,42,Pasta Alfredo,02-11-2023,18:46:48,Completed,439
220,27,17,Chole Bhature,20-10-2023,06:27:23,Completed,487
221,29,29,Paneer Butter Masala,15-04-2023,05:03:56,Completed,495
222,15,22,Chole Bhature,25-08-2023,03:00:59,Completed,480
223,27,9,Paneer Lababdar,18-08-2023,18:01:08,Completed,511
224,6,35,Pasta Alfredo,15-09-2023,01:51:14,Completed,562
225,22,54,Chicken Biryani,06-04-2023,05:24:20,Completed,183
226,18,19,Mutton Biryani,29-10-2023,08:36:12,Completed,398
227,28,55,Samosa,08-11-2023,15:24:53,Completed,279
228,10,27,Mutton Biryani,27-08-2023,11:52:57,Completed,220
229,16,14,Prawn Masala,30-09-2023,12:50:31,Completed,214
230,31,48,Chole Bhature,08-09-2023,19:15:47,Completed,228
231,31,45,Mutton Biryani,24-07-2023,10:41:52,Completed,234
232,27,51,Chicken Biryani,26-09-2023,02:20:13,Completed,449
233,4,37,Masala Dosa,14-01-2023,08:25:37,Completed,358
234,7,33,Pasta Alfredo,13-01-2023,15:31:24,Completed,568
235,17,5,Mutton Biryani,16-10-2023,06:01:58,Completed,508
236,1,53,Prawn Masala,04-08-2023,19:18:54,Completed,317
237,11,34,Mutton Biryani,11-09-2023,14:58:28,Completed,503
238,27,43,Samosa,14-08-2023,09:21:56,Completed,478
239,23,56,Pasta Alfredo,05-03-2023,06:33:01,Completed,248
240,27,60,Masala Dosa,20-04-2023,03:19:27,Completed,257
241,14,43,Paneer Lababdar,17-10-2023,12:08:59,Completed,258
242,28,41,Veg Burger,05-02-2023,16:05:51,Completed,538
243,7,54,Veg Biryani,27-07-2023,12:49:28,Completed,547
244,8,13,Chicken Burger,03-01-2023,04:34:26,Completed,199
245,28,41,Prawn Masala,23-04-2023,12:00:19,Completed,381
246,31,56,Pasta Alfredo,16-09-2023,09:10:35,Completed,333
247,26,6,Mutton Biryani,11-12-2023,21:17:31,Completed,239
248,21,20,Prawn Masala,30-03-2023,10:12:23,Completed,181
249,9,49,Paneer Lababdar,12-04-2023,22:46:37,Completed,597
250,7,29,Paneer Lababdar,21-05-2023,01:30:36,Completed,276
251,11,58,Chole Bhature,15-02-2023,13:01:41,Completed,362
252,27,10,Rajma Chawal,16-01-2023,20:26:41,Completed,466
253,1,6,Samosa,18-05-2023,12:34:09,Completed,278
254,6,40,Paneer Lababdar,26-05-2023,11:17:08,Completed,155
255,31,4,Chicken Biryani,16-11-2023,22:00:20,Completed,389
256,15,43,Pasta Alfredo,28-09-2023,23:40:33,Completed,215
257,5,45,Mutton Biryani,28-09-2023,08:00:53,Completed,473
258,6,37,Masala Dosa,21-01-2023,03:28:12,Completed,290
259,9,23,Butter Chicken,28-09-2023,14:51:32,Completed,377
260,10,25,Butter Chicken,31-08-2023,17:29:35,Completed,257
261,28,31,Samosa,28-03-2023,10:18:00,Completed,407
262,21,36,Egg Curry,19-06-2023,17:46:58,Completed,408
263,14,22,Paneer Lababdar,05-10-2023,13:03:14,Completed,539
264,4,6,Veg Burger,14-07-2023,17:16:15,Completed,377
265,21,43,Pasta Alfredo,03-04-2023,08:12:45,Completed,202
266,26,17,Samosa,28-03-2023,18:49:08,Completed,458
267,30,47,Chicken Biryani,22-12-2023,17:17:03,Completed,541
268,30,50,Chicken Burger,01-08-2023,21:05:44,Completed,456
269,25,29,Veg Burger,02-04-2023,02:18:16,Completed,391
270,28,29,Chole Bhature,20-08-2023,06:20:25,Completed,305
271,7,55,Paneer Butter Masala,05-07-2023,03:43:32,Completed,246
272,20,41,Mutton Biryani,27-04-2023,09:37:15,Completed,319
273,17,24,Butter Chicken,16-06-2023,11:46:11,Completed,580
274,23,7,Pasta Alfredo,20-12-2023,12:47:24,Completed,464
275,27,5,Rajma Chawal,26-11-2023,06:37:23,Completed,288
276,15,8,Paneer Butter Masala,01-07-2023,08:04:33,Completed,293
277,11,58,Masala Dosa,03-10-2023,15:15:35,Completed,578
278,8,33,Prawn Masala,10-02-2023,20:31:58,Completed,234
279,3,22,Paneer Lababdar,24-10-2023,23:22:30,Completed,536
280,32,41,Prawn Masala,08-12-2023,01:03:23,Completed,338
281,31,38,Paneer Lababdar,28-10-2023,16:09:24,Completed,209
282,6,60,Rajma Chawal,14-07-2023,10:43:36,Completed,171
283,16,24,Rajma Chawal,12-01-2023,00:36:21,Completed,512
284,22,45,Chole Bhature,02-06-2023,15:49:39,Completed,448
285,15,21,Veg Biryani,31-07-2023,20:24:27,Completed,191
286,15,40,Veg Biryani,21-01-2023,14:37:07,Completed,347
287,9,32,Prawn Masala,23-08-2023,22:00:30,Completed,249
288,5,21,Chicken Biryani,23-03-2023,23:32:12,Completed,518
289,15,22,Mutton Biryani,05-04-2023,08:04:15,Completed,303
290,7,58,Paneer Lababdar,25-05-2023,04:28:15,Completed,496
291,16,33,Paneer Butter Masala,13-03-2023,01:17:03,Completed,439
292,15,19,Mutton Biryani,07-07-2023,19:28:23,Completed,348
293,7,3,Pasta Alfredo,05-04-2023,13:29:13,Completed,549
294,15,25,Mutton Biryani,14-05-2023,15:01:09,Completed,236
295,20,42,Masala Dosa,21-07-2023,07:05:14,Completed,582
296,2,52,Paneer Lababdar,03-06-2023,13:42:20,Completed,341
297,10,52,Samosa,09-02-2023,00:42:28,Completed,326
298,3,10,Prawn Masala,05-09-2023,09:00:36,Completed,223
299,21,41,Rajma Chawal,04-08-2023,07:03:06,Completed,342
300,24,13,Masala Dosa,19-01-2023,18:00:16,Completed,348
301,31,35,Pasta Alfredo,05-12-2023,17:01:58,Completed,272
302,6,12,Masala Dosa,03-01-2023,15:48:19,Completed,381
303,32,10,Masala Dosa,29-10-2023,11:36:42,Completed,308
304,3,11,Samosa,11-10-2023,09:07:21,Completed,165
305,10,2,Pasta Alfredo,18-01-2023,19:50:43,Completed,406
306,12,49,Rajma Chawal,21-08-2023,08:08:54,Completed,347
307,28,32,Chicken Biryani,24-02-2023,00:26:31,Completed,574
308,7,58,Paneer Lababdar,20-09-2023,00:48:24,Completed,509
309,2,37,Chicken Burger,11-04-2023,22:56:35,Completed,576
310,29,48,Paneer Butter Masala,18-05-2023,03:41:55,Completed,552
311,19,43,Veg Biryani,15-02-2023,21:08:35,Completed,486
312,19,17,Rajma Chawal,07-11-2023,13:50:58,Completed,596
313,32,9,Samosa,06-10-2023,12:52:41,Completed,339
314,31,59,Rajma Chawal,23-09-2023,11:49:22,Completed,364
315,8,53,Chicken Burger,01-11-2023,16:58:30,Completed,171
316,4,43,Rajma Chawal,11-02-2023,10:40:22,Completed,565
317,3,16,Mutton Biryani,08-03-2023,07:46:00,Completed,574
318,32,31,Chicken Burger,06-07-2023,16:35:14,Completed,315
319,12,16,Veg Biryani,05-08-2023,22:47:18,Completed,353
320,21,22,Rajma Chawal,16-10-2023,00:02:43,Completed,278
321,9,47,Butter Chicken,27-08-2023,03:11:37,Completed,299
322,16,2,Butter Chicken,21-09-2023,17:39:11,Completed,212
323,15,47,Chicken Biryani,21-08-2023,09:17:28,Completed,321
324,3,18,Prawn Masala,05-02-2023,12:38:17,Completed,253
325,19,8,Mutton Biryani,10-08-2023,14:07:29,Completed,168
326,12,21,Veg Burger,13-05-2023,16:53:45,Completed,228
327,19,31,Rajma Chawal,06-09-2023,13:44:11,Completed,178
328,30,28,Veg Biryani,23-02-2023,14:29:25,Completed,597
329,29,35,Prawn Masala,16-06-2023,09:34:50,Completed,227
330,14,6,Paneer Lababdar,30-01-2023,13:14:27,Completed,180
331,15,9,Pasta Alfredo,26-05-2023,06:06:37,Completed,511
332,29,6,Masala Dosa,27-03-2023,22:23:44,Completed,237
333,30,18,Prawn Masala,07-02-2023,21:37:31,Completed,558
334,27,57,Chole Bhature,03-03-2023,00:45:26,Completed,159
335,12,6,Paneer Lababdar,28-02-2023,03:10:19,Completed,270
336,9,2,Rajma Chawal,31-03-2023,17:07:39,Completed,233
337,22,58,Paneer Butter Masala,20-11-2023,03:27:13,Completed,413
338,31,32,Prawn Masala,01-09-2023,01:22:32,Completed,330
339,11,14,Butter Chicken,06-12-2023,10:53:32,Completed,238
340,31,40,Veg Biryani,06-12-2023,18:08:46,Completed,444
341,7,22,Chole Bhature,14-06-2023,19:09:44,Completed,244
342,5,22,Samosa,03-04-2023,21:38:25,Completed,394
343,19,51,Paneer Butter Masala,08-11-2023,13:52:09,Completed,417
344,9,22,Chole Bhature,20-05-2023,02:53:13,Completed,360
345,18,11,Prawn Masala,25-08-2023,13:45:32,Completed,415
346,17,19,Rajma Chawal,10-06-2023,14:14:54,Completed,151
347,1,49,Chicken Burger,23-04-2023,11:35:48,Completed,594
348,2,33,Paneer Lababdar,19-07-2023,22:55:27,Completed,322
349,21,55,Paneer Lababdar,24-04-2023,10:11:02,Completed,414
350,23,54,Chole Bhature,01-10-2023,15:33:09,Completed,218
351,27,23,Veg Burger,09-04-2023,10:13:00,Completed,575
352,7,14,Rajma Chawal,02-04-2023,09:03:17,Completed,272
353,30,9,Veg Biryani,01-04-2023,03:11:03,Completed,274
354,12,16,Paneer Lababdar,22-05-2023,23:43:55,Completed,540
355,29,53,Chole Bhature,20-01-2023,20:25:00,Completed,266
356,14,59,Rajma Chawal,27-05-2023,22:42:04,Completed,214
357,7,36,Butter Chicken,20-09-2023,09:35:43,Completed,186
358,7,33,Prawn Masala,29-08-2023,01:42:21,Completed,259
359,1,34,Mutton Biryani,14-03-2023,13:22:09,Completed,285
360,26,52,Prawn Masala,27-06-2023,01:04:37,Completed,166
361,22,11,Prawn Masala,28-04-2023,00:17:55,Completed,514
362,32,17,Paneer Lababdar,17-07-2023,18:14:14,Completed,213
363,3,4,Egg Curry,30-05-2023,04:02:08,Completed,238
364,28,44,Egg Curry,20-09-2023,23:46:11,Completed,179
365,7,57,Mutton Biryani,28-04-2023,01:44:37,Completed,565
366,31,53,Butter Chicken,14-09-2023,12:56:07,Completed,505
367,18,10,Rajma Chawal,14-02-2023,00:35:53,Completed,454
368,32,10,Chicken Burger,25-03-2023,14:13:27,Completed,361
369,12,50,Veg Burger,10-11-2023,19:46:33,Completed,223
370,1,20,Mutton Biryani,08-07-2023,08:13:45,Completed,309
371,17,47,Prawn Masala,28-10-2023,11:10:42,Completed,442
372,20,38,Veg Burger,17-07-2023,23:59:07,Completed,539
373,31,46,Paneer Lababdar,25-03-2023,12:19:52,Completed,378
374,6,3,Chole Bhature,14-02-2023,06:56:49,Completed,251
375,16,23,Egg Curry,30-05-2023,08:50:01,Completed,594
376,12,10,Veg Burger,05-09-2023,15:32:02,Completed,198
377,14,38,Chole Bhature,30-11-2023,00:17:18,Completed,223
378,2,8,Veg Biryani,04-06-2023,13:11:45,Completed,387
379,30,21,Chole Bhature,18-10-2023,11:31:19,Completed,518
380,4,30,Mutton Biryani,20-07-2023,09:05:49,Completed,512
381,32,1,Chicken Biryani,31-10-2023,01:48:02,Completed,217
382,27,32,Paneer Butter Masala,28-07-2023,20:17:22,Completed,242
383,18,60,Veg Burger,13-04-2023,21:39:39,Completed,327
384,29,8,Rajma Chawal,30-05-2023,23:03:32,Completed,310
385,5,42,Masala Dosa,20-06-2023,08:35:25,Completed,196
386,26,26,Veg Burger,23-07-2023,13:40:12,Completed,388
387,22,4,Chicken Biryani,01-01-2024,14:01:20,Completed,203
388,7,28,Rajma Chawal,07-04-2023,17:14:21,Completed,379
389,29,8,Paneer Lababdar,16-04-2023,23:58:26,Completed,355
390,10,4,Mutton Biryani,11-12-2023,20:48:41,Completed,598
391,1,8,Egg Curry,01-05-2023,21:27:48,Completed,358
392,11,52,Pasta Alfredo,04-07-2023,16:16:14,Completed,350
393,2,25,Prawn Masala,19-12-2023,00:24:40,Completed,166
394,13,24,Paneer Lababdar,01-08-2023,19:09:24,Completed,203
395,16,41,Samosa,02-10-2023,21:26:34,Completed,340
396,26,44,Samosa,14-10-2023,01:28:03,Completed,492
397,12,1,Samosa,17-07-2023,18:57:26,Completed,405
398,32,40,Prawn Masala,26-07-2023,15:55:52,Completed,583
399,29,36,Rajma Chawal,19-10-2023,00:44:58,Completed,540
400,32,16,Egg Curry,13-10-2023,15:40:00,Completed,216
401,29,28,Chicken Biryani,24-02-2023,09:05:08,Completed,485
402,33,37,Egg Curry,12-03-2023,15:13:36,Completed,335
403,27,45,Chole Bhature,01-07-2023,09:24:17,Completed,263
404,2,20,Prawn Masala,04-11-2023,06:31:26,Completed,545
405,2,38,Prawn Masala,11-08-2023,12:26:31,Completed,357
406,6,1,Chole Bhature,30-04-2023,16:38:47,Completed,521
407,33,23,Egg Curry,14-11-2023,08:28:52,Completed,338
408,25,43,Samosa,13-06-2023,14:28:22,Completed,451
409,11,3,Mutton Biryani,06-07-2023,00:59:15,Completed,451
410,30,1,Paneer Butter Masala,14-11-2023,16:02:08,Completed,382
411,28,6,Mutton Biryani,05-11-2023,14:05:10,Completed,521
412,30,58,Paneer Butter Masala,30-11-2023,02:58:18,Completed,180
413,23,48,Samosa,04-02-2023,13:05:38,Completed,546
414,21,6,Paneer Lababdar,01-02-2023,03:41:35,Completed,299
415,26,26,Pasta Alfredo,30-12-2023,02:05:21,Completed,379
416,25,27,Chole Bhature,01-11-2023,12:31:28,Completed,440
417,28,28,Mutton Biryani,10-12-2023,05:36:04,Completed,326
418,7,45,Rajma Chawal,06-03-2023,15:54:51,Completed,594
419,2,35,Egg Curry,10-06-2023,22:47:02,Completed,365
420,2,50,Masala Dosa,07-08-2023,05:52:55,Completed,594
421,12,13,Pasta Alfredo,04-06-2023,20:08:31,Completed,584
422,5,44,Pasta Alfredo,15-09-2023,14:41:01,Completed,493
423,11,42,Paneer Lababdar,13-06-2023,16:03:39,Completed,378
424,3,43,Chicken Biryani,06-06-2023,00:33:46,Completed,529
425,28,46,Chicken Biryani,27-05-2023,09:08:10,Completed,542
426,29,30,Paneer Butter Masala,13-08-2023,16:33:46,Completed,524
427,31,10,Chole Bhature,09-01-2023,13:13:27,Completed,466
428,7,59,Masala Dosa,12-06-2023,18:26:01,Completed,504
429,17,34,Veg Biryani,08-04-2023,11:03:12,Completed,234
430,11,56,Paneer Lababdar,02-09-2023,05:48:47,Completed,581
431,26,51,Veg Burger,24-11-2023,07:28:35,Completed,320
432,31,31,Egg Curry,18-10-2023,10:43:55,Completed,355
433,13,55,Veg Biryani,13-09-2023,04:10:52,Completed,349
434,10,40,Butter Chicken,21-03-2023,11:00:38,Completed,269
435,19,33,Egg Curry,13-03-2023,11:26:59,Completed,455
436,20,7,Veg Biryani,23-02-2023,00:45:02,Completed,583
437,7,15,Butter Chicken,01-01-2024,00:59:48,Completed,434
438,28,16,Samosa,13-06-2023,19:27:02,Completed,386
439,29,11,Chicken Burger,01-05-2023,10:05:16,Completed,162
440,14,10,Paneer Butter Masala,17-11-2023,23:52:31,Completed,533
441,17,48,Chicken Biryani,07-01-2023,10:55:20,Completed,377
442,24,28,Egg Curry,26-10-2023,22:24:48,Completed,594
443,10,3,Mutton Biryani,09-07-2023,15:14:17,Completed,175
444,4,47,Chicken Burger,08-05-2023,23:12:40,Completed,587
445,19,50,Mutton Biryani,28-12-2023,10:20:27,Completed,597
446,15,44,Egg Curry,28-10-2023,10:30:08,Completed,524
447,13,51,Prawn Masala,24-09-2023,09:52:30,Completed,360
448,6,49,Egg Curry,25-01-2023,05:36:46,Completed,213
449,6,17,Paneer Lababdar,15-08-2023,09:19:43,Completed,541
450,20,7,Samosa,09-10-2023,20:40:56,Completed,548
451,23,18,Masala Dosa,22-12-2023,14:17:41,Completed,573
452,25,10,Masala Dosa,03-08-2023,14:40:29,Completed,317
453,33,47,Chicken Biryani,19-02-2023,21:08:40,Completed,263
454,33,39,Chole Bhature,05-02-2023,10:54:24,Completed,590
455,6,21,Chicken Biryani,12-12-2023,12:39:19,Completed,213
456,24,32,Mutton Biryani,22-01-2023,23:13:55,Completed,333
457,19,37,Paneer Butter Masala,25-05-2023,18:27:09,Completed,414
458,20,36,Chicken Burger,03-02-2023,21:12:07,Completed,336
459,17,15,Rajma Chawal,26-01-2023,07:27:17,Completed,237
460,8,21,Veg Biryani,07-06-2023,05:54:28,Completed,214
461,2,45,Chicken Burger,20-03-2023,21:48:06,Completed,357
462,5,12,Prawn Masala,02-08-2023,16:56:04,Completed,226
463,29,8,Veg Burger,23-07-2023,01:39:19,Completed,522
464,11,7,Pasta Alfredo,12-02-2023,14:24:19,Completed,574
465,19,42,Chole Bhature,24-12-2023,02:42:07,Completed,378
466,21,2,Mutton Biryani,19-06-2023,02:39:17,Completed,307
467,6,49,Veg Biryani,06-04-2023,23:59:12,Completed,242
468,11,59,Butter Chicken,06-05-2023,22:05:09,Completed,404
469,20,7,Samosa,09-04-2023,22:54:32,Completed,554
470,6,20,Paneer Lababdar,15-01-2023,03:08:15,Completed,216
471,33,32,Chicken Biryani,10-06-2023,14:08:49,Completed,434
472,13,39,Mutton Biryani,11-12-2023,03:40:37,Completed,248
473,29,11,Prawn Masala,20-04-2023,09:18:25,Completed,285
474,23,4,Samosa,17-12-2023,23:18:15,Completed,232
475,16,55,Veg Burger,10-12-2023,16:57:59,Completed,155
476,27,33,Prawn Masala,24-10-2023,18:12:29,Completed,191
477,10,37,Pasta Alfredo,25-05-2023,08:51:15,Completed,201
478,30,11,Samosa,21-06-2023,00:17:23,Completed,261
479,22,53,Butter Chicken,27-09-2023,12:02:31,Completed,191
480,33,18,Veg Burger,04-01-2023,18:39:06,Completed,322
481,16,38,Paneer Butter Masala,26-03-2023,20:00:16,Completed,490
482,8,21,Prawn Masala,04-10-2023,13:14:08,Completed,429
483,9,37,Veg Biryani,18-09-2023,23:53:20,Completed,262
484,24,60,Chicken Biryani,12-05-2023,14:19:11,Completed,158
485,29,47,Prawn Masala,13-11-2023,09:02:54,Completed,310
486,11,56,Egg Curry,09-08-2023,05:27:36,Completed,470
487,24,49,Mutton Biryani,06-09-2023,03:23:54,Completed,241
488,5,10,Samosa,13-06-2023,17:15:31,Completed,170
489,11,30,Egg Curry,18-04-2023,00:22:23,Completed,393
490,28,43,Chicken Burger,27-05-2023,15:24:36,Completed,367
491,15,28,Veg Biryani,19-06-2023,03:44:16,Completed,190
492,12,5,Chicken Biryani,21-02-2023,19:47:09,Completed,518
493,4,35,Egg Curry,27-01-2023,11:13:12,Completed,334
494,10,27,Samosa,11-03-2023,07:45:51,Completed,239
495,30,27,Prawn Masala,11-02-2023,06:41:32,Completed,416
496,25,24,Paneer Butter Masala,05-11-2023,05:38:11,Completed,530
497,11,48,Chicken Burger,26-12-2023,03:31:43,Completed,566
498,12,44,Mutton Biryani,10-02-2023,18:29:55,Completed,550
499,14,47,Butter Chicken,17-07-2023,13:49:44,Completed,173
500,21,27,Pasta Alfredo,06-10-2023,16:54:03,Completed,360
501,23,34,Masala Dosa,09-01-2023,21:54:35,Completed,348
502,23,26,Egg Curry,18-10-2023,23:05:01,Completed,268
503,13,37,Rajma Chawal,26-08-2023,13:30:21,Completed,233
504,10,35,Mutton Biryani,06-08-2023,15:53:50,Completed,451
505,18,45,Samosa,13-03-2023,11:48:27,Completed,219
506,32,48,Chole Bhature,23-12-2023,23:45:29,Completed,448
507,17,25,Paneer Butter Masala,30-07-2023,11:29:51,Completed,599
508,1,30,Egg Curry,26-03-2023,07:14:15,Completed,257
509,25,55,Chole Bhature,21-01-2023,07:43:52,Completed,401
510,6,37,Paneer Lababdar,06-06-2023,05:50:34,Completed,401
511,32,16,Butter Chicken,15-03-2023,23:53:43,Completed,452
512,15,52,Chole Bhature,23-02-2023,04:04:34,Completed,287
513,1,55,Mutton Biryani,10-04-2023,13:49:51,Completed,557
514,13,1,Mutton Biryani,13-03-2023,19:15:41,Completed,550
515,18,10,Paneer Butter Masala,23-03-2023,01:58:32,Completed,417
516,15,25,Prawn Masala,16-07-2023,11:55:00,Completed,315
517,15,24,Egg Curry,06-01-2023,00:20:14,Completed,471
518,9,21,Paneer Butter Masala,05-06-2023,23:43:12,Completed,505
519,33,55,Butter Chicken,01-02-2023,03:35:27,Completed,316
520,25,33,Paneer Lababdar,28-09-2023,04:18:53,Completed,254
521,31,43,Pasta Alfredo,27-06-2023,22:23:08,Completed,175
522,17,57,Chole Bhature,31-03-2023,01:24:25,Completed,498
523,18,19,Chole Bhature,21-01-2023,08:57:11,Completed,338
524,22,23,Prawn Masala,30-08-2023,01:43:38,Completed,265
525,8,37,Chicken Burger,22-07-2023,22:04:09,Completed,374
526,3,22,Prawn Masala,06-10-2023,12:12:20,Completed,582
527,1,60,Veg Burger,31-08-2023,22:43:52,Completed,331
528,10,46,Rajma Chawal,10-02-2023,17:19:54,Completed,219
529,26,57,Veg Biryani,19-06-2023,23:31:49,Completed,196
530,11,53,Pasta Alfredo,24-03-2023,07:40:27,Completed,516
531,24,54,Chicken Burger,15-05-2023,08:18:14,Completed,465
532,31,48,Paneer Butter Masala,16-09-2023,03:26:52,Completed,168
533,21,33,Egg Curry,14-08-2023,16:20:44,Completed,375
534,33,41,Chicken Burger,17-04-2023,13:17:30,Completed,488
535,11,35,Butter Chicken,15-05-2023,02:29:17,Completed,162
536,5,35,Veg Biryani,05-09-2023,05:35:09,Completed,347
537,17,19,Masala Dosa,24-08-2023,23:18:38,Completed,157
538,21,53,Paneer Lababdar,14-01-2023,23:05:39,Completed,447
539,12,21,Rajma Chawal,07-11-2023,12:03:22,Completed,538
540,1,33,Paneer Lababdar,20-04-2023,09:22:43,Completed,259
541,7,23,Masala Dosa,28-12-2023,18:54:30,Completed,398
542,33,17,Rajma Chawal,27-03-2023,15:06:37,Completed,306
543,31,16,Pasta Alfredo,07-04-2023,21:09:46,Completed,239
544,8,50,Paneer Lababdar,27-09-2023,12:13:11,Completed,234
545,8,60,Paneer Lababdar,29-03-2023,15:37:35,Completed,310
546,23,45,Rajma Chawal,02-02-2023,11:01:02,Completed,450
547,20,35,Egg Curry,27-10-2023,09:26:44,Completed,468
548,3,39,Mutton Biryani,24-03-2023,23:10:26,Completed,414
549,13,11,Pasta Alfredo,25-02-2023,14:31:03,Completed,577
550,17,49,Prawn Masala,02-05-2023,16:36:41,Completed,201
551,7,5,Chicken Burger,25-02-2023,16:40:19,Completed,520
552,25,59,Samosa,14-01-2023,03:12:17,Completed,457
553,27,33,Prawn Masala,03-12-2023,20:55:59,Completed,356
554,25,52,Egg Curry,30-12-2023,08:29:44,Completed,220
555,25,56,Pasta Alfredo,06-03-2023,13:08:56,Completed,425
556,7,7,Chicken Biryani,12-11-2023,18:51:04,Completed,189
557,2,11,Butter Chicken,10-11-2023,15:48:52,Completed,551
558,17,51,Butter Chicken,29-03-2023,03:50:42,Completed,491
559,28,27,Chole Bhature,30-03-2023,11:32:02,Completed,462
560,10,17,Butter Chicken,27-05-2023,13:55:13,Completed,555
561,10,17,Prawn Masala,14-03-2023,12:53:32,Completed,340
562,26,49,Mutton Biryani,22-10-2023,16:07:37,Completed,218
563,5,13,Rajma Chawal,23-03-2023,10:46:48,Completed,371
564,31,49,Paneer Butter Masala,01-06-2023,07:34:29,Completed,576
565,23,13,Chole Bhature,02-08-2023,05:50:56,Completed,165
566,26,18,Veg Burger,31-08-2023,20:38:36,Completed,316
567,1,33,Butter Chicken,18-11-2023,06:33:08,Completed,230
568,23,5,Paneer Lababdar,18-04-2023,04:21:30,Completed,297
569,1,25,Butter Chicken,25-12-2023,06:23:20,Completed,528
570,27,46,Egg Curry,02-04-2023,10:56:11,Completed,209
571,16,12,Chicken Burger,16-08-2023,18:52:54,Completed,267
572,17,20,Mutton Biryani,08-10-2023,22:59:22,Completed,415
573,20,3,Chicken Burger,13-08-2023,20:09:41,Completed,545
574,6,42,Paneer Lababdar,12-09-2023,05:46:12,Completed,437
575,7,2,Butter Chicken,07-03-2023,06:48:28,Completed,185
576,26,49,Masala Dosa,09-01-2023,15:01:17,Completed,430
577,9,55,Pasta Alfredo,16-02-2023,04:16:24,Completed,378
578,25,4,Veg Burger,08-12-2023,14:14:49,Completed,593
579,12,8,Masala Dosa,08-12-2023,21:18:59,Completed,283
580,30,60,Chicken Biryani,13-11-2023,00:22:39,Completed,509
581,25,48,Chole Bhature,11-04-2023,09:12:32,Completed,281
582,11,15,Samosa,16-04-2023,07:21:47,Completed,294
583,30,36,Veg Biryani,01-06-2023,09:53:08,Completed,519
584,6,40,Prawn Masala,14-07-2023,19:56:47,Completed,393
585,18,14,Chicken Burger,27-09-2023,09:45:03,Completed,512
586,10,52,Pasta Alfredo,24-02-2023,13:25:20,Completed,232
587,26,8,Chole Bhature,27-02-2023,04:20:51,Completed,160
588,29,36,Paneer Butter Masala,28-01-2023,03:32:29,Completed,432
589,32,27,Samosa,27-10-2023,01:15:34,Completed,356
590,12,53,Masala Dosa,22-10-2023,14:49:42,Completed,451
591,2,2,Veg Biryani,23-01-2023,19:04:17,Completed,512
592,1,39,Masala Dosa,25-09-2023,08:30:19,Completed,162
593,28,49,Samosa,14-03-2023,05:31:37,Completed,327
594,23,53,Chole Bhature,02-04-2023,00:56:30,Completed,546
595,21,16,Pasta Alfredo,10-07-2023,14:31:46,Completed,430
596,9,3,Rajma Chawal,25-02-2023,14:31:43,Completed,213
597,14,44,Masala Dosa,18-02-2023,06:05:28,Completed,549
598,22,33,Veg Biryani,18-03-2023,12:21:28,Completed,318
599,3,14,Chicken Biryani,28-05-2023,14:04:47,Completed,381
600,2,36,Paneer Butter Masala,24-10-2023,12:50:22,Completed,400
601,17,17,Veg Burger,16-07-2023,17:46:22,Completed,353
602,30,10,Prawn Masala,15-04-2023,06:02:56,Completed,487
603,21,11,Chicken Burger,09-06-2023,02:06:51,Completed,352
604,2,54,Masala Dosa,04-04-2023,16:06:38,Completed,523
605,18,44,Prawn Masala,18-08-2023,04:24:13,Completed,491
606,20,7,Mutton Biryani,18-06-2023,08:32:51,Completed,414
607,20,52,Paneer Lababdar,03-06-2023,20:58:05,Completed,592
608,11,37,Prawn Masala,19-01-2023,22:09:56,Completed,349
609,25,23,Prawn Masala,26-04-2023,22:23:25,Completed,555
610,6,33,Rajma Chawal,01-06-2023,01:59:47,Completed,562
611,23,47,Masala Dosa,21-05-2023,11:21:24,Completed,552
612,4,38,Rajma Chawal,21-01-2023,11:06:59,Completed,592
613,25,59,Samosa,17-06-2023,00:08:44,Completed,183
614,32,13,Chole Bhature,30-04-2023,22:06:39,Completed,280
615,12,21,Rajma Chawal,21-06-2023,06:35:11,Completed,159
616,2,21,Mutton Biryani,13-12-2023,05:09:49,Completed,196
617,9,8,Rajma Chawal,11-05-2023,16:45:21,Completed,252
618,29,46,Prawn Masala,14-12-2023,11:03:39,Completed,456
619,13,26,Veg Burger,30-08-2023,21:08:49,Completed,484
620,14,9,Chicken Biryani,03-05-2023,06:49:29,Completed,330
621,20,44,Rajma Chawal,13-07-2023,17:08:21,Completed,295
622,6,50,Veg Burger,16-08-2023,15:26:37,Completed,391
623,14,5,Chole Bhature,29-05-2023,23:18:07,Completed,454
624,10,10,Pasta Alfredo,17-01-2023,21:21:22,Completed,293
625,6,52,Masala Dosa,24-08-2023,11:01:45,Completed,600
626,13,37,Paneer Butter Masala,01-06-2023,10:33:47,Completed,191
627,7,46,Masala Dosa,25-12-2023,19:06:26,Completed,329
628,6,49,Veg Biryani,25-03-2023,12:58:48,Completed,187
629,31,9,Chicken Burger,30-10-2023,18:03:30,Completed,535
630,19,56,Mutton Biryani,14-08-2023,20:07:22,Completed,379
631,6,24,Veg Burger,04-02-2023,15:07:19,Completed,453
632,25,58,Chole Bhature,01-05-2023,19:11:47,Completed,375
633,19,42,Chicken Biryani,06-01-2023,19:47:17,Completed,527
634,15,13,Paneer Butter Masala,25-08-2023,10:27:16,Completed,600
635,30,47,Masala Dosa,06-01-2023,05:16:40,Completed,303
636,28,15,Veg Burger,22-07-2023,13:20:35,Completed,433
637,32,16,Veg Biryani,09-08-2023,07:34:33,Completed,189
638,25,18,Rajma Chawal,10-03-2023,18:29:21,Completed,556
639,4,44,Veg Biryani,20-04-2023,19:28:51,Completed,207
640,25,60,Prawn Masala,11-11-2023,08:27:41,Completed,247
641,23,49,Chicken Burger,09-09-2023,18:04:57,Completed,434
642,33,16,Veg Burger,23-04-2023,07:00:04,Completed,519
643,9,28,Chole Bhature,30-04-2023,05:02:27,Completed,564
644,32,8,Paneer Lababdar,28-12-2023,08:46:21,Completed,574
645,18,12,Prawn Masala,31-08-2023,12:18:12,Completed,179
646,12,31,Chicken Biryani,22-09-2023,02:47:17,Completed,209
647,26,35,Masala Dosa,22-09-2023,23:14:57,Completed,239
648,24,34,Pasta Alfredo,01-05-2023,05:49:47,Completed,313
649,21,48,Rajma Chawal,06-12-2023,02:07:20,Completed,586
650,12,14,Egg Curry,13-07-2023,09:33:00,Completed,391
651,32,14,Veg Burger,28-08-2023,09:45:44,Completed,578
652,4,5,Veg Burger,06-03-2023,22:27:15,Completed,185
653,11,24,Chole Bhature,13-05-2023,20:48:38,Completed,188
654,21,13,Chicken Biryani,27-11-2023,20:39:47,Completed,233
655,21,24,Chicken Burger,04-05-2023,03:13:51,Completed,268
656,2,37,Chole Bhature,12-09-2023,18:32:05,Completed,354
657,22,26,Veg Biryani,30-04-2023,10:12:57,Completed,381
658,12,25,Veg Biryani,08-05-2023,17:48:46,Completed,531
659,13,50,Egg Curry,25-09-2023,01:55:17,Completed,481
660,1,19,Pasta Alfredo,25-05-2023,16:56:07,Completed,158
661,16,26,Chicken Biryani,06-01-2023,09:59:08,Completed,161
662,18,60,Chole Bhature,02-12-2023,02:19:40,Completed,243
663,15,22,Paneer Lababdar,10-09-2023,22:02:02,Completed,453
664,20,54,Chole Bhature,04-09-2023,05:37:51,Completed,287
665,9,20,Chole Bhature,08-02-2023,08:46:11,Completed,169
666,20,38,Samosa,06-04-2023,10:11:14,Completed,466
667,14,57,Samosa,15-07-2023,14:35:32,Completed,197
668,12,33,Pasta Alfredo,08-05-2023,20:08:39,Completed,498
669,21,48,Paneer Butter Masala,25-09-2023,15:48:43,Completed,597
670,32,40,Chicken Burger,06-07-2023,22:48:53,Completed,166
671,7,59,Chole Bhature,11-05-2023,03:33:24,Completed,288
672,33,25,Rajma Chawal,18-10-2023,06:02:44,Completed,286
673,28,37,Chicken Biryani,23-01-2023,16:37:15,Completed,527
674,4,45,Chicken Burger,11-04-2023,18:06:41,Completed,527
675,11,35,Masala Dosa,09-09-2023,14:43:05,Completed,368
676,26,6,Veg Biryani,07-06-2023,12:45:31,Completed,299
677,19,36,Samosa,24-09-2023,11:17:38,Completed,350
678,18,58,Chole Bhature,18-12-2023,04:17:18,Completed,158
679,4,33,Masala Dosa,31-08-2023,22:59:18,Completed,250
680,31,33,Paneer Lababdar,13-08-2023,22:15:55,Completed,455
681,20,49,Paneer Butter Masala,22-06-2023,14:13:56,Completed,268
682,22,48,Veg Biryani,29-03-2023,01:19:01,Completed,169
683,18,55,Paneer Lababdar,24-02-2023,01:40:13,Completed,523
684,16,14,Paneer Lababdar,29-07-2023,13:40:55,Completed,390
685,25,43,Paneer Butter Masala,28-06-2023,10:29:17,Completed,211
686,12,47,Paneer Butter Masala,12-12-2023,13:31:42,Completed,196
687,16,46,Paneer Lababdar,24-12-2023,21:36:15,Completed,320
688,31,43,Egg Curry,02-03-2023,21:56:54,Completed,579
689,25,46,Mutton Biryani,09-09-2023,11:46:46,Completed,470
690,9,46,Prawn Masala,08-10-2023,18:02:21,Completed,266
691,20,21,Chole Bhature,09-08-2023,00:50:18,Completed,515
692,5,4,Samosa,08-03-2023,06:16:41,Completed,288
693,17,34,Samosa,26-02-2023,14:18:56,Completed,200
694,20,16,Paneer Butter Masala,06-03-2023,17:04:19,Completed,455
695,26,39,Paneer Lababdar,30-05-2023,21:22:00,Completed,288
696,28,57,Rajma Chawal,23-12-2023,11:19:55,Completed,376
697,26,11,Egg Curry,05-01-2023,09:56:00,Completed,191
698,25,9,Prawn Masala,10-11-2023,07:45:00,Completed,272
699,8,37,Masala Dosa,28-03-2023,06:27:33,Completed,560
700,7,52,Paneer Butter Masala,14-06-2023,20:33:39,Completed,154
701,21,44,Prawn Masala,13-07-2023,08:58:54,Completed,425
702,5,7,Paneer Lababdar,30-05-2023,17:10:59,Completed,439
703,31,1,Prawn Masala,05-08-2023,07:35:26,Completed,239
704,4,48,Paneer Butter Masala,10-06-2023,22:45:58,Completed,322
705,10,31,Veg Biryani,05-12-2023,13:17:19,Completed,576
706,22,32,Chicken Biryani,09-10-2023,22:19:07,Completed,312
707,32,50,Paneer Butter Masala,31-01-2023,16:53:32,Completed,274
708,4,27,Chole Bhature,03-05-2023,19:21:25,Completed,221
709,19,1,Chicken Biryani,02-02-2023,00:15:08,Completed,416
710,21,33,Samosa,28-06-2023,14:20:24,Completed,519
711,14,41,Veg Biryani,19-04-2023,00:25:46,Completed,267
712,24,24,Butter Chicken,01-06-2023,22:03:08,Completed,419
713,20,13,Samosa,19-12-2023,09:38:11,Completed,333
714,15,49,Masala Dosa,30-10-2023,16:16:19,Completed,201
715,6,41,Masala Dosa,15-03-2023,04:06:46,Completed,246
716,26,25,Samosa,27-09-2023,20:08:34,Completed,500
717,5,35,Veg Burger,07-09-2023,17:56:24,Completed,272
718,29,18,Chicken Burger,14-11-2023,20:32:47,Completed,516
719,30,43,Paneer Butter Masala,08-12-2023,01:51:16,Completed,491
720,21,41,Veg Burger,01-11-2023,15:04:46,Completed,185
721,6,21,Chicken Burger,31-03-2023,16:23:27,Completed,522
722,4,46,Paneer Lababdar,01-09-2023,02:56:56,Completed,360
723,22,34,Veg Burger,16-11-2023,05:17:12,Completed,499
724,19,31,Prawn Masala,21-12-2023,15:46:55,Completed,155
725,14,6,Butter Chicken,19-01-2023,11:49:00,Completed,574
726,10,25,Veg Biryani,06-02-2023,18:52:04,Completed,358
727,18,23,Chicken Biryani,03-04-2023,02:21:04,Completed,572
728,20,31,Chicken Burger,10-07-2023,00:42:17,Completed,503
729,18,55,Paneer Butter Masala,05-03-2023,01:00:14,Completed,311
730,6,43,Chicken Burger,05-04-2023,14:51:36,Completed,355
731,7,3,Rajma Chawal,08-12-2023,04:27:38,Completed,201
732,13,18,Paneer Lababdar,08-07-2023,19:07:37,Completed,211
733,30,33,Chole Bhature,23-09-2023,05:02:05,Completed,333
734,24,59,Rajma Chawal,04-05-2023,20:25:30,Completed,151
735,29,20,Samosa,23-12-2023,21:25:31,Completed,526
736,16,35,Veg Burger,15-08-2023,03:42:58,Completed,525
737,20,31,Prawn Masala,06-02-2023,07:00:09,Completed,304
738,25,27,Egg Curry,23-09-2023,11:04:48,Completed,566
739,18,2,Pasta Alfredo,13-10-2023,23:34:53,Completed,353
740,31,50,Veg Burger,04-08-2023,09:12:03,Completed,393
741,19,60,Veg Burger,15-12-2023,01:59:41,Completed,323
742,32,4,Chicken Burger,21-07-2023,03:06:37,Completed,316
743,4,45,Prawn Masala,07-06-2023,08:10:59,Completed,497
744,12,29,Chole Bhature,26-03-2023,03:01:55,Completed,464
745,12,38,Pasta Alfredo,19-08-2023,20:10:48,Completed,170
746,8,11,Pasta Alfredo,20-05-2023,09:18:34,Completed,286
747,11,28,Egg Curry,11-03-2023,05:02:50,Completed,547
748,10,11,Mutton Biryani,21-12-2023,03:47:42,Completed,414
749,3,56,Chicken Burger,26-10-2023,05:27:46,Completed,515
750,18,30,Butter Chicken,13-12-2023,00:01:08,Completed,266
751,20,33,Prawn Masala,07-10-2023,03:39:15,Completed,224
752,27,38,Chicken Burger,12-09-2023,04:41:06,Completed,518
753,7,53,Veg Burger,13-10-2023,10:02:52,Completed,534
754,6,1,Masala Dosa,20-11-2023,11:22:45,Completed,559
755,22,45,Chole Bhature,09-11-2023,11:42:35,Completed,241
756,9,22,Chole Bhature,01-01-2023,22:11:42,Completed,178
757,31,35,Rajma Chawal,09-11-2023,10:49:15,Completed,227
758,23,54,Paneer Lababdar,05-04-2023,15:19:24,Completed,561
759,19,34,Mutton Biryani,21-06-2023,21:20:38,Completed,557
760,4,59,Paneer Lababdar,03-06-2023,09:15:18,Completed,197
761,8,28,Paneer Lababdar,31-08-2023,11:17:23,Completed,244
762,7,36,Chole Bhature,09-12-2023,13:59:20,Completed,175
763,1,31,Prawn Masala,13-03-2023,08:03:05,Completed,497
764,15,45,Pasta Alfredo,04-12-2023,03:42:08,Completed,341
765,12,22,Veg Biryani,03-10-2023,20:41:37,Completed,158
766,12,41,Prawn Masala,08-09-2023,21:03:45,Completed,267
767,17,56,Chicken Burger,23-12-2023,18:44:09,Completed,567
768,16,5,Chole Bhature,16-10-2023,21:36:30,Completed,408
769,29,17,Samosa,03-06-2023,02:45:35,Completed,175
770,4,2,Mutton Biryani,04-11-2023,21:56:31,Completed,217
771,17,56,Rajma Chawal,05-11-2023,08:57:44,Completed,479
772,32,22,Paneer Lababdar,25-05-2023,16:54:04,Completed,417
773,17,31,Egg Curry,29-12-2023,14:15:50,Completed,534
774,9,40,Veg Biryani,16-12-2023,04:02:37,Completed,192
775,22,35,Rajma Chawal,05-04-2023,06:19:11,Completed,327
776,11,52,Pasta Alfredo,29-06-2023,00:43:38,Completed,330
777,22,36,Butter Chicken,05-03-2023,13:32:53,Completed,282
778,16,54,Prawn Masala,25-09-2023,02:49:31,Completed,448
779,3,6,Veg Biryani,07-06-2023,16:41:20,Completed,505
780,16,25,Chicken Burger,29-03-2023,09:02:47,Completed,250
781,21,38,Samosa,24-11-2023,23:30:08,Completed,468
782,10,34,Prawn Masala,29-01-2023,00:15:39,Completed,486
783,33,25,Paneer Butter Masala,30-01-2023,03:26:37,Completed,452
784,14,38,Chicken Biryani,26-10-2023,01:21:14,Completed,589
785,28,51,Mutton Biryani,03-10-2023,12:13:38,Completed,565
786,24,36,Pasta Alfredo,08-05-2023,12:45:14,Completed,436
787,30,7,Veg Burger,08-09-2023,07:25:44,Completed,210
788,18,30,Paneer Butter Masala,31-07-2023,04:15:11,Completed,376
789,29,32,Veg Burger,28-12-2023,13:22:21,Completed,164
790,20,15,Mutton Biryani,06-10-2023,12:52:29,Completed,195
791,20,9,Samosa,15-12-2023,03:50:24,Completed,303
792,6,43,Chole Bhature,09-12-2023,17:51:57,Completed,324
793,16,20,Paneer Butter Masala,11-12-2023,12:54:56,Completed,435
794,4,33,Mutton Biryani,10-12-2023,02:36:25,Completed,233
795,12,51,Prawn Masala,03-05-2023,20:11:05,Completed,432
796,16,52,Paneer Lababdar,18-10-2023,10:47:42,Completed,546
797,31,16,Veg Burger,01-04-2023,18:11:57,Completed,305
798,12,46,Rajma Chawal,11-06-2023,02:00:38,Completed,431
799,16,32,Pasta Alfredo,16-11-2023,09:00:48,Completed,581
800,15,59,Veg Biryani,22-03-2023,15:36:52,Completed,577
801,27,21,Chicken Burger,20-10-2023,14:37:22,Completed,486
802,7,45,Rajma Chawal,26-10-2023,22:26:34,Completed,365
803,7,45,Chole Bhature,08-12-2023,09:37:44,Completed,556
804,14,10,Butter Chicken,02-01-2023,00:40:50,Completed,474
805,20,33,Egg Curry,28-04-2023,15:24:48,Completed,172
806,4,32,Egg Curry,22-12-2023,08:35:22,Completed,156
807,10,51,Egg Curry,06-09-2023,07:11:43,Completed,386
808,30,37,Chole Bhature,20-03-2023,11:59:37,Completed,279
809,9,41,Mutton Biryani,30-11-2023,11:11:03,Completed,535
810,23,50,Chicken Biryani,26-04-2023,09:13:20,Completed,289
811,23,48,Chicken Biryani,22-01-2023,04:28:32,Completed,557
812,15,12,Paneer Butter Masala,10-10-2023,17:52:48,Completed,451
813,9,38,Veg Biryani,21-05-2023,06:14:19,Completed,418
814,3,55,Paneer Butter Masala,09-02-2023,18:43:14,Completed,242
815,21,2,Samosa,11-09-2023,19:14:11,Completed,277
816,24,46,Prawn Masala,08-08-2023,17:41:23,Completed,200
817,9,1,Egg Curry,24-02-2023,23:53:17,Completed,517
818,3,57,Paneer Lababdar,03-05-2023,12:50:45,Completed,194
819,15,3,Paneer Butter Masala,26-07-2023,10:12:57,Completed,444
820,21,9,Butter Chicken,23-06-2023,13:15:10,Completed,344
821,27,47,Pasta Alfredo,21-09-2023,20:43:55,Completed,171
822,8,35,Butter Chicken,23-10-2023,19:56:23,Completed,453
823,18,4,Chicken Burger,02-06-2023,00:44:00,Completed,334
824,4,22,Chicken Burger,14-09-2023,23:01:20,Completed,365
825,19,36,Chole Bhature,20-09-2023,22:17:46,Completed,243
826,20,34,Veg Biryani,29-11-2023,12:43:54,Completed,476
827,28,45,Chole Bhature,02-09-2023,14:34:28,Completed,592
828,16,14,Egg Curry,13-08-2023,23:41:47,Completed,408
829,7,40,Pasta Alfredo,20-03-2023,02:50:44,Completed,481
830,25,32,Egg Curry,02-12-2023,03:41:12,Completed,248
831,21,55,Mutton Biryani,25-04-2023,08:49:55,Completed,213
832,25,57,Veg Biryani,03-06-2023,14:44:17,Completed,276
833,9,42,Paneer Butter Masala,05-05-2023,08:32:15,Completed,501
834,20,29,Egg Curry,28-05-2023,06:50:27,Completed,596
835,31,17,Chole Bhature,25-04-2023,05:56:55,Completed,590
836,29,44,Egg Curry,22-10-2023,13:28:33,Completed,314
837,22,59,Veg Biryani,28-07-2023,20:30:20,Completed,392
838,10,25,Rajma Chawal,25-11-2023,19:14:43,Completed,190
839,18,21,Chicken Burger,20-11-2023,21:53:56,Completed,275
840,32,22,Chole Bhature,06-06-2023,09:41:10,Completed,509
841,26,35,Prawn Masala,20-04-2023,17:57:49,Completed,522
842,26,33,Rajma Chawal,19-02-2023,01:00:08,Completed,516
843,23,25,Paneer Butter Masala,16-01-2023,17:15:07,Completed,187
844,2,38,Masala Dosa,24-07-2023,19:43:39,Completed,467
845,4,20,Masala Dosa,26-10-2023,05:52:08,Completed,257
846,18,1,Chole Bhature,26-08-2023,22:41:15,Completed,571
847,2,14,Paneer Lababdar,30-12-2023,18:32:50,Completed,600
848,8,29,Paneer Lababdar,28-07-2023,22:55:26,Completed,483
849,7,60,Chicken Burger,04-01-2023,00:40:10,Completed,470
850,17,19,Veg Burger,19-11-2023,18:01:09,Completed,552
851,17,38,Egg Curry,15-06-2023,01:49:34,Completed,587
852,24,46,Mutton Biryani,22-04-2023,04:11:12,Completed,580
853,11,12,Samosa,28-12-2023,06:41:12,Completed,536
854,21,39,Mutton Biryani,23-11-2023,16:11:18,Completed,296
855,14,14,Prawn Masala,27-07-2023,09:52:36,Completed,353
856,32,41,Masala Dosa,07-04-2023,04:54:10,Completed,339
857,5,34,Samosa,30-08-2023,06:22:38,Completed,383
858,22,2,Samosa,10-04-2023,21:17:04,Completed,288
859,29,54,Chicken Burger,09-05-2023,11:18:45,Completed,176
860,18,16,Chole Bhature,02-03-2023,20:08:07,Completed,221
861,20,44,Chicken Burger,17-12-2023,16:46:26,Completed,326
862,6,53,Paneer Butter Masala,28-02-2023,17:31:48,Completed,201
863,31,44,Egg Curry,10-05-2023,02:37:00,Completed,174
864,7,24,Chicken Biryani,11-04-2023,08:38:56,Completed,599
865,31,18,Rajma Chawal,20-09-2023,15:44:26,Completed,317
866,11,55,Prawn Masala,30-12-2023,23:53:03,Completed,521
867,21,39,Samosa,01-09-2023,02:48:36,Completed,490
868,22,56,Prawn Masala,25-02-2023,05:41:24,Completed,316
869,22,32,Veg Burger,25-02-2023,23:42:15,Completed,542
870,6,44,Mutton Biryani,08-01-2023,12:47:17,Completed,412
871,3,49,Veg Biryani,25-05-2023,04:09:28,Completed,495
872,18,2,Samosa,06-10-2023,13:17:49,Completed,266
873,31,5,Chicken Burger,09-03-2023,11:45:47,Completed,190
874,9,37,Mutton Biryani,06-04-2023,07:39:08,Completed,425
875,24,37,Mutton Biryani,18-12-2023,18:21:08,Completed,232
876,32,31,Rajma Chawal,23-07-2023,19:04:10,Completed,247
877,16,16,Egg Curry,21-06-2023,09:11:07,Completed,474
878,28,13,Veg Burger,20-12-2023,14:19:09,Completed,174
879,16,5,Paneer Lababdar,10-08-2023,14:48:18,Completed,274
880,9,8,Veg Burger,04-08-2023,12:43:31,Completed,420
881,28,7,Masala Dosa,30-04-2023,02:20:52,Completed,546
882,3,20,Butter Chicken,06-03-2023,14:52:59,Completed,151
883,21,10,Veg Biryani,24-06-2023,16:11:15,Completed,174
884,29,33,Veg Biryani,01-05-2023,06:05:03,Completed,232
885,27,47,Rajma Chawal,31-05-2023,23:12:09,Completed,178
886,32,48,Chicken Burger,23-10-2023,04:18:40,Completed,381
887,5,55,Rajma Chawal,02-09-2023,23:11:17,Completed,519
888,4,48,Egg Curry,06-10-2023,10:51:23,Completed,406
889,10,33,Veg Biryani,17-05-2023,02:09:42,Completed,325
890,12,29,Chicken Burger,29-05-2023,16:26:00,Completed,572
891,18,6,Chicken Burger,31-08-2023,04:30:59,Completed,292
892,3,32,Paneer Butter Masala,04-09-2023,08:31:14,Completed,406
893,4,46,Veg Burger,16-07-2023,12:29:11,Completed,589
894,28,1,Chicken Burger,30-12-2023,02:58:34,Completed,518
895,17,7,Rajma Chawal,13-05-2023,15:55:01,Completed,161
896,29,55,Butter Chicken,13-10-2023,09:46:49,Completed,481
897,9,4,Masala Dosa,12-10-2023,06:11:19,Completed,477
898,15,40,Paneer Butter Masala,29-07-2023,07:33:19,Completed,337
899,22,2,Chole Bhature,14-12-2023,01:27:57,Completed,475
900,10,21,Chicken Biryani,09-05-2023,15:28:41,Completed,537
901,27,48,Veg Biryani,27-12-2023,20:20:55,Completed,540
902,9,43,Chicken Burger,18-11-2023,23:49:33,Completed,156
903,29,2,Paneer Butter Masala,29-07-2023,09:40:11,Completed,255
904,12,39,Mutton Biryani,06-02-2023,23:36:42,Completed,398
905,32,13,Chicken Biryani,19-11-2023,23:20:36,Completed,247
906,22,52,Paneer Butter Masala,29-09-2023,00:35:16,Completed,431
907,17,14,Egg Curry,19-09-2023,19:15:51,Completed,262
908,30,52,Chole Bhature,14-09-2023,06:37:28,Completed,169
909,28,36,Prawn Masala,04-03-2023,13:45:27,Completed,488
910,10,24,Rajma Chawal,01-07-2023,12:06:45,Completed,507
911,33,42,Paneer Butter Masala,10-08-2023,01:00:29,Completed,415
912,5,15,Paneer Lababdar,02-06-2023,02:46:00,Completed,488
913,27,34,Chole Bhature,23-10-2023,15:18:25,Completed,576
914,21,17,Veg Burger,07-03-2023,17:09:45,Completed,374
915,26,32,Paneer Lababdar,12-02-2023,09:54:27,Completed,538
916,14,10,Veg Burger,10-01-2023,12:18:08,Completed,163
917,24,19,Veg Biryani,18-06-2023,14:07:53,Completed,572
918,18,5,Mutton Biryani,01-01-2024,13:44:48,Completed,547
919,31,15,Pasta Alfredo,09-10-2023,09:28:27,Completed,190
920,30,58,Veg Biryani,03-05-2023,00:36:10,Completed,541
921,27,39,Chicken Burger,10-07-2023,01:46:10,Completed,350
922,13,50,Chole Bhature,25-11-2023,18:25:42,Completed,421
923,2,24,Veg Burger,23-01-2023,13:25:18,Completed,237
924,22,59,Veg Biryani,23-11-2023,18:24:08,Completed,310
925,22,14,Pasta Alfredo,06-03-2023,18:36:50,Completed,353
926,8,30,Veg Burger,17-03-2023,18:49:23,Completed,260
927,5,41,Paneer Lababdar,23-01-2023,07:06:54,Completed,418
928,1,53,Chicken Burger,28-04-2023,09:53:32,Completed,560
929,22,44,Egg Curry,04-11-2023,14:57:42,Completed,563
930,2,25,Egg Curry,21-06-2023,17:54:58,Completed,514
931,10,17,Pasta Alfredo,10-03-2023,22:51:56,Completed,328
932,3,1,Egg Curry,04-01-2023,02:08:12,Completed,493
933,2,36,Rajma Chawal,12-07-2023,12:02:15,Completed,177
934,21,49,Veg Biryani,14-09-2023,04:08:50,Completed,384
935,15,20,Pasta Alfredo,31-12-2023,07:04:58,Completed,560
936,18,13,Masala Dosa,17-07-2023,23:24:05,Completed,555
937,12,30,Mutton Biryani,23-06-2023,01:07:05,Completed,509
938,2,17,Veg Burger,17-06-2023,20:21:09,Completed,382
939,12,55,Chole Bhature,24-12-2023,07:59:37,Completed,599
940,4,44,Rajma Chawal,22-12-2023,15:19:20,Completed,265
941,15,10,Chole Bhature,23-04-2023,13:39:01,Completed,183
942,8,6,Prawn Masala,31-12-2023,18:30:32,Completed,552
943,3,21,Veg Burger,13-07-2023,22:57:13,Completed,337
944,1,45,Egg Curry,06-01-2023,12:51:15,Completed,483
945,1,31,Paneer Lababdar,08-04-2023,08:43:56,Completed,183
946,5,35,Chole Bhature,09-07-2023,05:52:33,Completed,240
947,14,52,Samosa,12-10-2023,04:59:17,Completed,152
948,32,22,Chole Bhature,21-07-2023,18:01:54,Completed,590
949,4,45,Paneer Lababdar,06-02-2023,03:14:19,Completed,463
950,29,16,Chicken Biryani,07-06-2023,11:38:54,Completed,222
951,3,24,Chicken Burger,15-03-2023,15:09:48,Completed,278
952,32,42,Rajma Chawal,25-06-2023,16:37:20,Completed,475
953,31,5,Samosa,14-02-2023,23:27:25,Completed,434
954,18,9,Chole Bhature,01-07-2023,00:23:13,Completed,468
955,28,34,Mutton Biryani,06-03-2023,23:11:09,Completed,161
956,28,47,Rajma Chawal,02-01-2023,03:27:52,Completed,362
957,28,41,Masala Dosa,01-11-2023,16:55:10,Completed,295
958,14,3,Chicken Biryani,27-03-2023,00:39:42,Completed,562
959,29,48,Masala Dosa,20-03-2023,14:50:10,Completed,538
960,8,4,Prawn Masala,14-10-2023,18:30:29,Completed,522
961,24,33,Butter Chicken,12-09-2023,08:51:54,Completed,411
962,25,20,Samosa,07-03-2023,09:42:53,Completed,310
963,3,51,Mutton Biryani,09-09-2023,19:42:53,Completed,476
964,9,32,Veg Biryani,22-10-2023,22:08:17,Completed,151
965,20,29,Pasta Alfredo,08-07-2023,04:16:52,Completed,273
966,29,44,Pasta Alfredo,05-05-2023,09:34:01,Completed,311
967,6,41,Masala Dosa,18-02-2023,09:03:57,Completed,229
968,25,6,Chicken Burger,28-02-2023,17:29:33,Completed,246
969,7,16,Chicken Biryani,08-01-2023,10:56:08,Completed,417
970,8,13,Pasta Alfredo,25-11-2023,15:50:50,Completed,238
971,26,16,Butter Chicken,06-08-2023,01:51:42,Completed,565
972,30,27,Butter Chicken,23-01-2023,07:29:43,Completed,364
973,16,22,Butter Chicken,17-12-2023,19:37:01,Completed,202
974,25,60,Veg Burger,28-05-2023,20:19:39,Completed,392
975,12,35,Mutton Biryani,24-11-2023,18:26:22,Completed,318
976,15,30,Paneer Butter Masala,26-11-2023,07:04:04,Completed,591
977,26,43,Paneer Butter Masala,23-02-2023,03:13:02,Completed,562
978,16,15,Chole Bhature,22-09-2023,07:42:23,Completed,329
979,8,11,Paneer Lababdar,04-02-2023,22:12:05,Completed,521
980,21,12,Chicken Biryani,02-05-2023,04:03:19,Completed,257
981,33,42,Paneer Butter Masala,19-11-2023,05:57:25,Completed,379
982,5,12,Chicken Biryani,22-10-2023,00:15:11,Completed,271
983,28,12,Masala Dosa,07-10-2023,06:25:50,Completed,456
984,22,6,Pasta Alfredo,18-06-2023,02:06:54,Completed,271
985,33,54,Prawn Masala,17-04-2023,02:48:10,Completed,161
986,7,12,Pasta Alfredo,06-05-2023,12:36:06,Completed,388
987,11,37,Samosa,03-04-2023,12:29:06,Completed,404
988,30,43,Prawn Masala,24-08-2023,13:14:54,Completed,325
989,26,7,Paneer Lababdar,21-01-2023,23:53:05,Completed,421
990,23,37,Prawn Masala,01-05-2023,19:44:38,Completed,229
991,22,20,Chicken Biryani,27-11-2023,12:19:03,Completed,261
992,23,6,Masala Dosa,03-12-2023,03:42:54,Completed,362
993,10,23,Pasta Alfredo,12-08-2023,18:42:07,Completed,242
994,13,26,Rajma Chawal,29-09-2023,18:11:22,Completed,250
995,1,31,Pasta Alfredo,28-11-2023,10:29:49,Completed,547
996,4,36,Veg Burger,05-09-2023,03:20:38,Completed,517
997,12,8,Prawn Masala,21-09-2023,15:19:26,Completed,374
998,6,45,Prawn Masala,21-04-2023,09:37:25,Completed,548
999,8,36,Chicken Biryani,11-06-2023,00:58:48,Completed,187
1000,22,36,Mutton Biryani,16-01-2023,00:16:24,Completed,215
1001,27,20,Egg Curry,19-11-2023,14:13:25,Completed,180
1002,7,60,Mutton Biryani,10-12-2023,09:16:28,Completed,294
1003,9,58,Chicken Biryani,14-08-2023,15:56:52,Completed,228
1004,1,34,Butter Chicken,04-10-2023,06:45:00,Completed,527
1005,28,28,Paneer Butter Masala,28-06-2023,20:31:30,Completed,357
1006,26,44,Paneer Lababdar,24-04-2023,15:10:43,Completed,155
1007,15,17,Chicken Burger,02-02-2023,19:16:16,Completed,596
1008,22,16,Prawn Masala,01-09-2023,08:29:18,Completed,318
1009,21,32,Veg Biryani,26-05-2023,20:39:14,Completed,498
1010,29,24,Samosa,08-11-2023,06:53:47,Completed,384
1011,11,26,Veg Biryani,15-12-2023,08:04:21,Completed,383
1012,16,26,Chole Bhature,01-07-2023,09:43:47,Completed,355
1013,3,12,Mutton Biryani,27-07-2023,02:36:54,Completed,314
1014,28,52,Egg Curry,19-08-2023,01:07:01,Completed,506
1015,1,16,Veg Biryani,25-07-2023,02:07:21,Completed,185
1016,16,4,Chole Bhature,20-06-2023,09:00:51,Completed,183
1017,30,6,Masala Dosa,03-03-2023,03:15:08,Completed,573
1018,7,15,Butter Chicken,04-02-2023,14:58:57,Completed,553
1019,20,20,Pasta Alfredo,15-08-2023,07:25:57,Completed,248
1020,10,47,Paneer Lababdar,22-11-2023,23:56:06,Completed,402
1021,16,9,Veg Burger,05-03-2023,00:39:57,Completed,303
1022,1,1,Chole Bhature,14-11-2023,03:33:07,Completed,584
1023,31,26,Veg Burger,07-02-2023,14:54:26,Completed,237
1024,17,46,Prawn Masala,22-07-2023,15:59:23,Completed,165
1025,13,6,Mutton Biryani,07-11-2023,00:55:56,Completed,512
1026,20,38,Pasta Alfredo,10-08-2023,05:33:58,Completed,409
1027,18,24,Butter Chicken,25-10-2023,21:04:15,Completed,306
1028,12,59,Rajma Chawal,09-11-2023,01:03:56,Completed,535
1029,24,13,Veg Burger,21-08-2023,17:33:38,Completed,354
1030,6,24,Egg Curry,13-06-2023,21:04:34,Completed,569
1031,14,28,Masala Dosa,02-06-2023,22:36:57,Completed,289
1032,4,14,Butter Chicken,05-01-2023,08:55:43,Completed,431
1033,24,38,Chole Bhature,21-05-2023,00:42:24,Completed,276
1034,9,15,Chole Bhature,15-05-2023,06:51:39,Completed,541
1035,24,37,Masala Dosa,17-03-2023,01:29:17,Completed,513
1036,14,12,Chole Bhature,22-11-2023,13:43:47,Completed,387
1037,15,55,Prawn Masala,05-09-2023,15:31:46,Completed,389
1038,1,37,Samosa,03-05-2023,09:42:39,Completed,382
1039,29,45,Veg Biryani,28-10-2023,06:46:00,Completed,464
1040,8,20,Prawn Masala,05-07-2023,23:33:50,Completed,483
1041,10,58,Masala Dosa,26-05-2023,03:00:01,Completed,288
1042,8,38,Egg Curry,18-09-2023,19:34:44,Completed,292
1043,17,39,Chole Bhature,19-07-2023,06:15:21,Completed,281
1044,14,58,Paneer Butter Masala,06-05-2023,11:14:18,Completed,562
1045,14,45,Masala Dosa,12-04-2023,16:38:11,Completed,539
1046,32,2,Chicken Biryani,08-12-2023,01:00:20,Completed,289
1047,23,5,Paneer Butter Masala,31-10-2023,18:36:51,Completed,503
1048,22,1,Paneer Butter Masala,06-08-2023,19:37:58,Completed,422
1049,28,10,Chicken Biryani,14-09-2023,12:47:07,Completed,314
1050,15,10,Paneer Lababdar,19-05-2023,17:00:55,Completed,223
1051,5,35,Paneer Butter Masala,13-09-2023,08:46:48,Completed,568
1052,28,49,Rajma Chawal,11-08-2023,02:49:07,Completed,284
1053,29,16,Paneer Butter Masala,29-10-2023,09:52:54,Completed,284
1054,18,35,Masala Dosa,14-04-2023,00:08:15,Completed,545
1055,24,52,Paneer Lababdar,03-10-2023,19:57:10,Completed,286
1056,9,46,Chicken Biryani,25-06-2023,17:23:47,Completed,444
1057,17,42,Samosa,18-03-2023,04:23:22,Completed,206
1058,5,38,Chicken Biryani,19-07-2023,15:43:14,Completed,379
1059,32,24,Egg Curry,11-06-2023,23:15:38,Completed,262
1060,24,42,Paneer Lababdar,21-05-2023,10:51:23,Completed,415
1061,1,56,Egg Curry,08-05-2023,21:14:57,Completed,409
1062,5,31,Paneer Butter Masala,13-03-2023,22:46:54,Completed,154
1063,11,44,Egg Curry,29-05-2023,12:09:42,Completed,598
1064,12,34,Samosa,12-09-2023,02:41:33,Completed,207
1065,32,39,Chole Bhature,10-09-2023,01:18:30,Completed,265
1066,4,22,Rajma Chawal,06-01-2023,23:00:40,Completed,272
1067,31,5,Chicken Biryani,31-07-2023,14:06:01,Completed,492
1068,30,52,Veg Burger,23-10-2023,02:06:56,Completed,546
1069,8,20,Paneer Butter Masala,18-03-2023,02:50:44,Completed,462
1070,17,36,Samosa,11-09-2023,06:35:00,Completed,453
1071,2,34,Egg Curry,20-08-2023,12:04:08,Completed,536
1072,25,48,Mutton Biryani,03-10-2023,21:00:25,Completed,416
1073,18,16,Pasta Alfredo,15-07-2023,22:53:17,Completed,588
1074,7,13,Veg Biryani,11-03-2023,23:26:03,Completed,583
1075,18,36,Chicken Biryani,06-08-2023,18:21:49,Completed,229
1076,26,45,Paneer Lababdar,01-02-2023,12:28:56,Completed,224
1077,11,48,Paneer Lababdar,21-08-2023,05:27:13,Completed,585
1078,19,29,Paneer Butter Masala,24-09-2023,05:59:02,Completed,186
1079,31,24,Butter Chicken,20-10-2023,19:54:21,Completed,439
1080,5,16,Chole Bhature,04-01-2023,09:55:39,Completed,186
1081,33,56,Mutton Biryani,05-03-2023,20:59:14,Completed,479
1082,12,10,Chicken Burger,10-11-2023,19:51:28,Completed,382
1083,23,44,Egg Curry,11-11-2023,16:23:29,Completed,316
1084,15,48,Prawn Masala,07-09-2023,10:52:04,Completed,429
1085,21,9,Veg Burger,23-05-2023,13:52:56,Completed,248
1086,6,40,Paneer Butter Masala,08-07-2023,00:02:29,Completed,588
1087,12,50,Paneer Butter Masala,28-06-2023,22:01:22,Completed,393
1088,31,9,Chicken Burger,26-05-2023,09:49:42,Completed,219
1089,16,51,Rajma Chawal,05-01-2023,19:09:47,Completed,501
1090,10,45,Prawn Masala,30-08-2023,11:21:21,Completed,585
1091,14,19,Egg Curry,27-07-2023,11:27:36,Completed,515
1092,28,37,Prawn Masala,24-08-2023,08:29:37,Completed,407
1093,21,3,Samosa,12-10-2023,23:37:44,Completed,515
1094,5,52,Veg Biryani,18-11-2023,04:33:06,Completed,361
1095,31,37,Rajma Chawal,24-07-2023,13:52:59,Completed,344
1096,1,28,Samosa,28-08-2023,13:35:41,Completed,478
1097,2,18,Rajma Chawal,09-04-2023,02:37:22,Completed,258
1098,31,53,Butter Chicken,11-05-2023,13:54:05,Completed,193
1099,15,47,Masala Dosa,03-06-2023,05:33:36,Completed,435
1100,5,12,Paneer Lababdar,01-08-2023,00:14:34,Completed,387
1101,18,51,Masala Dosa,18-08-2023,10:36:23,Completed,434
1102,18,47,Butter Chicken,08-02-2023,07:14:40,Completed,493
1103,14,8,Egg Curry,19-05-2023,11:08:28,Completed,383
1104,21,59,Chicken Biryani,03-05-2023,01:52:29,Completed,440
1105,10,20,Chicken Burger,13-09-2023,10:36:29,Completed,383
1106,1,17,Rajma Chawal,02-02-2023,04:12:51,Completed,394
1107,10,37,Egg Curry,16-08-2023,03:05:10,Completed,438
1108,11,44,Samosa,11-09-2023,15:42:08,Completed,467
1109,18,4,Chole Bhature,19-08-2023,15:02:12,Completed,346
1110,24,47,Butter Chicken,21-12-2023,16:21:50,Completed,217
1111,9,28,Veg Biryani,01-09-2023,09:10:08,Completed,150
1112,32,2,Masala Dosa,09-11-2023,15:54:50,Completed,584
1113,20,30,Chicken Burger,15-01-2023,19:07:52,Completed,482
1114,16,60,Chicken Burger,22-10-2023,23:34:26,Completed,427
1115,21,18,Samosa,03-04-2023,14:52:20,Completed,150
1116,31,28,Chicken Burger,20-03-2023,04:10:15,Completed,546
1117,32,36,Butter Chicken,29-06-2023,06:27:46,Completed,441
1118,4,6,Mutton Biryani,28-11-2023,08:46:38,Completed,275
1119,23,42,Rajma Chawal,07-08-2023,02:05:53,Completed,287
1120,3,2,Veg Biryani,18-08-2023,22:18:18,Completed,475
1121,31,30,Paneer Butter Masala,25-05-2023,03:27:57,Completed,417
1122,3,51,Veg Burger,07-07-2023,02:01:02,Completed,234
1123,11,49,Prawn Masala,12-07-2023,15:25:15,Completed,476
1124,21,32,Pasta Alfredo,27-08-2023,09:24:05,Completed,244
1125,3,39,Samosa,16-11-2023,14:30:47,Completed,202
1126,28,10,Chole Bhature,11-06-2023,18:47:32,Completed,480
1127,7,52,Rajma Chawal,12-10-2023,17:52:15,Completed,357
1128,20,31,Chicken Biryani,15-04-2023,17:20:25,Completed,384
1129,6,37,Pasta Alfredo,22-01-2023,18:43:23,Completed,222
1130,9,34,Veg Burger,05-06-2023,11:30:13,Completed,361
1131,26,29,Chicken Burger,28-03-2023,22:52:07,Completed,210
1132,17,24,Chicken Biryani,16-04-2023,16:53:22,Completed,516
1133,15,27,Chicken Burger,26-12-2023,20:32:29,Completed,308
1134,1,31,Paneer Butter Masala,22-12-2023,16:02:16,Completed,266
1135,27,59,Chole Bhature,02-08-2023,22:46:37,Completed,410
1136,8,58,Egg Curry,13-05-2023,00:41:38,Completed,326
1137,32,14,Rajma Chawal,26-03-2023,20:48:12,Completed,199
1138,30,59,Mutton Biryani,19-06-2023,15:53:54,Completed,317
1139,12,12,Prawn Masala,16-11-2023,01:59:50,Completed,459
1140,30,26,Masala Dosa,11-01-2023,08:41:25,Completed,175
1141,7,16,Rajma Chawal,02-11-2023,08:06:18,Completed,277
1142,25,58,Pasta Alfredo,11-03-2023,08:14:08,Completed,228
1143,6,30,Chole Bhature,24-02-2023,11:11:14,Completed,199
1144,1,42,Prawn Masala,21-10-2023,04:32:48,Completed,298
1145,10,29,Pasta Alfredo,15-05-2023,10:50:08,Completed,468
1146,18,1,Egg Curry,14-01-2023,05:47:30,Completed,571
1147,8,24,Paneer Lababdar,09-10-2023,20:41:38,Completed,313
1148,8,16,Samosa,07-03-2023,22:29:02,Completed,227
1149,14,41,Mutton Biryani,15-11-2023,19:28:40,Completed,593
1150,28,31,Samosa,01-11-2023,23:53:07,Completed,397
1151,29,35,Chole Bhature,14-05-2023,22:54:33,Completed,153
1152,16,4,Chole Bhature,16-11-2023,11:33:25,Completed,435
1153,2,23,Paneer Lababdar,26-03-2023,10:50:18,Completed,217
1154,18,7,Paneer Butter Masala,13-06-2023,20:43:02,Completed,391
1155,7,42,Pasta Alfredo,26-11-2023,08:24:58,Completed,428
1156,27,38,Egg Curry,26-08-2023,03:26:04,Completed,244
1157,16,49,Paneer Butter Masala,08-02-2023,08:15:30,Completed,585
1158,14,51,Paneer Lababdar,05-11-2023,07:45:14,Completed,284
1159,11,7,Chicken Burger,24-11-2023,17:25:33,Completed,395
1160,31,4,Butter Chicken,19-03-2023,19:22:55,Completed,293
1161,14,26,Egg Curry,27-08-2023,06:58:34,Completed,428
1162,29,44,Egg Curry,24-08-2023,13:14:06,Completed,253
1163,29,28,Butter Chicken,01-06-2023,16:41:45,Completed,301
1164,31,32,Veg Burger,18-07-2023,03:36:45,Completed,406
1165,25,49,Paneer Butter Masala,13-11-2023,14:44:42,Completed,535
1166,32,48,Chole Bhature,29-08-2023,06:46:46,Completed,193
1167,21,40,Rajma Chawal,26-12-2023,18:19:19,Completed,408
1168,32,6,Chole Bhature,14-02-2023,11:21:32,Completed,529
1169,18,14,Veg Biryani,26-12-2023,04:42:06,Completed,518
1170,27,48,Paneer Lababdar,15-03-2023,15:31:51,Completed,176
1171,27,60,Veg Biryani,12-03-2023,03:56:21,Completed,543
1172,12,21,Prawn Masala,29-04-2023,22:05:23,Completed,270
1173,7,50,Veg Burger,21-11-2023,06:11:28,Completed,472
1174,4,45,Chicken Burger,17-02-2023,17:12:58,Completed,479
1175,10,1,Chicken Burger,22-07-2023,15:32:30,Completed,451
1176,29,43,Veg Biryani,20-05-2023,01:09:49,Completed,536
1177,13,31,Prawn Masala,22-02-2023,21:20:27,Completed,254
1178,33,5,Egg Curry,06-07-2023,09:29:49,Completed,296
1179,26,24,Veg Burger,19-02-2023,16:20:37,Completed,488
1180,10,17,Pasta Alfredo,01-03-2023,14:27:38,Completed,475
1181,1,26,Masala Dosa,25-04-2023,06:51:25,Completed,155
1182,28,47,Samosa,25-04-2023,07:45:25,Completed,487
1183,17,13,Mutton Biryani,14-04-2023,16:22:16,Completed,469
1184,29,53,Pasta Alfredo,04-03-2023,22:39:02,Completed,563
1185,33,15,Masala Dosa,22-04-2023,11:53:38,Completed,569
1186,1,16,Samosa,26-10-2023,11:42:32,Completed,162
1187,17,11,Paneer Lababdar,12-10-2023,23:33:18,Completed,424
1188,2,47,Egg Curry,15-11-2023,19:41:18,Completed,594
1189,11,8,Rajma Chawal,28-01-2023,15:20:50,Completed,240
1190,15,44,Pasta Alfredo,25-05-2023,23:10:36,Completed,385
1191,7,30,Paneer Lababdar,07-12-2023,03:12:27,Completed,243
1192,28,18,Rajma Chawal,19-08-2023,11:52:45,Completed,335
1193,24,43,Chicken Burger,25-12-2023,15:11:08,Completed,580
1194,13,37,Chole Bhature,23-12-2023,21:50:45,Completed,186
1195,29,37,Veg Biryani,14-07-2023,22:51:01,Completed,237
1196,10,33,Rajma Chawal,17-04-2023,07:43:24,Completed,531
1197,16,56,Chicken Biryani,06-05-2023,14:52:44,Completed,217
1198,27,35,Chicken Biryani,08-02-2023,01:20:36,Completed,307
1199,1,30,Chicken Burger,10-04-2023,04:58:48,Completed,552
1200,32,6,Egg Curry,09-10-2023,22:58:05,Completed,171
1201,24,17,Egg Curry,02-01-2023,08:46:54,Completed,530
1202,25,5,Butter Chicken,13-01-2023,12:41:36,Completed,388
1203,2,40,Veg Biryani,01-02-2023,16:25:31,Completed,419
1204,24,17,Pasta Alfredo,02-06-2023,20:24:06,Completed,575
1205,22,60,Veg Burger,27-09-2023,22:55:52,Completed,567
1206,10,38,Pasta Alfredo,14-12-2023,23:33:45,Completed,253
1207,24,57,Paneer Butter Masala,04-04-2023,15:15:02,Completed,233
1208,28,56,Pasta Alfredo,25-05-2023,18:42:01,Completed,557
1209,9,12,Chicken Biryani,20-01-2023,07:54:03,Completed,413
1210,21,14,Paneer Butter Masala,16-01-2023,01:53:26,Completed,540
1211,23,19,Rajma Chawal,15-09-2023,16:36:01,Completed,298
1212,3,53,Veg Burger,20-12-2023,04:42:03,Completed,489
1213,25,26,Mutton Biryani,22-12-2023,20:49:53,Completed,351
1214,17,32,Rajma Chawal,30-08-2023,10:57:56,Completed,551
1215,23,57,Butter Chicken,01-01-2024,04:18:31,Completed,579
1216,18,48,Rajma Chawal,29-06-2023,21:07:19,Completed,506
1217,19,19,Chole Bhature,01-11-2023,23:01:41,Completed,471
1218,7,24,Chole Bhature,23-07-2023,08:15:34,Completed,304
1219,10,10,Masala Dosa,17-06-2023,17:18:33,Completed,207
1220,24,18,Pasta Alfredo,16-08-2023,04:41:06,Completed,211
1221,3,28,Mutton Biryani,03-01-2023,17:21:05,Completed,277
1222,3,9,Paneer Butter Masala,31-08-2023,20:40:41,Completed,289
1223,13,48,Veg Burger,17-12-2023,14:24:19,Completed,374
1224,3,48,Paneer Lababdar,04-11-2023,07:28:01,Completed,411
1225,33,20,Prawn Masala,04-12-2023,10:16:12,Completed,598
1226,18,41,Egg Curry,21-12-2023,22:39:05,Completed,180
1227,29,35,Pasta Alfredo,10-08-2023,22:27:13,Completed,439
1228,25,35,Veg Biryani,13-02-2023,11:07:01,Completed,472
1229,16,21,Egg Curry,05-02-2023,17:56:25,Completed,361
1230,19,1,Masala Dosa,28-08-2023,07:43:13,Completed,332
1231,8,18,Masala Dosa,30-07-2023,00:06:36,Completed,494
1232,25,24,Chicken Burger,18-11-2023,15:12:16,Completed,555
1233,3,50,Chicken Biryani,23-06-2023,03:07:07,Completed,464
1234,17,33,Rajma Chawal,28-02-2023,17:16:14,Completed,498
1235,30,16,Butter Chicken,06-12-2023,17:09:14,Completed,254
1236,6,12,Veg Burger,10-12-2023,15:08:02,Completed,374
1237,33,37,Veg Burger,10-06-2023,09:27:53,Completed,505
1238,31,36,Paneer Butter Masala,05-04-2023,04:42:00,Completed,445
1239,25,28,Chole Bhature,09-02-2023,22:54:07,Completed,418
1240,13,32,Pasta Alfredo,02-01-2023,09:08:21,Completed,309
1241,24,21,Egg Curry,11-08-2023,11:36:38,Completed,233
1242,14,47,Chicken Burger,07-06-2023,04:26:03,Completed,357
1243,6,18,Pasta Alfredo,26-01-2023,17:07:17,Completed,450
1244,21,46,Pasta Alfredo,27-07-2023,06:22:31,Completed,365
1245,1,42,Pasta Alfredo,13-09-2023,20:55:02,Completed,197
1246,21,59,Pasta Alfredo,21-11-2023,08:31:43,Completed,571
1247,13,35,Mutton Biryani,25-05-2023,11:20:40,Completed,170
1248,8,1,Chole Bhature,07-06-2023,02:22:44,Completed,159
1249,3,33,Chicken Biryani,21-05-2023,13:08:56,Completed,240
1250,22,58,Chole Bhature,02-02-2023,11:50:45,Completed,399
1251,12,22,Chicken Burger,02-12-2023,08:09:42,Completed,484
1252,3,43,Veg Biryani,26-02-2023,20:43:08,Completed,250
1253,24,27,Veg Biryani,27-09-2023,06:30:35,Completed,361
1254,30,37,Samosa,10-11-2023,16:38:33,Completed,561
1255,25,27,Pasta Alfredo,01-12-2023,11:12:48,Completed,498
1256,7,7,Paneer Butter Masala,26-05-2023,08:20:21,Completed,425
1257,4,57,Veg Biryani,30-09-2023,21:13:37,Completed,196
1258,21,50,Egg Curry,28-04-2023,11:35:20,Completed,439
1259,11,48,Pasta Alfredo,28-12-2023,00:40:14,Completed,171
1260,27,43,Chole Bhature,17-09-2023,02:18:15,Completed,206
1261,3,12,Butter Chicken,12-12-2023,23:48:47,Completed,259
1262,9,30,Egg Curry,23-11-2023,16:51:45,Completed,275
1263,10,44,Chicken Burger,07-06-2023,07:34:36,Completed,192
1264,1,22,Veg Burger,19-02-2023,10:54:58,Completed,565
1265,4,9,Masala Dosa,26-09-2023,03:01:09,Completed,343
1266,14,53,Masala Dosa,25-06-2023,16:45:06,Completed,262
1267,14,55,Paneer Butter Masala,25-09-2023,04:16:25,Completed,579
1268,26,37,Mutton Biryani,21-05-2023,04:24:39,Completed,419
1269,32,13,Pasta Alfredo,22-04-2023,03:46:07,Completed,503
1270,19,22,Rajma Chawal,25-01-2023,15:19:18,Completed,346
1271,11,22,Chole Bhature,08-09-2023,15:21:37,Completed,282
1272,27,42,Rajma Chawal,08-06-2023,14:32:16,Completed,595
1273,11,27,Chole Bhature,17-11-2023,06:24:12,Completed,181
1274,32,57,Butter Chicken,20-04-2023,00:08:33,Completed,502
1275,14,37,Chicken Biryani,16-10-2023,18:04:13,Completed,283
1276,3,19,Paneer Butter Masala,27-11-2023,20:41:46,Completed,526
1277,19,3,Veg Biryani,16-10-2023,22:35:38,Completed,452
1278,2,15,Egg Curry,31-12-2023,21:26:33,Completed,284
1279,1,44,Pasta Alfredo,04-11-2023,10:31:39,Completed,547
1280,29,55,Mutton Biryani,30-12-2023,19:15:30,Completed,424
1281,28,12,Samosa,31-12-2023,20:33:27,Completed,282
1282,22,46,Veg Burger,29-05-2023,16:54:57,Completed,499
1283,18,21,Paneer Butter Masala,26-05-2023,14:27:16,Completed,296
1284,32,56,Chicken Burger,04-10-2023,10:59:02,Completed,414
1285,12,51,Samosa,20-01-2023,21:48:55,Completed,311
1286,3,25,Prawn Masala,01-10-2023,15:17:01,Completed,467
1287,13,60,Egg Curry,16-11-2023,07:44:26,Completed,387
1288,18,28,Egg Curry,09-05-2023,00:49:02,Completed,388
1289,14,27,Pasta Alfredo,11-05-2023,03:52:54,Completed,391
1290,29,7,Veg Burger,12-01-2023,15:48:29,Completed,375
1291,33,18,Butter Chicken,28-02-2023,02:01:51,Completed,307
1292,22,23,Mutton Biryani,09-09-2023,01:21:13,Completed,485
1293,12,22,Butter Chicken,23-02-2023,10:31:37,Completed,283
1294,23,29,Chole Bhature,09-02-2023,15:26:58,Completed,325
1295,20,25,Chicken Biryani,22-09-2023,01:24:28,Completed,387
1296,6,9,Mutton Biryani,22-07-2023,19:30:10,Completed,487
1297,6,43,Veg Biryani,11-04-2023,17:07:10,Completed,397
1298,8,5,Rajma Chawal,28-06-2023,20:39:47,Completed,173
1299,32,12,Paneer Butter Masala,11-01-2023,16:51:30,Completed,175
1300,16,6,Masala Dosa,20-09-2023,05:11:04,Completed,411
1301,26,4,Paneer Lababdar,03-05-2023,23:55:52,Completed,226
1302,12,9,Chole Bhature,12-06-2023,01:22:47,Completed,325
1303,24,29,Mutton Biryani,02-08-2023,20:53:07,Completed,182
1304,14,41,Veg Biryani,20-06-2023,22:56:08,Completed,515
1305,17,35,Pasta Alfredo,22-10-2023,00:43:41,Completed,592
1306,29,1,Paneer Lababdar,18-11-2023,14:04:50,Completed,229
1307,21,44,Veg Biryani,18-05-2023,14:08:18,Completed,319
1308,6,10,Pasta Alfredo,12-06-2023,06:43:03,Completed,510
1309,3,59,Paneer Butter Masala,05-03-2023,23:00:05,Completed,474
1310,19,46,Mutton Biryani,20-07-2023,21:36:18,Completed,409
1311,6,16,Paneer Butter Masala,31-12-2023,21:23:35,Completed,371
1312,8,11,Rajma Chawal,18-10-2023,04:25:07,Completed,401
1313,21,1,Masala Dosa,31-05-2023,17:12:28,Completed,325
1314,24,29,Pasta Alfredo,09-03-2023,16:51:55,Completed,404
1315,25,46,Chole Bhature,17-02-2023,01:14:41,Completed,406
1316,6,1,Rajma Chawal,15-10-2023,04:15:35,Completed,537
1317,17,23,Paneer Butter Masala,30-08-2023,09:31:55,Completed,199
1318,2,13,Paneer Butter Masala,29-01-2023,05:04:36,Completed,465
1319,6,23,Masala Dosa,31-01-2023,23:36:50,Completed,407
1320,1,14,Chole Bhature,08-09-2023,20:28:26,Completed,280
1321,33,53,Chole Bhature,10-10-2023,22:55:12,Completed,561
1322,16,24,Veg Burger,28-02-2023,17:27:22,Completed,228
1323,13,30,Rajma Chawal,13-08-2023,12:15:22,Completed,208
1324,22,37,Butter Chicken,23-06-2023,21:21:59,Completed,505
1325,30,6,Veg Biryani,12-03-2023,22:01:41,Completed,557
1326,31,60,Paneer Butter Masala,11-02-2023,01:20:53,Completed,592
1327,6,2,Masala Dosa,25-05-2023,06:39:37,Completed,156
1328,4,45,Mutton Biryani,05-03-2023,08:44:36,Completed,151
1329,20,7,Prawn Masala,22-08-2023,03:19:31,Completed,276
1330,6,46,Pasta Alfredo,04-01-2023,01:26:58,Completed,462
1331,14,44,Butter Chicken,06-04-2023,21:39:37,Completed,520
1332,30,49,Veg Biryani,22-07-2023,05:28:30,Completed,162
1333,8,3,Paneer Butter Masala,14-07-2023,03:30:13,Completed,213
1334,1,41,Prawn Masala,14-05-2023,10:23:05,Completed,396
1335,16,59,Masala Dosa,14-05-2023,12:03:53,Completed,199
1336,19,37,Samosa,08-06-2023,21:33:45,Completed,435
1337,26,14,Egg Curry,25-10-2023,21:57:55,Completed,290
1338,20,56,Veg Burger,03-06-2023,23:05:01,Completed,408
1339,8,34,Egg Curry,09-08-2023,18:50:24,Completed,376
1340,27,9,Mutton Biryani,20-12-2023,15:31:00,Completed,351
1341,31,21,Chicken Biryani,19-01-2023,08:17:43,Completed,540
1342,18,14,Veg Burger,23-02-2023,08:58:03,Completed,533
1343,3,48,Mutton Biryani,23-01-2023,14:46:10,Completed,471
1344,13,7,Samosa,02-11-2023,14:34:51,Completed,229
1345,17,29,Samosa,20-12-2023,17:44:27,Completed,499
1346,28,45,Paneer Butter Masala,29-07-2023,05:21:21,Completed,399
1347,2,53,Veg Burger,18-06-2023,14:29:11,Completed,354
1348,10,35,Mutton Biryani,09-04-2023,15:22:02,Completed,518
1349,26,58,Veg Burger,04-01-2023,02:14:22,Completed,374
1350,4,18,Veg Biryani,08-01-2023,10:25:33,Completed,198
1351,32,34,Masala Dosa,04-05-2023,04:55:44,Completed,303
1352,6,16,Prawn Masala,04-05-2023,11:20:18,Completed,155
1353,12,53,Egg Curry,06-09-2023,15:33:53,Completed,324
1354,5,42,Rajma Chawal,06-03-2023,11:12:26,Completed,158
1355,1,48,Prawn Masala,03-02-2023,15:49:18,Completed,468
1356,3,7,Paneer Lababdar,27-07-2023,22:56:03,Completed,300
1357,16,28,Chole Bhature,20-10-2023,16:50:39,Completed,203
1358,21,39,Chole Bhature,19-07-2023,01:24:58,Completed,521
1359,32,44,Paneer Butter Masala,22-12-2023,17:52:38,Completed,238
1360,18,52,Paneer Lababdar,22-10-2023,02:21:12,Completed,234
1361,23,59,Chicken Biryani,15-04-2023,06:17:22,Completed,469
1362,14,50,Samosa,03-09-2023,16:38:31,Completed,202
1363,25,7,Samosa,30-11-2023,00:22:51,Completed,492
1364,5,41,Paneer Lababdar,25-12-2023,18:22:51,Completed,597
1365,26,43,Paneer Butter Masala,04-04-2023,21:45:32,Completed,600
1366,22,42,Egg Curry,20-05-2023,08:36:37,Completed,268
1367,28,34,Egg Curry,02-08-2023,02:11:14,Completed,165
1368,22,1,Pasta Alfredo,09-01-2023,18:07:50,Completed,487
1369,33,10,Chicken Biryani,06-03-2023,12:07:15,Completed,343
1370,31,56,Masala Dosa,03-04-2023,16:53:49,Completed,423
1371,15,17,Samosa,07-03-2023,19:36:42,Completed,404
1372,27,54,Mutton Biryani,20-04-2023,08:55:11,Completed,262
1373,33,42,Pasta Alfredo,08-03-2023,04:38:53,Completed,210
1374,28,4,Pasta Alfredo,26-02-2023,12:00:35,Completed,218
1375,4,60,Masala Dosa,27-04-2023,09:15:22,Completed,249
1376,7,39,Butter Chicken,02-10-2023,14:29:13,Completed,346
1377,7,38,Prawn Masala,24-10-2023,02:13:47,Completed,198
1378,11,55,Paneer Butter Masala,12-09-2023,03:00:50,Completed,261
1379,33,27,Rajma Chawal,26-11-2023,03:45:42,Completed,569
1380,25,22,Veg Burger,02-06-2023,02:42:48,Completed,383
1381,18,35,Paneer Lababdar,23-06-2023,00:22:46,Completed,475
1382,8,38,Rajma Chawal,04-07-2023,13:54:03,Completed,430
1383,24,42,Paneer Lababdar,14-01-2023,12:12:07,Completed,518
1384,21,55,Paneer Butter Masala,25-10-2023,15:32:42,Completed,332
1385,21,18,Mutton Biryani,27-10-2023,09:57:11,Completed,361
1386,23,57,Chicken Biryani,21-02-2023,14:15:27,Completed,207
1387,2,53,Pasta Alfredo,10-05-2023,19:31:44,Completed,465
1388,33,19,Pasta Alfredo,12-10-2023,22:20:51,Completed,373
1389,21,50,Butter Chicken,27-03-2023,08:41:56,Completed,577
1390,11,28,Veg Biryani,29-11-2023,14:27:05,Completed,243
1391,28,9,Rajma Chawal,03-09-2023,14:49:36,Completed,298
1392,15,52,Samosa,16-04-2023,20:24:01,Completed,525
1393,12,47,Samosa,13-04-2023,03:29:33,Completed,325
1394,8,21,Chicken Biryani,06-01-2023,10:21:13,Completed,159
1395,3,5,Butter Chicken,23-07-2023,05:31:52,Completed,230
1396,22,52,Butter Chicken,22-10-2023,08:09:17,Completed,454
1397,2,4,Veg Biryani,18-07-2023,19:02:14,Completed,324
1398,32,31,Samosa,02-06-2023,18:49:58,Completed,289
1399,10,13,Samosa,15-12-2023,18:15:32,Completed,442
1400,23,37,Veg Burger,15-11-2023,13:32:18,Completed,554
1401,26,46,Butter Chicken,18-04-2023,18:29:37,Completed,402
1402,15,48,Pasta Alfredo,03-06-2023,18:16:43,Completed,297
1403,3,21,Paneer Lababdar,22-02-2023,04:46:18,Completed,434
1404,6,60,Prawn Masala,28-02-2023,14:38:27,Completed,385
1405,10,43,Rajma Chawal,13-09-2023,05:16:53,Completed,453
1406,31,37,Samosa,01-04-2023,16:24:10,Completed,381
1407,3,35,Mutton Biryani,26-04-2023,03:29:27,Completed,584
1408,19,54,Paneer Lababdar,04-04-2023,17:39:56,Completed,400
1409,3,27,Paneer Lababdar,13-05-2023,17:14:56,Completed,157
1410,33,37,Veg Biryani,12-05-2023,01:10:21,Completed,429
1411,20,2,Chicken Biryani,02-02-2023,09:30:13,Completed,427
1412,11,37,Chicken Biryani,28-06-2023,21:56:54,Completed,592
1413,11,16,Rajma Chawal,29-07-2023,22:38:10,Completed,561
1414,26,35,Veg Burger,11-10-2023,01:30:51,Completed,554
1415,21,51,Prawn Masala,06-09-2023,01:49:46,Completed,461
1416,12,5,Mutton Biryani,27-02-2023,03:25:29,Completed,196
1417,9,13,Chole Bhature,14-07-2023,00:28:18,Completed,231
1418,2,48,Paneer Butter Masala,14-04-2023,13:18:33,Completed,462
1419,1,8,Chicken Burger,27-03-2023,20:27:00,Completed,479
1420,3,32,Veg Burger,08-04-2023,15:57:19,Completed,455
1421,6,45,Butter Chicken,29-09-2023,05:16:19,Completed,457
1422,2,22,Paneer Lababdar,03-09-2023,21:50:21,Completed,368
1423,25,17,Samosa,06-11-2023,22:59:22,Completed,382
1424,30,24,Veg Biryani,22-09-2023,17:10:49,Completed,523
1425,17,39,Samosa,05-03-2023,10:41:23,Completed,577
1426,26,13,Paneer Butter Masala,07-11-2023,22:14:02,Completed,440
1427,23,41,Pasta Alfredo,15-01-2023,12:56:57,Completed,463
1428,25,1,Chicken Biryani,26-07-2023,23:50:13,Completed,453
1429,9,39,Prawn Masala,16-11-2023,08:23:24,Completed,412
1430,10,28,Chicken Burger,01-01-2023,18:28:08,Completed,248
1431,12,44,Pasta Alfredo,23-05-2023,10:30:58,Completed,479
1432,23,36,Egg Curry,04-10-2023,06:06:14,Completed,254
1433,30,24,Mutton Biryani,04-09-2023,12:28:58,Completed,404
1434,13,37,Samosa,01-01-2023,20:51:29,Completed,296
1435,3,49,Prawn Masala,18-01-2023,16:38:24,Completed,530
1436,16,38,Samosa,19-08-2023,08:24:18,Completed,177
1437,30,43,Butter Chicken,01-01-2023,10:41:06,Completed,242
1438,5,50,Prawn Masala,28-08-2023,09:38:52,Completed,495
1439,13,48,Egg Curry,01-11-2023,14:48:12,Completed,178
1440,9,15,Chicken Biryani,04-07-2023,09:36:21,Completed,559
1441,18,19,Rajma Chawal,29-09-2023,07:03:55,Completed,236
1442,11,27,Pasta Alfredo,24-12-2023,21:17:35,Completed,169
1443,27,24,Masala Dosa,13-01-2023,13:41:36,Completed,322
1444,13,50,Veg Biryani,25-10-2023,07:26:43,Completed,545
1445,8,27,Samosa,24-10-2023,07:44:36,Completed,295
1446,30,48,Paneer Butter Masala,05-05-2023,01:09:01,Completed,262
1447,15,32,Butter Chicken,19-11-2023,19:01:20,Completed,552
1448,10,25,Paneer Butter Masala,24-06-2023,03:16:34,Completed,187
1449,15,4,Masala Dosa,21-09-2023,16:03:18,Completed,407
1450,33,28,Chole Bhature,31-12-2023,22:25:24,Completed,261
1451,31,10,Veg Burger,15-06-2023,02:28:20,Completed,220
1452,20,52,Paneer Lababdar,02-10-2023,06:04:59,Completed,367
1453,18,44,Paneer Butter Masala,25-01-2023,08:29:01,Completed,393
1454,11,47,Paneer Butter Masala,24-06-2023,14:58:11,Completed,194
1455,20,25,Pasta Alfredo,08-05-2023,14:08:07,Completed,381
1456,12,43,Chicken Burger,11-08-2023,16:33:15,Completed,489
1457,5,39,Chole Bhature,29-10-2023,05:02:00,Completed,151
1458,7,19,Mutton Biryani,28-09-2023,18:10:26,Completed,338
1459,11,50,Egg Curry,19-02-2023,06:55:47,Completed,562
1460,21,34,Paneer Butter Masala,21-07-2023,05:05:28,Completed,450
1461,31,43,Mutton Biryani,18-03-2023,14:55:02,Completed,222
1462,29,52,Chole Bhature,20-06-2023,02:47:10,Completed,161
1463,16,6,Butter Chicken,06-11-2023,01:13:17,Completed,279
1464,3,4,Prawn Masala,18-08-2023,13:24:46,Completed,557
1465,5,56,Rajma Chawal,09-04-2023,09:18:40,Completed,220
1466,15,23,Samosa,03-04-2023,21:11:44,Completed,174
1467,26,13,Pasta Alfredo,11-10-2023,21:20:17,Completed,224
1468,22,12,Veg Burger,31-03-2023,01:01:13,Completed,264
1469,20,57,Butter Chicken,11-09-2023,12:52:58,Completed,347
1470,15,23,Chicken Burger,27-04-2023,09:07:38,Completed,215
1471,8,43,Prawn Masala,01-03-2023,21:17:07,Completed,585
1472,28,4,Veg Burger,25-12-2023,01:41:59,Completed,426
1473,5,13,Mutton Biryani,09-08-2023,17:29:30,Completed,572
1474,5,53,Paneer Lababdar,16-03-2023,07:38:00,Completed,475
1475,33,49,Butter Chicken,23-05-2023,20:00:02,Completed,420
1476,10,49,Egg Curry,12-02-2023,09:14:00,Completed,199
1477,4,44,Samosa,10-05-2023,04:27:48,Completed,184
1478,5,42,Mutton Biryani,22-01-2023,05:04:56,Completed,208
1479,9,10,Paneer Butter Masala,17-02-2023,15:20:37,Completed,458
1480,17,18,Paneer Butter Masala,04-02-2023,20:32:16,Completed,299
1481,26,22,Chole Bhature,24-07-2023,08:43:55,Completed,409
1482,33,3,Veg Biryani,24-08-2023,00:31:14,Completed,562
1483,22,41,Chicken Biryani,30-12-2023,03:14:46,Completed,306
1484,33,21,Mutton Biryani,20-07-2023,16:48:31,Completed,151
1485,20,52,Paneer Lababdar,16-12-2023,07:04:50,Completed,256
1486,29,22,Butter Chicken,04-11-2023,23:49:16,Completed,198
1487,8,23,Samosa,25-01-2023,02:04:56,Completed,363
1488,9,36,Paneer Butter Masala,17-11-2023,23:10:03,Completed,528
1489,18,5,Samosa,14-11-2023,23:36:35,Completed,372
1490,4,52,Pasta Alfredo,05-01-2023,20:03:22,Completed,455
1491,26,23,Samosa,15-03-2023,06:06:28,Completed,396
1492,19,46,Chicken Burger,03-12-2023,06:42:31,Completed,597
1493,2,49,Chicken Burger,03-11-2023,00:06:51,Completed,536
1494,8,48,Masala Dosa,08-01-2023,16:27:53,Completed,187
1495,29,41,Samosa,23-05-2023,02:01:09,Completed,279
1496,19,23,Veg Burger,22-11-2023,17:09:27,Completed,561
1497,32,12,Chicken Biryani,02-09-2023,09:51:49,Completed,296
1498,12,42,Chole Bhature,08-10-2023,01:17:09,Completed,252
1499,22,45,Paneer Butter Masala,27-06-2023,00:34:39,Completed,200
1500,14,41,Paneer Lababdar,31-03-2023,03:06:50,Completed,284
1501,21,57,Pasta Alfredo,16-10-2023,11:18:40,Completed,210
1502,15,57,Egg Curry,25-06-2023,20:35:15,Completed,588
1503,20,14,Chicken Burger,06-12-2023,02:11:29,Completed,324
1504,14,47,Mutton Biryani,22-01-2023,05:20:50,Completed,184
1505,31,38,Paneer Lababdar,30-05-2023,20:34:21,Completed,169
1506,12,32,Pasta Alfredo,06-08-2023,07:33:41,Completed,595
1507,8,3,Chicken Biryani,15-11-2023,03:43:17,Completed,441
1508,12,17,Masala Dosa,17-03-2023,00:27:50,Completed,510
1509,23,31,Samosa,15-05-2023,23:11:08,Completed,349
1510,2,20,Chicken Burger,06-08-2023,08:46:07,Completed,459
1511,6,49,Chole Bhature,11-07-2023,17:55:21,Completed,390
1512,4,46,Rajma Chawal,14-07-2023,22:46:18,Completed,178
1513,4,59,Egg Curry,24-09-2023,22:53:56,Completed,430
1514,30,43,Chicken Burger,18-10-2023,01:18:42,Completed,315
1515,2,7,Egg Curry,01-01-2023,23:27:17,Completed,428
1516,17,7,Prawn Masala,04-11-2023,10:08:33,Completed,227
1517,30,34,Mutton Biryani,09-09-2023,06:06:31,Completed,539
1518,28,59,Egg Curry,14-11-2023,03:48:43,Completed,569
1519,24,50,Mutton Biryani,20-03-2023,17:31:14,Completed,504
1520,23,13,Chicken Biryani,11-02-2023,06:40:31,Completed,592
1521,11,28,Veg Burger,22-03-2023,02:49:37,Completed,571
1522,4,13,Butter Chicken,10-10-2023,10:38:46,Completed,269
1523,11,26,Chicken Biryani,24-06-2023,08:38:09,Completed,546
1524,9,30,Chicken Burger,07-09-2023,09:08:18,Completed,266
1525,10,25,Butter Chicken,02-09-2023,02:11:06,Completed,424
1526,17,5,Prawn Masala,22-04-2023,10:54:09,Completed,576
1527,4,36,Egg Curry,09-01-2023,23:37:49,Completed,385
1528,7,31,Rajma Chawal,13-07-2023,08:14:45,Completed,600
1529,18,5,Chicken Biryani,01-04-2023,11:37:53,Completed,188
1530,14,51,Veg Biryani,29-08-2023,04:05:49,Completed,332
1531,19,17,Pasta Alfredo,29-08-2023,17:10:06,Completed,263
1532,16,33,Rajma Chawal,22-08-2023,17:59:09,Completed,277
1533,27,13,Chicken Burger,20-01-2023,16:15:29,Completed,157
1534,16,50,Samosa,04-10-2023,05:43:19,Completed,419
1535,3,60,Samosa,27-03-2023,00:41:06,Completed,505
1536,23,17,Pasta Alfredo,10-05-2023,17:59:51,Completed,538
1537,29,54,Veg Burger,23-01-2023,01:11:40,Completed,455
1538,25,59,Veg Burger,06-03-2023,03:16:30,Completed,266
1539,8,43,Egg Curry,01-05-2023,13:03:36,Completed,257
1540,18,51,Masala Dosa,24-08-2023,05:02:39,Completed,455
1541,22,10,Prawn Masala,16-05-2023,01:09:07,Completed,285
1542,26,25,Veg Burger,05-01-2023,18:27:41,Completed,187
1543,27,59,Veg Biryani,02-11-2023,01:25:44,Completed,583
1544,11,50,Rajma Chawal,10-04-2023,21:06:11,Completed,326
1545,19,38,Masala Dosa,26-09-2023,06:15:15,Completed,224
1546,1,1,Egg Curry,29-10-2023,15:04:08,Completed,239
1547,20,19,Masala Dosa,09-09-2023,04:04:23,Completed,284
1548,17,46,Egg Curry,21-10-2023,11:41:17,Completed,510
1549,12,11,Chole Bhature,01-03-2023,08:43:56,Completed,474
1550,26,51,Mutton Biryani,12-02-2023,11:53:21,Completed,226
1551,22,6,Chicken Biryani,15-06-2023,20:25:12,Completed,579
1552,9,14,Pasta Alfredo,06-02-2023,21:33:18,Completed,323
1553,4,34,Butter Chicken,27-12-2023,06:41:29,Completed,331
1554,12,44,Pasta Alfredo,06-06-2023,17:04:00,Completed,346
1555,21,10,Veg Burger,11-02-2023,11:35:30,Completed,445
1556,18,5,Butter Chicken,20-01-2023,07:50:47,Completed,370
1557,19,10,Prawn Masala,06-12-2023,07:09:48,Completed,255
1558,4,11,Mutton Biryani,19-11-2023,05:50:22,Completed,414
1559,3,29,Masala Dosa,13-06-2023,17:21:57,Completed,200
1560,24,24,Pasta Alfredo,30-11-2023,23:03:27,Completed,478
1561,23,58,Chicken Burger,25-05-2023,04:38:41,Completed,491
1562,23,57,Rajma Chawal,01-05-2023,12:44:04,Completed,252
1563,6,1,Chicken Burger,02-07-2023,21:40:36,Completed,378
1564,32,20,Egg Curry,12-02-2023,20:34:07,Completed,230
1565,24,60,Butter Chicken,11-09-2023,18:40:25,Completed,577
1566,31,52,Paneer Lababdar,25-09-2023,01:30:25,Completed,460
1567,4,3,Egg Curry,06-08-2023,14:35:25,Completed,520
1568,6,5,Rajma Chawal,22-08-2023,09:17:20,Completed,354
1569,10,52,Egg Curry,08-08-2023,14:35:15,Completed,318
1570,12,36,Rajma Chawal,03-03-2023,10:58:19,Completed,316
1571,12,13,Rajma Chawal,29-09-2023,07:06:40,Completed,385
1572,14,47,Rajma Chawal,13-08-2023,19:08:15,Completed,459
1573,27,27,Samosa,16-07-2023,18:37:17,Completed,308
1574,9,34,Chicken Biryani,27-03-2023,09:08:39,Completed,400
1575,15,11,Paneer Lababdar,16-05-2023,12:57:46,Completed,240
1576,17,50,Paneer Butter Masala,10-07-2023,21:13:37,Completed,474
1577,20,31,Egg Curry,27-01-2023,11:33:28,Completed,585
1578,31,47,Rajma Chawal,12-12-2023,19:47:01,Completed,497
1579,1,8,Chicken Burger,13-03-2023,17:52:38,Completed,161
1580,10,12,Veg Burger,15-04-2023,02:03:37,Completed,477
1581,8,9,Egg Curry,26-01-2023,20:36:16,Completed,425
1582,32,36,Paneer Lababdar,17-11-2023,00:57:42,Completed,363
1583,17,24,Rajma Chawal,08-12-2023,09:53:07,Completed,196
1584,23,4,Chicken Biryani,30-05-2023,19:46:55,Completed,550
1585,8,19,Paneer Lababdar,19-07-2023,18:25:36,Completed,494
1586,4,32,Veg Burger,29-01-2023,18:54:12,Completed,477
1587,21,15,Chicken Biryani,02-06-2023,01:53:25,Completed,197
1588,32,58,Veg Biryani,12-06-2023,02:16:42,Completed,552
1589,17,5,Butter Chicken,20-06-2023,15:58:51,Completed,590
1590,11,40,Rajma Chawal,19-04-2023,10:11:41,Completed,486
1591,15,15,Chicken Burger,07-05-2023,07:24:20,Completed,537
1592,29,49,Chicken Biryani,27-04-2023,00:23:03,Completed,576
1593,10,35,Rajma Chawal,07-03-2023,05:44:05,Completed,175
1594,19,9,Paneer Butter Masala,19-08-2023,04:16:32,Completed,341
1595,1,26,Paneer Butter Masala,02-11-2023,01:34:14,Completed,330
1596,10,23,Masala Dosa,21-09-2023,21:55:00,Completed,479
1597,16,15,Masala Dosa,11-06-2023,21:51:56,Completed,592
1598,4,3,Masala Dosa,08-02-2023,22:16:52,Completed,497
1599,33,16,Veg Burger,03-12-2023,21:13:31,Completed,450
1600,31,19,Rajma Chawal,08-09-2023,22:08:32,Completed,571
1601,2,11,Chole Bhature,19-03-2023,07:35:31,Completed,333
1602,21,18,Pasta Alfredo,18-06-2023,19:05:23,Completed,567
1603,26,29,Paneer Butter Masala,07-12-2023,12:00:36,Completed,153
1604,26,1,Butter Chicken,31-07-2023,14:26:39,Completed,254
1605,5,33,Chicken Biryani,18-06-2023,13:13:09,Completed,221
1606,29,14,Samosa,22-09-2023,05:35:08,Completed,443
1607,17,18,Veg Burger,28-04-2023,06:01:23,Completed,359
1608,9,30,Pasta Alfredo,10-07-2023,02:40:50,Completed,186
1609,4,45,Prawn Masala,21-11-2023,19:00:32,Completed,289
1610,6,17,Chicken Burger,13-09-2023,00:30:36,Completed,543
1611,16,40,Chicken Burger,31-08-2023,03:53:38,Completed,557
1612,27,39,Butter Chicken,12-01-2023,04:18:10,Completed,187
1613,17,19,Egg Curry,17-11-2023,07:56:15,Completed,402
1614,6,24,Butter Chicken,17-05-2023,06:54:22,Completed,186
1615,24,49,Chicken Burger,19-10-2023,12:42:34,Completed,338
1616,23,24,Mutton Biryani,13-09-2023,18:49:29,Completed,585
1617,10,33,Prawn Masala,22-04-2023,21:04:44,Completed,340
1618,21,3,Prawn Masala,09-12-2023,14:59:25,Completed,345
1619,4,12,Mutton Biryani,09-11-2023,04:11:38,Completed,487
1620,5,30,Butter Chicken,27-11-2023,04:58:38,Completed,174
1621,32,10,Chicken Biryani,02-01-2023,19:29:35,Completed,315
1622,12,37,Butter Chicken,08-09-2023,02:51:54,Completed,319
1623,18,33,Veg Burger,24-02-2023,21:21:44,Completed,566
1624,30,17,Samosa,25-11-2023,00:01:39,Completed,246
1625,3,33,Veg Burger,03-04-2023,14:51:29,Completed,572
1626,26,18,Chicken Burger,09-11-2023,16:08:27,Completed,485
1627,24,31,Masala Dosa,09-10-2023,07:51:48,Completed,320
1628,30,59,Samosa,10-11-2023,19:25:33,Completed,386
1629,7,32,Egg Curry,24-06-2023,18:58:36,Completed,383
1630,26,34,Mutton Biryani,12-06-2023,17:38:59,Completed,221
1631,13,14,Veg Burger,28-09-2023,11:36:47,Completed,445
1632,2,47,Rajma Chawal,15-06-2023,13:41:13,Completed,466
1633,32,17,Veg Burger,27-06-2023,14:04:37,Completed,386
1634,14,40,Rajma Chawal,18-07-2023,09:15:21,Completed,489
1635,7,15,Samosa,14-11-2023,07:59:51,Completed,500
1636,28,43,Paneer Butter Masala,10-03-2023,18:51:17,Completed,155
1637,28,32,Mutton Biryani,05-10-2023,07:21:49,Completed,440
1638,28,55,Paneer Butter Masala,26-10-2023,19:18:12,Completed,227
1639,32,21,Chole Bhature,26-03-2023,16:34:01,Completed,260
1640,33,12,Chicken Burger,19-03-2023,05:19:32,Completed,327
1641,13,11,Butter Chicken,02-06-2023,09:10:07,Completed,334
1642,9,8,Chole Bhature,22-09-2023,03:35:04,Completed,384
1643,21,60,Paneer Lababdar,10-04-2023,09:48:14,Completed,240
1644,27,3,Paneer Lababdar,07-10-2023,06:35:53,Completed,294
1645,18,46,Chole Bhature,12-03-2023,00:20:21,Completed,301
1646,28,37,Paneer Butter Masala,28-11-2023,15:20:16,Completed,487
1647,31,59,Veg Biryani,16-11-2023,08:22:44,Completed,460
1648,29,27,Butter Chicken,04-08-2023,19:27:34,Completed,195
1649,19,44,Veg Burger,01-09-2023,13:50:30,Completed,467
1650,4,39,Prawn Masala,09-03-2023,00:51:14,Completed,521
1651,8,55,Paneer Lababdar,27-10-2023,22:56:39,Completed,203
1652,12,39,Butter Chicken,12-02-2023,14:27:07,Completed,195
1653,16,6,Paneer Lababdar,30-01-2023,17:47:45,Completed,299
1654,28,39,Egg Curry,21-03-2023,11:55:49,Completed,212
1655,6,39,Egg Curry,26-06-2023,17:40:56,Completed,346
1656,26,26,Masala Dosa,22-04-2023,15:35:23,Completed,502
1657,13,17,Chicken Burger,07-05-2023,08:07:07,Completed,150
1658,31,21,Prawn Masala,26-03-2023,01:36:38,Completed,298
1659,22,4,Egg Curry,15-05-2023,18:17:19,Completed,247
1660,2,58,Masala Dosa,15-07-2023,01:23:46,Completed,385
1661,4,55,Veg Burger,17-07-2023,08:05:40,Completed,289
1662,2,11,Chicken Biryani,26-04-2023,21:40:54,Completed,230
1663,31,26,Masala Dosa,31-07-2023,18:06:58,Completed,565
1664,26,11,Paneer Lababdar,31-12-2023,18:16:24,Completed,311
1665,24,25,Masala Dosa,25-04-2023,11:34:21,Completed,423
1666,17,34,Butter Chicken,09-12-2023,20:09:47,Completed,269
1667,10,33,Pasta Alfredo,02-05-2023,21:47:34,Completed,387
1668,8,1,Paneer Lababdar,12-02-2023,01:02:26,Completed,193
1669,11,10,Masala Dosa,09-01-2023,14:10:10,Completed,323
1670,13,1,Paneer Lababdar,04-03-2023,16:37:32,Completed,308
1671,31,20,Paneer Butter Masala,11-12-2023,15:09:34,Completed,192
1672,11,27,Chicken Biryani,21-09-2023,18:46:21,Completed,461
1673,22,18,Mutton Biryani,22-02-2023,22:12:20,Completed,556
1674,7,27,Samosa,10-01-2023,06:54:08,Completed,594
1675,9,37,Veg Burger,30-05-2023,13:50:06,Completed,299
1676,7,39,Masala Dosa,23-05-2023,16:16:53,Completed,559
1677,18,27,Egg Curry,21-09-2023,21:37:06,Completed,599
1678,10,22,Egg Curry,31-12-2023,20:19:27,Completed,495
1679,3,36,Paneer Butter Masala,01-11-2023,09:33:33,Completed,222
1680,12,56,Egg Curry,19-05-2023,18:24:42,Completed,288
1681,14,18,Pasta Alfredo,08-09-2023,12:50:33,Completed,482
1682,17,18,Chicken Burger,07-09-2023,16:43:40,Completed,513
1683,22,10,Chicken Burger,13-11-2023,21:14:44,Completed,525
1684,13,21,Veg Biryani,21-04-2023,13:36:35,Completed,464
1685,22,43,Paneer Lababdar,21-06-2023,18:57:41,Completed,318
1686,3,60,Prawn Masala,26-10-2023,14:04:56,Completed,379
1687,16,5,Prawn Masala,09-06-2023,21:38:59,Completed,310
1688,29,16,Masala Dosa,26-02-2023,08:37:35,Completed,301
1689,23,35,Chicken Burger,14-03-2023,14:42:41,Completed,419
1690,16,41,Chole Bhature,20-03-2023,14:36:26,Completed,332
1691,18,60,Chole Bhature,06-02-2023,23:46:01,Completed,177
1692,25,27,Prawn Masala,02-10-2023,05:01:50,Completed,381
1693,29,47,Butter Chicken,06-11-2023,16:03:11,Completed,568
1694,5,1,Paneer Butter Masala,25-02-2023,18:17:22,Completed,373
1695,13,30,Butter Chicken,09-04-2023,01:34:27,Completed,155
1696,4,14,Chicken Biryani,08-05-2023,08:17:48,Completed,196
1697,8,35,Paneer Lababdar,03-03-2023,07:53:59,Completed,572
1698,10,10,Prawn Masala,07-08-2023,12:45:44,Completed,482
1699,32,3,Paneer Lababdar,27-05-2023,14:03:39,Completed,251
1700,13,47,Prawn Masala,04-10-2023,14:20:01,Completed,586
1701,30,56,Chicken Burger,23-09-2023,10:57:21,Completed,255
1702,2,38,Egg Curry,24-05-2023,00:03:49,Completed,380
1703,2,45,Paneer Butter Masala,04-03-2023,18:57:14,Completed,464
1704,31,58,Paneer Lababdar,22-06-2023,16:39:37,Completed,363
1705,3,22,Egg Curry,22-10-2023,04:12:52,Completed,591
1706,21,32,Chicken Biryani,06-01-2023,19:58:34,Completed,335
1707,18,29,Veg Biryani,15-03-2023,10:48:39,Completed,583
1708,31,47,Butter Chicken,12-05-2023,22:46:07,Completed,518
1709,19,2,Chicken Burger,31-10-2023,17:51:36,Completed,381
1710,4,32,Veg Biryani,12-11-2023,15:13:00,Completed,573
1711,12,12,Chicken Burger,23-08-2023,14:01:59,Completed,368
1712,18,10,Samosa,05-11-2023,17:16:04,Completed,364
1713,10,55,Paneer Butter Masala,08-05-2023,13:17:33,Completed,258
1714,20,43,Prawn Masala,05-03-2023,19:13:20,Completed,298
1715,28,12,Mutton Biryani,27-02-2023,23:07:21,Completed,310
1716,13,22,Masala Dosa,04-05-2023,08:11:05,Completed,444
1717,7,28,Paneer Lababdar,12-03-2023,16:37:17,Completed,582
1718,6,20,Veg Biryani,01-01-2024,23:52:50,Completed,495
1719,31,26,Pasta Alfredo,26-08-2023,00:13:01,Completed,465
1720,22,38,Paneer Lababdar,25-01-2023,01:37:28,Completed,308
1721,28,24,Pasta Alfredo,26-07-2023,11:32:35,Completed,386
1722,20,46,Paneer Lababdar,20-01-2023,11:21:02,Completed,553
1723,33,30,Paneer Lababdar,28-02-2023,05:50:35,Completed,433
1724,3,39,Masala Dosa,06-03-2023,09:44:53,Completed,590
1725,1,60,Paneer Lababdar,04-05-2023,18:02:39,Completed,181
1726,6,38,Chole Bhature,25-08-2023,00:15:40,Completed,408
1727,12,55,Paneer Butter Masala,30-11-2023,14:02:14,Completed,246
1728,20,49,Samosa,19-02-2023,10:34:44,Completed,323
1729,16,1,Paneer Butter Masala,03-12-2023,18:06:28,Completed,556
1730,23,3,Samosa,17-07-2023,18:21:39,Completed,494
1731,16,1,Veg Biryani,20-11-2023,02:40:29,Completed,542
1732,13,51,Chicken Biryani,27-03-2023,10:16:23,Completed,508
1733,31,52,Paneer Butter Masala,04-12-2023,13:13:02,Completed,412
1734,15,30,Samosa,14-12-2023,04:35:47,Completed,529
1735,25,6,Veg Biryani,23-06-2023,16:45:11,Completed,292
1736,17,40,Paneer Lababdar,10-05-2023,08:42:37,Completed,545
1737,3,16,Butter Chicken,16-01-2023,05:19:31,Completed,166
1738,3,11,Chicken Biryani,29-04-2023,13:14:26,Completed,576
1739,4,59,Egg Curry,22-02-2023,11:16:02,Completed,182
1740,27,41,Pasta Alfredo,19-02-2023,15:55:57,Completed,407
1741,26,48,Butter Chicken,31-12-2023,22:54:35,Completed,151
1742,13,19,Chicken Biryani,01-10-2023,05:52:37,Completed,222
1743,28,41,Paneer Butter Masala,21-08-2023,16:39:57,Completed,346
1744,23,29,Mutton Biryani,10-11-2023,12:41:58,Completed,162
1745,13,11,Paneer Lababdar,11-08-2023,18:42:49,Completed,355
1746,21,41,Veg Biryani,19-12-2023,17:15:02,Completed,292
1747,31,52,Veg Burger,14-12-2023,11:09:30,Completed,451
1748,21,3,Veg Burger,13-03-2023,11:06:06,Completed,304
1749,32,59,Masala Dosa,10-10-2023,13:34:28,Completed,518
1750,26,51,Paneer Butter Masala,29-01-2023,01:20:54,Completed,286
1751,13,9,Rajma Chawal,17-04-2023,10:59:42,Completed,172
1752,29,14,Chicken Burger,19-08-2023,19:31:26,Completed,479
1753,23,50,Paneer Butter Masala,10-01-2023,09:18:04,Completed,194
1754,20,4,Veg Biryani,09-02-2023,07:31:45,Completed,283
1755,31,10,Chole Bhature,29-08-2023,03:52:08,Completed,457
1756,23,40,Paneer Butter Masala,08-11-2023,03:19:00,Completed,513
1757,6,56,Samosa,11-12-2023,01:07:13,Completed,194
1758,30,16,Paneer Lababdar,24-09-2023,13:10:58,Completed,522
1759,13,38,Butter Chicken,18-04-2023,11:02:40,Completed,460
1760,25,34,Veg Burger,01-04-2023,01:53:33,Completed,443
1761,17,47,Prawn Masala,16-10-2023,07:25:31,Completed,471
1762,4,41,Prawn Masala,14-04-2023,16:43:37,Completed,567
1763,23,24,Veg Biryani,28-06-2023,03:19:17,Completed,175
1764,19,52,Rajma Chawal,16-10-2023,04:40:22,Completed,370
1765,21,32,Egg Curry,19-10-2023,02:12:21,Completed,336
1766,14,7,Pasta Alfredo,23-03-2023,10:08:25,Completed,290
1767,12,5,Chicken Biryani,30-03-2023,15:35:25,Completed,300
1768,27,30,Egg Curry,31-08-2023,23:58:36,Completed,360
1769,32,5,Veg Burger,04-04-2023,08:27:31,Completed,405
1770,8,56,Chicken Biryani,07-05-2023,15:33:58,Completed,162
1771,17,35,Pasta Alfredo,16-07-2023,10:43:43,Completed,402
1772,31,20,Paneer Butter Masala,17-08-2023,16:46:56,Completed,511
1773,10,53,Prawn Masala,20-01-2023,04:26:57,Completed,159
1774,18,21,Veg Burger,03-07-2023,16:08:09,Completed,227
1775,3,7,Pasta Alfredo,05-07-2023,01:05:55,Completed,557
1776,32,48,Veg Burger,14-04-2023,13:48:28,Completed,186
1777,30,19,Rajma Chawal,03-12-2023,14:13:26,Completed,544
1778,28,24,Chicken Burger,13-08-2023,08:11:53,Completed,274
1779,32,5,Prawn Masala,17-09-2023,12:27:50,Completed,497
1780,5,34,Pasta Alfredo,21-07-2023,02:02:40,Completed,327
1781,1,26,Masala Dosa,02-08-2023,07:45:36,Completed,497
1782,23,60,Egg Curry,24-05-2023,06:03:36,Completed,274
1783,25,16,Chicken Burger,07-05-2023,15:43:37,Completed,333
1784,6,45,Rajma Chawal,21-12-2023,09:56:28,Completed,243
1785,11,38,Egg Curry,27-03-2023,14:31:41,Completed,239
1786,28,21,Paneer Lababdar,09-05-2023,22:27:18,Completed,212
1787,11,56,Paneer Lababdar,29-01-2023,10:44:09,Completed,218
1788,23,9,Masala Dosa,10-04-2023,22:53:34,Completed,313
1789,20,44,Paneer Lababdar,30-10-2023,16:48:13,Completed,224
1790,20,2,Rajma Chawal,30-11-2023,00:44:39,Completed,302
1791,19,42,Mutton Biryani,15-12-2023,16:02:28,Completed,154
1792,11,35,Masala Dosa,10-01-2023,15:26:51,Completed,522
1793,25,5,Paneer Lababdar,02-06-2023,04:41:42,Completed,171
1794,32,22,Prawn Masala,02-09-2023,10:38:17,Completed,294
1795,18,40,Pasta Alfredo,24-03-2023,09:54:16,Completed,415
1796,1,34,Samosa,01-02-2023,07:56:22,Completed,215
1797,1,6,Veg Burger,25-11-2023,01:26:37,Completed,403
1798,32,6,Paneer Butter Masala,08-03-2023,01:48:48,Completed,514
1799,25,25,Mutton Biryani,11-05-2023,04:27:21,Completed,539
1800,5,13,Masala Dosa,12-02-2023,11:13:09,Completed,480
1801,11,15,Paneer Lababdar,25-01-2023,16:25:36,Completed,239
1802,7,16,Chicken Biryani,22-12-2023,22:45:48,Completed,390
1803,9,5,Veg Burger,19-03-2023,17:23:17,Completed,165
1804,23,52,Chicken Burger,15-11-2023,00:45:53,Completed,228
1805,18,22,Chicken Burger,28-02-2023,02:10:10,Completed,340
1806,13,15,Pasta Alfredo,06-07-2023,02:45:27,Completed,473
1807,14,26,Chole Bhature,01-12-2023,11:21:52,Completed,460
1808,7,42,Veg Burger,15-12-2023,20:41:41,Completed,524
1809,7,40,Chole Bhature,04-03-2023,18:34:23,Completed,409
1810,20,58,Rajma Chawal,20-07-2023,22:14:54,Completed,357
1811,9,10,Butter Chicken,21-08-2023,16:48:02,Completed,516
1812,27,55,Rajma Chawal,19-07-2023,19:34:56,Completed,199
1813,19,55,Chole Bhature,26-02-2023,07:58:49,Completed,443
1814,30,27,Chicken Biryani,22-04-2023,22:06:26,Completed,406
1815,18,37,Chicken Biryani,09-03-2023,23:09:48,Completed,156
1816,5,7,Rajma Chawal,07-01-2023,17:03:40,Completed,371
1817,13,43,Pasta Alfredo,13-08-2023,10:38:37,Completed,170
1818,33,27,Butter Chicken,21-05-2023,09:05:12,Completed,294
1819,27,30,Mutton Biryani,04-06-2023,11:53:33,Completed,455
1820,25,6,Mutton Biryani,02-12-2023,16:26:36,Completed,579
1821,27,8,Veg Biryani,01-05-2023,07:43:39,Completed,556
1822,31,54,Mutton Biryani,03-02-2023,13:25:11,Completed,404
1823,27,51,Veg Burger,15-01-2023,09:32:55,Completed,582
1824,3,51,Egg Curry,03-01-2023,04:15:42,Completed,543
1825,8,32,Paneer Lababdar,12-08-2023,16:42:43,Completed,373
1826,25,12,Egg Curry,27-09-2023,18:55:28,Completed,299
1827,13,19,Chicken Biryani,14-12-2023,03:18:37,Completed,558
1828,30,8,Butter Chicken,09-10-2023,03:32:55,Completed,405
1829,31,26,Rajma Chawal,24-09-2023,18:18:20,Completed,294
1830,4,15,Veg Burger,26-08-2023,20:04:10,Completed,553
1831,20,40,Butter Chicken,02-08-2023,08:48:57,Completed,220
1832,13,52,Butter Chicken,14-06-2023,05:19:23,Completed,484
1833,21,5,Veg Burger,08-02-2023,04:52:46,Completed,303
1834,6,44,Masala Dosa,06-07-2023,13:17:30,Completed,234
1835,22,4,Prawn Masala,15-08-2023,13:25:40,Completed,322
1836,22,38,Mutton Biryani,22-03-2023,14:52:06,Completed,162
1837,28,36,Chole Bhature,27-01-2023,15:15:22,Completed,227
1838,1,13,Mutton Biryani,26-08-2023,19:27:14,Completed,521
1839,1,35,Chicken Burger,01-09-2023,22:51:57,Completed,539
1840,3,60,Chicken Burger,08-09-2023,23:24:32,Completed,261
1841,12,38,Chicken Burger,03-12-2023,01:48:44,Completed,252
1842,17,36,Egg Curry,27-09-2023,20:07:18,Completed,349
1843,23,4,Masala Dosa,16-10-2023,02:31:11,Completed,532
1844,13,28,Chole Bhature,04-11-2023,12:47:02,Completed,549
1845,4,28,Samosa,06-01-2023,07:38:22,Completed,392
1846,12,34,Chole Bhature,25-06-2023,20:43:08,Completed,568
1847,17,34,Chicken Biryani,11-01-2023,13:09:10,Completed,159
1848,16,6,Chicken Biryani,29-06-2023,01:05:32,Completed,458
1849,25,14,Paneer Butter Masala,19-11-2023,01:35:54,Completed,460
1850,29,36,Paneer Lababdar,08-04-2023,02:41:02,Completed,262
1851,9,41,Chicken Biryani,03-11-2023,10:42:24,Completed,591
1852,19,18,Chole Bhature,22-01-2023,19:34:11,Completed,269
1853,30,17,Prawn Masala,09-01-2023,08:56:34,Completed,195
1854,15,17,Paneer Butter Masala,21-03-2023,01:05:54,Completed,190
1855,1,13,Paneer Butter Masala,24-03-2023,03:04:49,Completed,258
1856,4,43,Veg Biryani,12-11-2023,10:00:17,Completed,485
1857,26,10,Chole Bhature,31-08-2023,03:12:46,Completed,368
1858,19,46,Pasta Alfredo,02-09-2023,10:38:51,Completed,305
1859,26,35,Paneer Butter Masala,23-11-2023,00:28:21,Completed,159
1860,32,10,Veg Biryani,07-02-2023,16:06:18,Completed,504
1861,13,14,Veg Burger,24-05-2023,22:12:16,Completed,231
1862,15,39,Chicken Burger,01-05-2023,15:20:18,Completed,396
1863,8,37,Veg Biryani,05-11-2023,13:13:13,Completed,326
1864,10,15,Chicken Burger,07-11-2023,04:18:52,Completed,394
1865,30,46,Paneer Lababdar,08-08-2023,22:19:58,Completed,185
1866,18,37,Paneer Lababdar,12-11-2023,07:56:00,Completed,179
1867,12,17,Mutton Biryani,18-06-2023,21:40:19,Completed,267
1868,22,57,Paneer Butter Masala,03-06-2023,18:18:33,Completed,583
1869,33,58,Mutton Biryani,31-08-2023,11:08:53,Completed,284
1870,28,10,Chole Bhature,09-03-2023,20:23:45,Completed,367
1871,1,21,Masala Dosa,26-11-2023,19:01:24,Completed,228
1872,16,3,Paneer Lababdar,25-11-2023,13:05:28,Completed,458
1873,17,11,Veg Biryani,27-11-2023,08:06:25,Completed,462
1874,18,58,Pasta Alfredo,25-04-2023,08:46:08,Completed,474
1875,17,53,Mutton Biryani,31-03-2023,16:51:24,Completed,515
1876,11,9,Samosa,19-08-2023,07:38:08,Completed,486
1877,30,5,Chicken Biryani,26-08-2023,17:26:52,Completed,593
1878,32,6,Samosa,27-04-2023,17:01:03,Completed,269
1879,12,28,Butter Chicken,18-08-2023,13:08:03,Completed,174
1880,26,55,Masala Dosa,08-01-2023,04:27:57,Completed,422
1881,4,18,Butter Chicken,01-06-2023,22:56:32,Completed,254
1882,9,38,Paneer Butter Masala,28-03-2023,10:34:11,Completed,569
1883,5,25,Paneer Lababdar,09-04-2023,20:40:39,Completed,392
1884,32,9,Chicken Biryani,19-09-2023,06:19:06,Completed,600
1885,2,1,Samosa,13-02-2023,16:30:36,Completed,200
1886,21,8,Paneer Lababdar,10-09-2023,07:17:15,Completed,181
1887,15,21,Chole Bhature,29-10-2023,06:39:41,Completed,294
1888,21,56,Mutton Biryani,02-06-2023,09:32:12,Completed,220
1889,25,53,Pasta Alfredo,18-12-2023,20:25:08,Completed,274
1890,23,12,Masala Dosa,15-10-2023,22:14:50,Completed,588
1891,15,37,Chicken Biryani,28-08-2023,10:38:57,Completed,438
1892,12,50,Rajma Chawal,14-03-2023,09:48:23,Completed,556
1893,29,13,Veg Burger,25-07-2023,01:30:42,Completed,514
1894,17,55,Chicken Biryani,16-04-2023,22:19:10,Completed,326
1895,8,44,Chicken Biryani,15-12-2023,18:33:55,Completed,538
1896,7,20,Mutton Biryani,19-04-2023,19:30:46,Completed,254
1897,19,11,Mutton Biryani,22-04-2023,13:13:56,Completed,533
1898,10,55,Pasta Alfredo,27-03-2023,00:47:34,Completed,565
1899,14,35,Veg Burger,23-04-2023,04:31:23,Completed,487
1900,19,8,Rajma Chawal,10-07-2023,03:29:31,Completed,559
1901,29,43,Mutton Biryani,10-06-2023,22:49:19,Completed,253
1902,9,24,Butter Chicken,04-04-2023,18:59:19,Completed,161
1903,33,41,Veg Biryani,27-10-2023,01:38:33,Completed,330
1904,30,46,Butter Chicken,18-11-2023,16:10:35,Completed,561
1905,10,55,Egg Curry,02-09-2023,00:32:59,Completed,387
1906,22,14,Samosa,13-10-2023,07:34:16,Completed,516
1907,14,34,Chicken Biryani,22-07-2023,18:35:51,Completed,524
1908,27,39,Butter Chicken,08-08-2023,15:50:01,Completed,151
1909,16,40,Paneer Butter Masala,13-04-2023,13:38:16,Completed,543
1910,5,1,Egg Curry,20-08-2023,06:39:53,Completed,596
1911,11,2,Veg Biryani,12-09-2023,04:03:57,Completed,497
1912,20,1,Paneer Butter Masala,11-02-2023,09:09:03,Completed,308
1913,31,3,Chicken Burger,06-11-2023,10:04:13,Completed,163
1914,2,47,Pasta Alfredo,11-10-2023,23:25:31,Completed,536
1915,27,37,Chicken Biryani,01-01-2023,11:57:06,Completed,191
1916,25,35,Egg Curry,06-05-2023,05:47:26,Completed,468
1917,8,25,Paneer Butter Masala,29-09-2023,21:32:33,Completed,349
1918,31,40,Butter Chicken,03-02-2023,10:12:22,Completed,156
1919,30,16,Paneer Lababdar,08-08-2023,05:41:32,Completed,177
1920,14,22,Paneer Butter Masala,25-03-2023,08:31:17,Completed,349
1921,11,53,Masala Dosa,20-03-2023,07:51:35,Completed,152
1922,17,21,Butter Chicken,15-12-2023,02:44:30,Completed,181
1923,9,42,Masala Dosa,19-03-2023,08:21:45,Completed,505
1924,7,42,Prawn Masala,11-01-2023,02:44:57,Completed,514
1925,24,15,Paneer Butter Masala,05-03-2023,21:24:57,Completed,231
1926,11,36,Veg Biryani,22-05-2023,09:25:38,Completed,450
1927,2,57,Pasta Alfredo,29-03-2023,09:51:08,Completed,304
1928,10,35,Pasta Alfredo,21-06-2023,21:26:28,Completed,204
1929,2,1,Butter Chicken,03-11-2023,17:05:56,Completed,242
1930,5,42,Chole Bhature,13-01-2023,01:35:54,Completed,342
1931,26,10,Masala Dosa,09-08-2023,12:42:05,Completed,503
1932,20,51,Samosa,17-11-2023,08:50:18,Completed,391
1933,31,11,Samosa,26-12-2023,17:51:26,Completed,583
1934,1,4,Chole Bhature,12-08-2023,20:14:25,Completed,342
1935,29,15,Paneer Lababdar,05-07-2023,21:53:58,Completed,219
1936,12,14,Chicken Biryani,09-04-2023,05:32:37,Completed,528
1937,13,36,Veg Burger,09-02-2023,17:47:19,Completed,575
1938,24,9,Chicken Burger,04-11-2023,14:00:49,Completed,431
1939,23,48,Butter Chicken,09-11-2023,03:56:28,Completed,303
1940,13,5,Butter Chicken,02-07-2023,07:10:31,Completed,153
1941,30,32,Chicken Biryani,10-08-2023,15:27:40,Completed,539
1942,7,25,Rajma Chawal,26-11-2023,04:37:15,Completed,160
1943,7,17,Mutton Biryani,14-10-2023,09:00:15,Completed,586
1944,26,31,Rajma Chawal,20-01-2023,09:53:25,Completed,263
1945,21,40,Paneer Butter Masala,06-04-2023,14:31:26,Completed,579
1946,28,7,Chicken Biryani,27-05-2023,15:00:22,Completed,216
1947,12,7,Mutton Biryani,03-02-2023,17:49:08,Completed,319
1948,9,13,Chicken Biryani,20-10-2023,18:15:36,Completed,205
1949,31,5,Pasta Alfredo,05-06-2023,23:25:35,Completed,203
1950,24,47,Chicken Burger,23-04-2023,06:28:45,Completed,301
1951,24,15,Veg Biryani,11-08-2023,23:16:04,Completed,233
1952,7,33,Pasta Alfredo,03-08-2023,09:18:25,Completed,528
1953,19,7,Samosa,20-09-2023,12:07:34,Completed,220
1954,12,41,Rajma Chawal,10-11-2023,12:59:36,Completed,302
1955,8,14,Masala Dosa,26-09-2023,00:35:43,Completed,220
1956,13,30,Veg Biryani,02-09-2023,19:38:37,Completed,402
1957,24,48,Prawn Masala,13-01-2023,11:19:00,Completed,380
1958,32,50,Chicken Biryani,17-12-2023,05:53:14,Completed,363
1959,33,48,Pasta Alfredo,05-06-2023,12:00:39,Completed,579
1960,25,25,Prawn Masala,11-02-2023,00:23:32,Completed,240
1961,13,19,Paneer Butter Masala,05-05-2023,06:27:40,Completed,566
1962,15,33,Veg Burger,08-01-2023,00:21:11,Completed,350
1963,27,30,Chole Bhature,26-01-2023,00:09:46,Completed,518
1964,7,9,Mutton Biryani,10-07-2023,06:06:46,Completed,544
1965,9,17,Chole Bhature,25-03-2023,03:28:17,Completed,227
1966,1,6,Rajma Chawal,15-05-2023,01:03:43,Completed,242
1967,21,60,Chicken Burger,01-03-2023,17:12:31,Completed,354
1968,25,4,Paneer Butter Masala,25-05-2023,16:59:51,Completed,203
1969,2,51,Prawn Masala,08-08-2023,09:26:11,Completed,358
1970,28,60,Paneer Lababdar,01-11-2023,11:30:15,Completed,520
1971,7,53,Prawn Masala,19-11-2023,10:44:51,Completed,496
1972,27,3,Pasta Alfredo,14-09-2023,07:41:47,Completed,187
1973,22,2,Paneer Butter Masala,08-10-2023,23:27:41,Completed,302
1974,15,51,Paneer Lababdar,17-05-2023,10:15:20,Completed,493
1975,10,58,Prawn Masala,24-01-2023,15:14:03,Completed,199
1976,13,8,Egg Curry,18-07-2023,20:56:21,Completed,411
1977,10,14,Egg Curry,20-10-2023,23:33:51,Completed,573
1978,18,44,Paneer Butter Masala,02-07-2023,08:21:29,Completed,186
1979,13,37,Paneer Lababdar,10-11-2023,00:00:30,Completed,331
1980,1,16,Chicken Biryani,25-04-2023,20:21:27,Completed,403
1981,3,26,Egg Curry,02-03-2023,23:22:35,Completed,351
1982,32,34,Prawn Masala,07-07-2023,06:34:37,Completed,456
1983,3,57,Butter Chicken,21-01-2023,00:04:59,Completed,418
1984,10,42,Chicken Biryani,28-11-2023,08:06:06,Completed,336
1985,19,3,Prawn Masala,04-11-2023,15:19:38,Completed,566
1986,17,32,Paneer Butter Masala,11-09-2023,10:10:23,Completed,155
1987,1,16,Egg Curry,23-12-2023,20:24:36,Completed,474
1988,33,6,Egg Curry,13-07-2023,14:45:07,Completed,307
1989,28,17,Paneer Butter Masala,03-07-2023,19:12:31,Completed,536
1990,12,51,Samosa,26-04-2023,08:14:43,Completed,254
1991,22,25,Veg Burger,23-03-2023,05:43:33,Completed,383
1992,5,49,Butter Chicken,22-06-2023,14:08:54,Completed,206
1993,14,53,Chicken Biryani,17-09-2023,05:24:17,Completed,167
1994,32,36,Pasta Alfredo,08-04-2023,01:05:16,Completed,188
1995,28,47,Mutton Biryani,24-04-2023,04:36:05,Completed,207
1996,6,47,Veg Biryani,23-08-2023,05:19:38,Completed,550
1997,16,3,Chicken Biryani,09-04-2023,05:08:14,Completed,419
1998,13,1,Paneer Butter Masala,05-01-2023,13:13:37,Completed,170
1999,16,44,Chole Bhature,08-03-2023,21:45:52,Completed,379
2000,6,1,Veg Biryani,09-09-2023,10:25:01,Completed,553
2001,13,18,Samosa,04-06-2023,14:43:14,Completed,585
2002,5,32,Chole Bhature,11-11-2023,03:25:42,Completed,535
2003,26,29,Veg Burger,06-07-2023,09:57:43,Completed,347
2004,33,36,Veg Burger,20-02-2023,13:55:45,Completed,572
2005,28,25,Paneer Butter Masala,29-09-2023,02:37:41,Completed,248
2006,8,47,Veg Burger,07-12-2023,13:53:18,Completed,278
2007,25,32,Masala Dosa,16-05-2023,22:59:12,Completed,191
2008,18,51,Chicken Burger,02-02-2023,19:41:56,Completed,385
2009,1,35,Rajma Chawal,26-06-2023,06:58:30,Completed,561
2010,22,41,Chicken Burger,26-05-2023,17:20:07,Completed,203
2011,26,54,Veg Burger,24-12-2023,00:30:20,Completed,164
2012,29,38,Samosa,12-06-2023,13:07:08,Completed,455
2013,3,48,Mutton Biryani,30-07-2023,02:12:39,Completed,266
2014,18,30,Rajma Chawal,13-10-2023,19:47:45,Completed,193
2015,26,24,Chicken Biryani,01-07-2023,21:25:26,Completed,271
2016,17,5,Prawn Masala,24-02-2023,04:03:57,Completed,315
2017,16,14,Masala Dosa,15-04-2023,11:21:40,Completed,541
2018,4,6,Paneer Lababdar,07-10-2023,03:48:06,Completed,203
2019,31,2,Veg Burger,03-11-2023,13:25:47,Completed,596
2020,18,49,Butter Chicken,31-01-2023,14:49:26,Completed,282
2021,12,32,Paneer Lababdar,27-08-2023,06:12:36,Completed,328
2022,21,32,Rajma Chawal,07-02-2023,06:08:53,Completed,257
2023,23,30,Egg Curry,17-07-2023,17:27:32,Completed,548
2024,4,11,Masala Dosa,10-06-2023,12:53:17,Completed,351
2025,3,26,Chicken Burger,16-04-2023,14:10:40,Completed,388
2026,27,49,Veg Biryani,18-06-2023,21:52:28,Completed,420
2027,26,38,Pasta Alfredo,21-03-2023,17:37:37,Completed,290
2028,22,12,Pasta Alfredo,19-08-2023,09:26:06,Completed,282
2029,18,39,Prawn Masala,21-06-2023,16:03:16,Completed,527
2030,8,49,Veg Biryani,24-09-2023,02:27:55,Completed,465
2031,24,31,Samosa,29-12-2023,17:11:50,Completed,316
2032,14,47,Masala Dosa,17-01-2023,14:37:06,Completed,352
2033,22,7,Chicken Burger,12-04-2023,04:38:57,Completed,502
2034,10,33,Mutton Biryani,25-05-2023,01:42:25,Completed,447
2035,12,41,Rajma Chawal,01-04-2023,18:51:53,Completed,292
2036,27,53,Prawn Masala,09-01-2023,03:33:18,Completed,258
2037,15,1,Paneer Lababdar,11-07-2023,17:42:18,Completed,599
2038,6,59,Paneer Lababdar,21-01-2023,10:03:54,Completed,262
2039,23,14,Chicken Biryani,25-01-2023,02:52:37,Completed,279
2040,9,8,Chole Bhature,17-11-2023,09:38:53,Completed,197
2041,29,59,Samosa,27-07-2023,10:16:22,Completed,166
2042,15,20,Paneer Lababdar,13-04-2023,19:41:00,Completed,412
2043,23,36,Veg Burger,19-09-2023,16:42:29,Completed,483
2044,24,20,Pasta Alfredo,09-08-2023,08:36:42,Completed,316
2045,11,15,Masala Dosa,04-05-2023,22:26:48,Completed,224
2046,19,42,Paneer Butter Masala,05-05-2023,00:21:04,Completed,472
2047,6,27,Samosa,16-09-2023,15:22:41,Completed,524
2048,21,58,Chole Bhature,02-07-2023,04:09:34,Completed,515
2049,16,56,Mutton Biryani,10-03-2023,22:41:51,Completed,595
2050,7,54,Masala Dosa,09-02-2023,03:37:13,Completed,275
2051,1,30,Prawn Masala,06-07-2023,18:14:03,Completed,429
2052,7,8,Samosa,05-01-2023,17:32:47,Completed,536
2053,23,30,Egg Curry,11-12-2023,21:12:04,Completed,336
2054,32,25,Veg Burger,05-07-2023,13:33:40,Completed,553
2055,27,19,Veg Biryani,15-04-2023,00:31:42,Completed,557
2056,33,1,Masala Dosa,07-05-2023,20:32:03,Completed,275
2057,4,34,Paneer Butter Masala,04-02-2023,05:41:11,Completed,499
2058,2,18,Egg Curry,22-02-2023,11:46:48,Completed,526
2059,6,35,Egg Curry,09-12-2023,05:42:50,Completed,292
2060,24,41,Butter Chicken,06-06-2023,10:12:27,Completed,459
2061,27,50,Veg Burger,01-02-2023,06:10:25,Completed,218
2062,21,17,Mutton Biryani,17-06-2023,05:52:45,Completed,349
2063,7,21,Veg Biryani,26-10-2023,05:37:24,Completed,382
2064,26,31,Paneer Butter Masala,25-01-2023,19:03:25,Completed,317
2065,19,57,Veg Biryani,20-01-2023,00:31:13,Completed,534
2066,13,55,Masala Dosa,21-03-2023,01:34:46,Completed,227
2067,1,35,Paneer Lababdar,22-01-2023,14:53:39,Completed,205
2068,2,56,Pasta Alfredo,24-09-2023,11:54:44,Completed,208
2069,21,39,Rajma Chawal,25-11-2023,19:42:33,Completed,590
2070,11,28,Samosa,23-07-2023,18:50:29,Completed,280
2071,9,11,Egg Curry,24-04-2023,20:05:33,Completed,168
2072,2,40,Veg Biryani,27-12-2023,23:26:59,Completed,562
2073,14,2,Veg Burger,01-12-2023,14:22:01,Completed,329
2074,19,42,Rajma Chawal,03-06-2023,00:52:58,Completed,505
2075,24,22,Veg Burger,19-09-2023,02:26:57,Completed,241
2076,10,40,Chole Bhature,23-06-2023,22:43:15,Completed,556
2077,5,30,Veg Biryani,01-01-2024,07:37:49,Completed,308
2078,18,18,Pasta Alfredo,16-04-2023,05:29:55,Completed,156
2079,6,56,Prawn Masala,31-12-2023,19:06:48,Completed,588
2080,13,47,Chicken Burger,04-12-2023,00:20:36,Completed,394
2081,14,52,Samosa,17-12-2023,16:43:26,Completed,538
2082,3,48,Egg Curry,06-08-2023,02:41:01,Completed,361
2083,23,14,Prawn Masala,05-02-2023,02:04:28,Completed,154
2084,10,1,Chicken Biryani,10-04-2023,01:05:43,Completed,304
2085,5,41,Chicken Burger,02-02-2023,10:19:06,Completed,171
2086,14,6,Chole Bhature,18-07-2023,05:03:12,Completed,359
2087,6,21,Chicken Burger,22-07-2023,12:47:50,Completed,330
2088,13,7,Mutton Biryani,31-01-2023,03:46:33,Completed,179
2089,31,52,Veg Burger,28-02-2023,00:49:25,Completed,165
2090,11,13,Prawn Masala,28-02-2023,11:08:18,Completed,365
2091,4,34,Egg Curry,29-06-2023,21:03:44,Completed,442
2092,3,43,Samosa,10-07-2023,04:34:11,Completed,586
2093,28,58,Chicken Burger,30-10-2023,23:46:18,Completed,400
2094,25,6,Veg Burger,14-10-2023,19:28:04,Completed,185
2095,4,19,Chicken Burger,05-01-2023,14:33:13,Completed,250
2096,31,29,Paneer Butter Masala,15-08-2023,22:29:12,Completed,530
2097,17,15,Prawn Masala,10-08-2023,11:21:44,Completed,456
2098,24,28,Paneer Lababdar,22-02-2023,20:12:02,Completed,541
2099,26,47,Rajma Chawal,26-05-2023,18:17:27,Completed,437
2100,26,31,Chole Bhature,27-10-2023,22:28:21,Completed,507
2101,10,3,Veg Burger,13-05-2023,01:20:09,Completed,414
2102,24,29,Paneer Butter Masala,09-10-2023,17:34:34,Completed,179
2103,4,57,Mutton Biryani,13-12-2023,00:22:33,Completed,490
2104,10,11,Egg Curry,17-02-2023,23:52:58,Completed,462
2105,17,48,Masala Dosa,16-06-2023,22:00:25,Completed,383
2106,20,23,Pasta Alfredo,27-01-2023,10:47:57,Completed,446
2107,16,14,Masala Dosa,17-11-2023,21:29:49,Completed,332
2108,3,19,Veg Burger,26-08-2023,20:18:37,Completed,368
2109,24,54,Mutton Biryani,17-08-2023,04:36:12,Completed,208
2110,20,3,Chicken Burger,11-11-2023,23:50:43,Completed,327
2111,21,50,Mutton Biryani,03-07-2023,01:18:58,Completed,187
2112,19,37,Rajma Chawal,28-02-2023,03:38:39,Completed,573
2113,12,16,Paneer Butter Masala,08-06-2023,07:48:44,Completed,485
2114,11,44,Paneer Lababdar,28-10-2023,22:58:03,Completed,220
2115,24,41,Egg Curry,20-01-2023,04:12:31,Completed,523
2116,11,7,Samosa,12-09-2023,08:51:11,Completed,504
2117,2,46,Pasta Alfredo,24-05-2023,03:10:46,Completed,532
2118,1,3,Veg Biryani,01-03-2023,15:06:57,Completed,370
2119,5,21,Pasta Alfredo,19-12-2023,10:45:08,Completed,541
2120,7,50,Mutton Biryani,24-10-2023,10:26:39,Completed,350
2121,29,7,Veg Biryani,14-04-2023,12:16:50,Completed,415
2122,16,13,Veg Burger,11-05-2023,09:53:01,Completed,411
2123,27,46,Chicken Burger,17-05-2023,06:06:26,Completed,210
2124,25,26,Chicken Biryani,01-10-2023,04:31:03,Completed,463
2125,14,52,Veg Burger,18-06-2023,13:55:04,Completed,306
2126,25,58,Chole Bhature,21-08-2023,21:12:26,Completed,579
2127,23,7,Egg Curry,06-01-2023,17:07:17,Completed,493
2128,22,35,Veg Biryani,15-02-2023,15:32:30,Completed,196
2129,14,22,Samosa,10-09-2023,05:57:09,Completed,196
2130,23,8,Chole Bhature,24-03-2023,06:49:03,Completed,301
2131,8,55,Chicken Burger,10-06-2023,07:00:45,Completed,545
2132,28,8,Mutton Biryani,21-08-2023,20:25:12,Completed,197
2133,17,4,Mutton Biryani,17-01-2023,22:46:18,Completed,212
2134,17,31,Chicken Burger,16-12-2023,16:07:39,Completed,166
2135,13,44,Mutton Biryani,25-07-2023,16:53:30,Completed,277
2136,11,34,Masala Dosa,19-01-2023,18:04:44,Completed,525
2137,13,59,Samosa,26-05-2023,22:38:56,Completed,388
2138,4,36,Paneer Butter Masala,06-01-2023,16:32:22,Completed,390
2139,18,4,Paneer Butter Masala,23-03-2023,13:52:06,Completed,254
2140,27,8,Veg Biryani,25-05-2023,21:44:08,Completed,166
2141,12,14,Masala Dosa,27-04-2023,22:36:39,Completed,504
2142,9,52,Chole Bhature,03-09-2023,15:06:58,Completed,466
2143,18,14,Veg Burger,16-08-2023,01:52:39,Completed,328
2144,11,12,Paneer Lababdar,13-12-2023,05:29:18,Completed,284
2145,19,9,Prawn Masala,06-12-2023,01:20:20,Completed,403
2146,1,48,Chicken Biryani,19-04-2023,12:32:01,Completed,276
2147,11,7,Chicken Biryani,29-12-2023,05:39:00,Completed,423
2148,4,50,Veg Biryani,13-06-2023,21:38:48,Completed,181
2149,21,36,Chicken Burger,03-04-2023,03:13:41,Completed,171
2150,10,2,Butter Chicken,13-09-2023,19:47:26,Completed,516
2151,5,17,Chicken Biryani,07-09-2023,19:45:37,Completed,196
2152,6,40,Rajma Chawal,12-06-2023,01:33:23,Completed,167
2153,31,51,Rajma Chawal,23-11-2023,03:04:48,Completed,572
2154,16,28,Chole Bhature,22-10-2023,10:47:19,Completed,506
2155,13,7,Masala Dosa,23-11-2023,10:54:43,Completed,341
2156,2,7,Rajma Chawal,25-11-2023,17:00:23,Completed,398
2157,10,30,Mutton Biryani,28-03-2023,04:47:26,Completed,500
2158,28,6,Mutton Biryani,01-06-2023,16:42:47,Completed,258
2159,22,20,Masala Dosa,19-04-2023,01:01:56,Completed,550
2160,29,59,Paneer Butter Masala,24-02-2023,17:28:35,Completed,209
2161,32,30,Paneer Lababdar,02-06-2023,16:38:22,Completed,380
2162,25,29,Veg Biryani,28-08-2023,01:05:48,Completed,373
2163,16,9,Prawn Masala,26-02-2023,15:10:33,Completed,338
2164,2,42,Masala Dosa,21-09-2023,23:01:36,Completed,238
2165,25,51,Rajma Chawal,26-02-2023,16:51:36,Completed,374
2166,19,56,Mutton Biryani,10-11-2023,01:23:23,Completed,255
2167,24,44,Veg Biryani,04-12-2023,07:00:46,Completed,278
2168,19,5,Veg Burger,12-01-2023,01:05:33,Completed,532
2169,9,22,Samosa,09-07-2023,01:39:49,Completed,483
2170,22,27,Chole Bhature,30-07-2023,19:09:18,Completed,317
2171,20,37,Veg Burger,25-12-2023,07:33:45,Completed,371
2172,9,17,Mutton Biryani,06-07-2023,16:31:27,Completed,499
2173,9,22,Rajma Chawal,24-03-2023,20:56:27,Completed,576
2174,7,19,Veg Burger,15-04-2023,10:31:15,Completed,211
2175,29,47,Chicken Biryani,10-06-2023,19:56:01,Completed,362
2176,19,13,Chicken Burger,17-02-2023,03:40:53,Completed,585
2177,19,34,Paneer Lababdar,04-08-2023,08:13:03,Completed,199
2178,8,37,Veg Biryani,25-04-2023,21:30:28,Completed,555
2179,3,47,Veg Burger,01-01-2024,14:33:05,Completed,309
2180,7,26,Butter Chicken,07-08-2023,14:32:23,Completed,334
2181,1,53,Masala Dosa,13-02-2023,10:42:14,Completed,566
2182,8,42,Pasta Alfredo,11-04-2023,07:22:39,Completed,234
2183,22,24,Pasta Alfredo,13-07-2023,16:01:52,Completed,159
2184,4,6,Paneer Butter Masala,14-12-2023,07:00:40,Completed,350
2185,25,13,Mutton Biryani,17-12-2023,23:46:37,Completed,426
2186,6,37,Paneer Lababdar,12-07-2023,14:21:59,Completed,248
2187,12,50,Chicken Burger,02-04-2023,14:36:37,Completed,584
2188,16,24,Samosa,27-12-2023,01:43:24,Completed,505
2189,24,15,Paneer Butter Masala,12-05-2023,02:21:48,Completed,200
2190,5,56,Chole Bhature,18-07-2023,11:28:41,Completed,293
2191,1,7,Butter Chicken,17-06-2023,19:19:31,Completed,159
2192,29,13,Veg Biryani,11-08-2023,18:11:42,Completed,230
2193,25,3,Chole Bhature,15-11-2023,21:59:09,Completed,506
2194,7,16,Chicken Biryani,25-04-2023,11:56:59,Completed,479
2195,29,36,Masala Dosa,04-11-2023,03:22:35,Completed,409
2196,26,42,Pasta Alfredo,15-03-2023,03:14:32,Completed,283
2197,17,21,Chicken Burger,25-01-2023,11:02:36,Completed,197
2198,30,15,Paneer Lababdar,20-05-2023,16:13:32,Completed,407
2199,11,1,Mutton Biryani,15-07-2023,11:16:09,Completed,245
2200,10,48,Veg Biryani,13-10-2023,22:40:21,Completed,447
2201,2,21,Masala Dosa,05-03-2023,07:58:07,Completed,490
2202,19,26,Masala Dosa,29-10-2023,01:50:29,Completed,543
2203,13,26,Samosa,10-01-2023,14:56:33,Completed,574
2204,17,28,Mutton Biryani,18-10-2023,22:00:10,Completed,435
2205,20,30,Egg Curry,10-05-2023,14:21:47,Completed,177
2206,19,37,Egg Curry,04-11-2023,08:35:36,Completed,156
2207,22,47,Veg Burger,19-08-2023,00:27:32,Completed,486
2208,32,38,Chicken Biryani,10-03-2023,06:55:43,Completed,367
2209,12,57,Veg Burger,29-06-2023,16:24:02,Completed,173
2210,23,14,Chicken Biryani,18-05-2023,22:28:38,Completed,168
2211,30,19,Rajma Chawal,14-03-2023,05:13:48,Completed,402
2212,21,29,Veg Biryani,16-07-2023,15:44:05,Completed,181
2213,15,59,Mutton Biryani,09-06-2023,17:09:23,Completed,296
2214,29,13,Paneer Butter Masala,23-03-2023,12:22:08,Completed,447
2215,27,48,Egg Curry,11-04-2023,08:54:20,Completed,502
2216,29,10,Chicken Biryani,18-11-2023,16:24:06,Completed,151
2217,20,10,Paneer Butter Masala,15-01-2023,01:10:44,Completed,234
2218,7,13,Pasta Alfredo,15-03-2023,07:27:51,Completed,317
2219,1,14,Veg Burger,17-07-2023,13:27:20,Completed,440
2220,23,40,Samosa,31-08-2023,17:51:00,Completed,457
2221,10,58,Chicken Biryani,15-02-2023,18:07:26,Completed,305
2222,1,2,Rajma Chawal,13-10-2023,00:42:27,Completed,489
2223,28,36,Prawn Masala,24-10-2023,12:08:54,Completed,205
2224,15,54,Pasta Alfredo,24-11-2023,07:48:45,Completed,559
2225,33,10,Paneer Lababdar,23-06-2023,20:55:47,Completed,444
2226,16,22,Butter Chicken,23-02-2023,02:56:03,Completed,527
2227,1,47,Chicken Biryani,04-01-2023,18:50:56,Completed,199
2228,19,11,Veg Biryani,18-08-2023,21:46:51,Completed,187
2229,12,9,Paneer Lababdar,13-06-2023,13:13:14,Completed,461
2230,1,4,Mutton Biryani,20-05-2023,14:01:19,Completed,493
2231,26,9,Paneer Lababdar,05-04-2023,12:06:21,Completed,516
2232,15,13,Chicken Burger,07-05-2023,08:55:10,Completed,494
2233,2,34,Samosa,03-09-2023,03:36:33,Completed,399
2234,18,6,Chicken Burger,18-04-2023,22:08:56,Completed,309
2235,29,55,Paneer Butter Masala,15-01-2023,19:38:26,Completed,538
2236,6,34,Rajma Chawal,29-12-2023,15:09:13,Completed,420
2237,12,47,Butter Chicken,06-03-2023,09:50:06,Completed,386
2238,15,24,Chicken Biryani,29-09-2023,23:40:57,Completed,242
2239,27,35,Veg Biryani,16-11-2023,16:42:50,Completed,582
2240,8,57,Chicken Burger,02-03-2023,04:05:51,Completed,275
2241,25,26,Chicken Biryani,23-12-2023,05:41:35,Completed,197
2242,20,37,Chole Bhature,30-12-2023,18:15:41,Completed,459
2243,2,33,Chicken Biryani,28-10-2023,04:11:46,Completed,507
2244,25,6,Veg Biryani,30-03-2023,03:15:54,Completed,378
2245,11,45,Chicken Burger,06-08-2023,21:52:54,Completed,178
2246,30,18,Paneer Lababdar,14-05-2023,18:52:35,Completed,364
2247,32,23,Prawn Masala,28-10-2023,23:23:38,Completed,204
2248,18,49,Chicken Biryani,08-02-2023,15:07:46,Completed,303
2249,7,3,Mutton Biryani,07-09-2023,12:28:30,Completed,542
2250,24,27,Masala Dosa,22-07-2023,09:24:04,Completed,434
2251,3,51,Egg Curry,26-03-2023,04:15:42,Completed,326
2252,12,5,Chicken Burger,01-05-2023,01:34:43,Completed,237
2253,26,33,Prawn Masala,02-09-2023,01:33:03,Completed,252
2254,20,56,Prawn Masala,11-01-2023,18:11:30,Completed,597
2255,16,60,Veg Biryani,16-11-2023,01:47:47,Completed,553
2256,25,59,Egg Curry,26-03-2023,16:55:46,Completed,367
2257,5,28,Chicken Burger,22-01-2023,11:54:29,Completed,388
2258,10,49,Pasta Alfredo,23-10-2023,13:10:07,Completed,392
2259,2,43,Paneer Lababdar,16-12-2023,22:36:43,Completed,377
2260,3,52,Butter Chicken,25-12-2023,18:26:53,Completed,443
2261,1,54,Egg Curry,02-09-2023,03:39:35,Completed,576
2262,7,40,Rajma Chawal,25-11-2023,20:55:31,Completed,461
2263,3,53,Mutton Biryani,08-11-2023,00:38:38,Completed,239
2264,1,56,Chicken Biryani,31-07-2023,16:40:25,Completed,300
2265,30,49,Prawn Masala,07-10-2023,12:18:19,Completed,271
2266,3,55,Paneer Butter Masala,10-09-2023,16:11:38,Completed,195
2267,31,4,Pasta Alfredo,21-11-2023,06:30:50,Completed,320
2268,23,54,Paneer Butter Masala,08-05-2023,00:41:41,Completed,405
2269,22,50,Chicken Biryani,16-07-2023,21:15:34,Completed,523
2270,2,3,Veg Biryani,01-10-2023,02:25:37,Completed,508
2271,21,19,Samosa,13-08-2023,23:20:19,Completed,517
2272,6,24,Chicken Burger,19-08-2023,16:04:15,Completed,156
2273,33,6,Butter Chicken,22-01-2023,02:32:59,Completed,356
2274,24,10,Prawn Masala,23-04-2023,17:18:21,Completed,372
2275,22,29,Pasta Alfredo,14-11-2023,18:40:41,Completed,351
2276,25,31,Veg Burger,13-12-2023,02:48:19,Completed,150
2277,6,16,Veg Burger,03-03-2023,20:37:58,Completed,439
2278,29,23,Chicken Burger,10-02-2023,14:26:17,Completed,466
2279,7,49,Chole Bhature,29-11-2023,05:53:32,Completed,313
2280,33,37,Veg Burger,25-03-2023,22:30:20,Completed,554
2281,25,12,Chole Bhature,26-11-2023,05:45:11,Completed,504
2282,1,42,Veg Biryani,17-08-2023,01:57:20,Completed,172
2283,4,9,Egg Curry,14-03-2023,19:51:17,Completed,376
2284,13,17,Chole Bhature,11-06-2023,21:21:04,Completed,488
2285,11,33,Mutton Biryani,30-09-2023,21:43:10,Completed,294
2286,30,54,Prawn Masala,06-02-2023,21:28:36,Completed,593
2287,20,32,Chole Bhature,25-06-2023,02:57:10,Completed,192
2288,15,60,Paneer Butter Masala,12-11-2023,16:59:13,Completed,413
2289,21,15,Masala Dosa,07-07-2023,05:28:27,Completed,505
2290,18,52,Rajma Chawal,11-05-2023,16:12:03,Completed,220
2291,13,3,Paneer Butter Masala,16-07-2023,17:04:58,Completed,272
2292,8,34,Veg Burger,10-07-2023,13:03:33,Completed,179
2293,13,38,Butter Chicken,16-11-2023,02:28:57,Completed,349
2294,15,24,Butter Chicken,02-05-2023,16:15:31,Completed,470
2295,23,14,Chole Bhature,02-12-2023,20:03:06,Completed,522
2296,2,37,Veg Biryani,09-10-2023,22:01:37,Completed,455
2297,33,2,Rajma Chawal,11-04-2023,02:34:20,Completed,255
2298,20,14,Paneer Lababdar,08-01-2023,04:18:07,Completed,223
2299,12,47,Prawn Masala,14-02-2023,09:38:58,Completed,306
2300,14,25,Chole Bhature,28-05-2023,02:31:38,Completed,153
2301,32,47,Rajma Chawal,28-05-2023,15:56:42,Completed,591
2302,18,35,Egg Curry,11-03-2023,01:56:21,Completed,507
2303,14,25,Veg Burger,28-06-2023,18:23:04,Completed,235
2304,29,22,Egg Curry,15-10-2023,02:24:38,Completed,266
2305,6,58,Chole Bhature,05-05-2023,07:32:56,Completed,422
2306,12,60,Masala Dosa,08-02-2023,19:09:51,Completed,562
2307,15,56,Paneer Lababdar,02-03-2023,01:40:50,Completed,495
2308,23,2,Samosa,06-02-2023,08:47:34,Completed,532
2309,33,51,Butter Chicken,21-01-2023,14:51:49,Completed,385
2310,18,41,Paneer Lababdar,03-09-2023,14:45:41,Completed,365
2311,4,9,Pasta Alfredo,17-05-2023,10:43:44,Completed,340
2312,11,29,Masala Dosa,29-01-2023,20:37:24,Completed,211
2313,8,34,Mutton Biryani,26-08-2023,02:06:33,Completed,599
2314,11,14,Veg Burger,07-02-2023,17:06:51,Completed,196
2315,12,16,Mutton Biryani,09-02-2023,21:24:10,Completed,300
2316,14,49,Paneer Butter Masala,11-08-2023,00:00:47,Completed,211
2317,21,17,Paneer Lababdar,07-08-2023,13:19:08,Completed,164
2318,29,50,Samosa,10-01-2023,05:28:17,Completed,410
2319,32,25,Paneer Butter Masala,22-05-2023,07:30:51,Completed,532
2320,29,38,Prawn Masala,11-01-2023,14:16:27,Completed,375
2321,21,21,Egg Curry,10-11-2023,10:57:33,Completed,385
2322,12,16,Chole Bhature,03-05-2023,08:15:12,Completed,199
2323,13,53,Samosa,06-07-2023,05:42:18,Completed,175
2324,12,49,Egg Curry,07-04-2023,14:06:14,Completed,208
2325,22,55,Prawn Masala,25-06-2023,20:15:29,Completed,489
2326,7,38,Veg Biryani,28-06-2023,03:56:52,Completed,515
2327,21,8,Paneer Lababdar,12-12-2023,03:13:54,Completed,505
2328,21,49,Samosa,14-05-2023,14:46:30,Completed,532
2329,22,51,Butter Chicken,05-01-2023,04:17:19,Completed,458
2330,15,19,Paneer Lababdar,17-06-2023,19:22:56,Completed,283
2331,2,14,Pasta Alfredo,09-04-2023,01:38:47,Completed,151
2332,31,18,Paneer Lababdar,27-08-2023,09:51:33,Completed,390
2333,18,25,Samosa,15-01-2023,22:28:58,Completed,463
2334,2,59,Egg Curry,22-07-2023,10:11:11,Completed,289
2335,1,15,Samosa,04-12-2023,10:19:40,Completed,230
2336,6,27,Chole Bhature,13-08-2023,01:27:55,Completed,579
2337,13,55,Samosa,03-01-2023,01:37:51,Completed,298
2338,8,46,Veg Biryani,22-03-2023,04:47:26,Completed,261
2339,3,53,Veg Burger,08-05-2023,07:05:43,Completed,334
2340,13,31,Egg Curry,06-12-2023,14:15:53,Completed,320
2341,5,38,Egg Curry,16-01-2023,20:51:24,Completed,207
2342,8,17,Veg Burger,01-03-2023,22:04:30,Completed,566
2343,19,34,Rajma Chawal,29-07-2023,01:04:43,Completed,436
2344,30,11,Paneer Butter Masala,27-06-2023,21:43:26,Completed,278
2345,8,4,Chole Bhature,29-09-2023,17:42:36,Completed,368
2346,9,20,Paneer Butter Masala,17-04-2023,22:21:24,Completed,493
2347,8,48,Chole Bhature,24-04-2023,14:38:27,Completed,474
2348,4,16,Butter Chicken,22-10-2023,00:23:19,Completed,294
2349,17,57,Veg Burger,25-03-2023,03:18:53,Completed,293
2350,26,42,Butter Chicken,20-11-2023,14:38:42,Completed,402
2351,20,48,Paneer Lababdar,17-04-2023,16:49:35,Completed,258
2352,23,20,Egg Curry,09-09-2023,09:31:03,Completed,285
2353,33,44,Egg Curry,24-12-2023,17:35:10,Completed,263
2354,24,1,Chicken Biryani,30-12-2023,13:40:13,Completed,398
2355,24,6,Mutton Biryani,14-02-2023,13:37:28,Completed,252
2356,7,19,Paneer Butter Masala,27-04-2023,08:30:54,Completed,502
2357,17,15,Prawn Masala,17-11-2023,07:59:18,Completed,527
2358,1,55,Paneer Butter Masala,06-09-2023,13:10:00,Completed,299
2359,10,36,Chole Bhature,03-10-2023,19:26:14,Completed,215
2360,2,9,Paneer Lababdar,17-06-2023,10:04:37,Completed,595
2361,33,34,Chicken Burger,14-03-2023,06:53:08,Completed,247
2362,15,36,Chicken Burger,30-11-2023,20:00:22,Completed,599
2363,2,51,Veg Biryani,22-11-2023,02:59:17,Completed,394
2364,6,47,Paneer Butter Masala,16-08-2023,08:08:46,Completed,283
2365,1,35,Veg Burger,07-08-2023,16:01:07,Completed,592
2366,13,39,Veg Burger,03-11-2023,04:27:06,Completed,274
2367,30,34,Mutton Biryani,23-06-2023,14:54:49,Completed,403
2368,20,32,Pasta Alfredo,13-01-2023,04:40:54,Completed,450
2369,22,41,Rajma Chawal,13-07-2023,23:11:42,Completed,158
2370,17,51,Mutton Biryani,23-04-2023,14:40:48,Completed,258
2371,1,3,Samosa,18-07-2023,23:05:29,Completed,287
2372,3,28,Veg Burger,25-04-2023,16:04:21,Completed,334
2373,29,39,Rajma Chawal,02-04-2023,12:55:52,Completed,502
2374,32,33,Paneer Butter Masala,17-01-2023,11:53:16,Completed,305
2375,16,26,Veg Burger,13-06-2023,20:10:41,Completed,214
2376,15,35,Rajma Chawal,21-10-2023,04:22:19,Completed,269
2377,21,6,Masala Dosa,26-03-2023,16:38:19,Completed,404
2378,6,10,Pasta Alfredo,03-06-2023,04:58:04,Completed,480
2379,6,13,Pasta Alfredo,18-07-2023,15:43:10,Completed,555
2380,24,23,Chole Bhature,09-11-2023,19:06:43,Completed,600
2381,21,30,Rajma Chawal,19-06-2023,19:41:36,Completed,293
2382,26,24,Paneer Butter Masala,22-04-2023,19:22:38,Completed,437
2383,23,56,Butter Chicken,20-03-2023,11:26:18,Completed,566
2384,32,1,Masala Dosa,25-11-2023,15:51:21,Completed,564
2385,30,60,Masala Dosa,11-09-2023,22:52:30,Completed,546
2386,16,1,Veg Burger,19-03-2023,23:53:16,Completed,155
2387,11,8,Butter Chicken,26-09-2023,03:51:34,Completed,465
2388,13,49,Paneer Lababdar,07-08-2023,10:02:49,Completed,211
2389,27,48,Pasta Alfredo,11-06-2023,11:51:51,Completed,177
2390,2,29,Egg Curry,09-04-2023,05:32:43,Completed,323
2391,26,17,Chicken Biryani,14-07-2023,08:32:41,Completed,270
2392,16,12,Masala Dosa,19-01-2023,14:51:12,Completed,292
2393,4,15,Samosa,12-10-2023,12:14:35,Completed,268
2394,27,22,Pasta Alfredo,02-08-2023,03:34:27,Completed,443
2395,16,19,Chicken Biryani,08-11-2023,01:12:29,Completed,214
2396,9,28,Chicken Burger,23-08-2023,07:10:47,Completed,475
2397,4,48,Chicken Burger,09-10-2023,20:00:12,Completed,336
2398,11,60,Paneer Lababdar,21-12-2023,03:26:22,Completed,331
2399,4,40,Masala Dosa,01-06-2023,22:49:50,Completed,259
2400,11,26,Egg Curry,18-07-2023,01:42:28,Completed,468
2401,30,40,Chicken Biryani,24-03-2023,18:59:18,Completed,182
2402,21,15,Masala Dosa,20-08-2023,22:52:06,Completed,243
2403,27,38,Chicken Burger,12-08-2023,19:05:56,Completed,364
2404,13,50,Paneer Lababdar,19-06-2023,17:52:30,Completed,172
2405,2,38,Rajma Chawal,27-05-2023,09:02:37,Completed,248
2406,9,12,Veg Burger,19-02-2023,01:30:21,Completed,173
2407,4,38,Butter Chicken,31-10-2023,16:10:09,Completed,582
2408,12,59,Chicken Burger,11-02-2023,08:38:30,Completed,336
2409,19,10,Prawn Masala,10-10-2023,11:59:21,Completed,396
2410,18,29,Mutton Biryani,21-09-2023,13:41:39,Completed,283
2411,6,23,Paneer Butter Masala,22-05-2023,15:04:40,Completed,588
2412,17,24,Paneer Lababdar,19-01-2023,12:40:01,Completed,309
2413,22,53,Veg Biryani,13-06-2023,00:45:02,Completed,431
2414,21,12,Chicken Burger,05-08-2023,04:18:05,Completed,305
2415,33,45,Paneer Lababdar,30-10-2023,02:46:59,Completed,249
2416,22,39,Prawn Masala,12-05-2023,15:39:19,Completed,492
2417,22,27,Veg Burger,28-09-2023,10:00:37,Completed,222
2418,20,37,Samosa,21-07-2023,05:00:50,Completed,317
2419,25,6,Rajma Chawal,23-12-2023,15:55:41,Completed,588
2420,5,47,Chicken Biryani,27-04-2023,19:35:33,Completed,579
2421,27,53,Veg Burger,07-01-2023,17:30:31,Completed,364
2422,28,41,Rajma Chawal,14-06-2023,03:05:59,Completed,419
2423,26,55,Butter Chicken,22-11-2023,15:10:06,Completed,561
2424,26,57,Veg Burger,31-07-2023,02:16:14,Completed,402
2425,26,21,Rajma Chawal,03-02-2023,21:25:21,Completed,340
2426,13,26,Samosa,02-09-2023,23:07:50,Completed,564
2427,25,18,Rajma Chawal,20-11-2023,14:26:39,Completed,391
2428,5,51,Egg Curry,09-12-2023,00:09:01,Completed,442
2429,30,47,Veg Burger,24-12-2023,00:45:46,Completed,497
2430,12,42,Butter Chicken,10-01-2023,15:14:27,Completed,547
2431,29,16,Pasta Alfredo,14-10-2023,05:16:18,Completed,561
2432,4,24,Samosa,23-09-2023,14:20:51,Completed,545
2433,20,45,Chicken Biryani,09-03-2023,12:23:38,Completed,158
2434,31,1,Samosa,10-04-2023,06:51:45,Completed,325
2435,24,32,Mutton Biryani,09-08-2023,08:14:02,Completed,216
2436,9,24,Butter Chicken,20-12-2023,23:38:50,Completed,181
2437,20,43,Chicken Biryani,14-10-2023,14:00:26,Completed,403
2438,33,49,Prawn Masala,02-11-2023,00:53:34,Completed,348
2439,29,25,Samosa,22-03-2023,14:37:45,Completed,597
2440,20,18,Veg Burger,13-03-2023,17:55:55,Completed,555
2441,32,36,Prawn Masala,09-10-2023,20:07:39,Completed,351
2442,33,37,Chicken Burger,26-11-2023,05:54:14,Completed,522
2443,14,37,Mutton Biryani,01-01-2024,20:09:42,Completed,290
2444,28,18,Prawn Masala,16-02-2023,19:06:56,Completed,288
2445,6,17,Paneer Butter Masala,23-06-2023,07:07:23,Completed,237
2446,21,44,Egg Curry,09-10-2023,14:18:11,Completed,324
2447,7,47,Rajma Chawal,05-03-2023,12:48:21,Completed,487
2448,14,15,Egg Curry,31-08-2023,11:58:38,Completed,573
2449,10,50,Butter Chicken,12-02-2023,02:06:56,Completed,401
2450,14,13,Samosa,12-11-2023,23:42:32,Completed,208
2451,31,3,Prawn Masala,05-11-2023,23:45:13,Completed,327
2452,5,39,Chole Bhature,19-01-2023,16:29:58,Completed,377
2453,25,36,Butter Chicken,05-08-2023,17:46:49,Completed,369
2454,24,10,Veg Burger,05-02-2023,05:36:33,Completed,431
2455,16,37,Chicken Burger,27-05-2023,05:52:12,Completed,369
2456,27,56,Butter Chicken,21-11-2023,14:52:43,Completed,347
2457,10,50,Paneer Butter Masala,05-12-2023,17:57:14,Completed,252
2458,24,42,Butter Chicken,04-09-2023,02:36:35,Completed,486
2459,18,1,Veg Biryani,16-06-2023,10:51:23,Completed,369
2460,18,19,Egg Curry,09-03-2023,15:16:50,Completed,210
2461,3,4,Samosa,13-05-2023,16:51:28,Completed,550
2462,32,39,Chicken Burger,10-10-2023,07:27:39,Completed,526
2463,33,12,Chicken Burger,03-12-2023,09:16:52,Completed,308
2464,21,5,Samosa,20-01-2023,21:52:31,Completed,465
2465,20,55,Butter Chicken,10-09-2023,12:52:20,Completed,159
2466,5,36,Butter Chicken,15-09-2023,04:13:29,Completed,539
2467,14,36,Chicken Burger,04-07-2023,03:29:59,Completed,409
2468,3,52,Chole Bhature,16-01-2023,02:33:48,Completed,567
2469,10,7,Mutton Biryani,25-05-2023,10:39:24,Completed,272
2470,5,57,Chole Bhature,23-05-2023,18:54:41,Completed,289
2471,22,33,Rajma Chawal,17-07-2023,17:12:52,Completed,408
2472,7,54,Egg Curry,29-11-2023,11:56:31,Completed,207
2473,26,48,Mutton Biryani,29-11-2023,02:41:36,Completed,530
2474,6,9,Chicken Burger,26-09-2023,11:50:00,Completed,479
2475,32,27,Chole Bhature,02-05-2023,08:57:02,Completed,196
2476,33,6,Rajma Chawal,28-10-2023,11:46:59,Completed,294
2477,4,35,Chicken Biryani,06-04-2023,22:40:42,Completed,396
2478,28,55,Butter Chicken,17-12-2023,13:47:09,Completed,496
2479,22,26,Chicken Biryani,30-06-2023,06:03:59,Completed,324
2480,15,53,Chicken Burger,30-05-2023,01:59:06,Completed,177
2481,4,44,Prawn Masala,09-01-2023,00:30:50,Completed,217
2482,8,51,Chicken Biryani,23-05-2023,07:10:27,Completed,534
2483,19,43,Paneer Butter Masala,20-08-2023,19:03:12,Completed,349
2484,1,46,Paneer Butter Masala,12-07-2023,07:21:16,Completed,230
2485,13,6,Chicken Biryani,24-02-2023,00:02:52,Completed,420
2486,19,34,Rajma Chawal,20-03-2023,11:09:44,Completed,378
2487,30,44,Veg Biryani,22-02-2023,07:20:12,Completed,557
2488,7,34,Veg Burger,05-02-2023,21:41:12,Completed,324
2489,27,54,Pasta Alfredo,21-12-2023,13:27:11,Completed,334
2490,13,30,Veg Biryani,31-10-2023,06:43:06,Completed,546
2491,3,34,Chicken Burger,09-10-2023,11:47:25,Completed,214
2492,19,39,Paneer Butter Masala,22-06-2023,23:25:20,Completed,304
2493,1,24,Paneer Lababdar,25-01-2023,17:52:08,Completed,316
2494,21,36,Veg Biryani,21-11-2023,19:26:28,Completed,376
2495,13,4,Veg Burger,17-11-2023,10:07:30,Completed,272
2496,24,59,Chole Bhature,07-02-2023,19:42:12,Completed,315
2497,11,10,Paneer Butter Masala,09-03-2023,05:14:19,Completed,521
2498,24,4,Veg Biryani,25-03-2023,01:20:00,Completed,578
2499,18,3,Paneer Butter Masala,11-08-2023,10:37:24,Completed,450
2500,30,44,Butter Chicken,22-12-2023,04:05:04,Completed,381
2501,5,43,Masala Dosa,05-07-2023,08:44:17,Completed,299
2502,2,56,Mutton Biryani,05-01-2023,04:20:58,Completed,158
2503,11,59,Samosa,15-01-2023,16:26:13,Completed,265
2504,25,48,Masala Dosa,22-12-2023,07:43:23,Completed,569
2505,11,31,Chicken Burger,04-01-2023,23:47:53,Completed,249
2506,20,52,Veg Burger,11-09-2023,18:28:08,Completed,318
2507,28,13,Chicken Biryani,03-08-2023,09:13:41,Completed,393
2508,17,57,Egg Curry,25-08-2023,13:26:27,Completed,202
2509,4,44,Veg Biryani,08-12-2023,11:42:16,Completed,252
2510,19,12,Masala Dosa,17-03-2023,08:06:16,Completed,218
2511,12,42,Prawn Masala,05-08-2023,16:20:09,Completed,325
2512,7,56,Paneer Butter Masala,04-03-2023,01:41:41,Completed,255
2513,13,55,Egg Curry,04-11-2023,14:28:26,Completed,341
2514,15,12,Pasta Alfredo,17-03-2023,21:17:31,Completed,312
2515,33,28,Prawn Masala,26-11-2023,10:06:38,Completed,378
2516,21,27,Egg Curry,16-11-2023,15:51:19,Completed,379
2517,33,33,Paneer Lababdar,02-05-2023,03:52:04,Completed,473
2518,17,34,Pasta Alfredo,17-08-2023,02:54:44,Completed,196
2519,28,32,Chicken Biryani,13-08-2023,20:27:36,Completed,390
2520,21,43,Pasta Alfredo,28-05-2023,16:25:40,Completed,298
2521,24,43,Veg Burger,14-02-2023,20:13:29,Completed,366
2522,5,50,Chicken Biryani,28-12-2023,13:49:46,Completed,180
2523,4,55,Veg Burger,04-11-2023,06:10:32,Completed,354
2524,19,11,Veg Burger,28-07-2023,08:35:46,Completed,482
2525,27,22,Paneer Lababdar,24-07-2023,02:25:41,Completed,583
2526,6,6,Butter Chicken,14-08-2023,18:23:04,Completed,285
2527,23,46,Paneer Butter Masala,17-05-2023,02:20:29,Completed,171
2528,29,54,Paneer Butter Masala,30-12-2023,12:19:29,Completed,151
2529,22,45,Veg Biryani,07-10-2023,10:35:46,Completed,507
2530,19,1,Chicken Biryani,03-06-2023,16:57:29,Completed,515
2531,10,54,Veg Burger,12-03-2023,06:48:19,Completed,389
2532,17,36,Butter Chicken,12-05-2023,14:19:27,Completed,176
2533,19,53,Samosa,10-12-2023,06:54:59,Completed,573
2534,17,47,Chole Bhature,18-11-2023,06:55:01,Completed,186
2535,9,49,Masala Dosa,20-07-2023,05:55:26,Completed,391
2536,31,19,Chicken Burger,30-05-2023,08:27:40,Completed,515
2537,25,46,Egg Curry,13-11-2023,23:29:37,Completed,281
2538,22,7,Paneer Butter Masala,12-08-2023,22:40:03,Completed,538
2539,25,40,Paneer Butter Masala,01-01-2024,15:09:44,Completed,339
2540,29,48,Masala Dosa,05-12-2023,05:58:29,Completed,287
2541,4,9,Samosa,22-05-2023,05:59:36,Completed,572
2542,23,11,Pasta Alfredo,09-08-2023,09:41:13,Completed,588
2543,28,24,Rajma Chawal,05-01-2023,17:28:21,Completed,569
2544,15,46,Masala Dosa,02-03-2023,14:46:56,Completed,282
2545,25,12,Paneer Butter Masala,19-12-2023,15:35:37,Completed,258
2546,9,53,Veg Burger,13-04-2023,06:40:51,Completed,528
2547,10,20,Masala Dosa,14-03-2023,14:15:36,Completed,536
2548,1,43,Chicken Biryani,17-02-2023,10:54:55,Completed,592
2549,29,9,Paneer Butter Masala,02-10-2023,13:44:57,Completed,350
2550,10,1,Pasta Alfredo,12-04-2023,17:00:54,Completed,336
2551,25,27,Veg Biryani,13-08-2023,13:28:17,Completed,223
2552,3,56,Butter Chicken,05-11-2023,14:03:16,Completed,238
2553,5,49,Paneer Butter Masala,12-10-2023,19:53:14,Completed,216
2554,18,38,Egg Curry,04-02-2023,13:50:50,Completed,447
2555,9,7,Paneer Butter Masala,28-03-2023,19:32:07,Completed,575
2556,6,30,Chicken Burger,01-06-2023,08:02:29,Completed,453
2557,30,21,Butter Chicken,12-12-2023,01:27:23,Completed,490
2558,6,4,Chicken Burger,03-02-2023,10:39:08,Completed,295
2559,19,21,Veg Biryani,10-04-2023,01:48:59,Completed,207
2560,3,11,Rajma Chawal,06-01-2023,18:07:06,Completed,388
2561,5,54,Butter Chicken,21-09-2023,06:19:01,Completed,292
2562,9,60,Veg Biryani,09-12-2023,08:27:13,Completed,191
2563,33,12,Butter Chicken,25-07-2023,09:34:26,Completed,575
2564,32,13,Paneer Lababdar,02-10-2023,01:07:49,Completed,514
2565,18,35,Paneer Butter Masala,13-02-2023,01:46:53,Completed,186
2566,15,18,Prawn Masala,24-01-2023,23:09:12,Completed,170
2567,15,6,Butter Chicken,19-11-2023,04:04:14,Completed,250
2568,30,28,Prawn Masala,26-09-2023,17:58:34,Completed,517
2569,21,51,Paneer Butter Masala,23-09-2023,13:37:09,Completed,321
2570,7,6,Masala Dosa,28-03-2023,04:49:05,Completed,497
2571,11,26,Masala Dosa,03-06-2023,04:53:29,Completed,205
2572,11,5,Veg Burger,20-06-2023,01:12:39,Completed,343
2573,30,42,Veg Biryani,02-10-2023,01:02:24,Completed,566
2574,5,13,Butter Chicken,19-08-2023,03:30:52,Completed,419
2575,5,49,Veg Burger,14-12-2023,19:50:19,Completed,297
2576,19,27,Mutton Biryani,23-04-2023,16:49:20,Completed,206
2577,8,52,Veg Biryani,16-08-2023,12:27:58,Completed,421
2578,16,27,Egg Curry,30-07-2023,23:26:14,Completed,325
2579,18,20,Chole Bhature,25-04-2023,11:47:29,Completed,331
2580,12,57,Prawn Masala,29-11-2023,09:50:21,Completed,411
2581,16,12,Samosa,05-07-2023,19:55:38,Completed,327
2582,24,2,Prawn Masala,13-01-2023,14:44:20,Completed,176
2583,1,42,Pasta Alfredo,12-02-2023,18:20:25,Completed,375
2584,24,53,Rajma Chawal,06-07-2023,08:07:50,Completed,349
2585,26,8,Chole Bhature,12-09-2023,02:40:34,Completed,368
2586,13,42,Chicken Burger,03-05-2023,11:55:31,Completed,162
2587,21,56,Egg Curry,08-09-2023,01:59:33,Completed,394
2588,13,26,Rajma Chawal,07-07-2023,21:47:25,Completed,282
2589,3,2,Chole Bhature,20-02-2023,03:31:49,Completed,264
2590,31,13,Butter Chicken,31-03-2023,05:26:16,Completed,491
2591,5,47,Chicken Burger,10-07-2023,00:29:02,Completed,576
2592,16,1,Chicken Burger,11-05-2023,08:37:58,Completed,555
2593,4,58,Mutton Biryani,07-11-2023,11:15:11,Completed,497
2594,4,27,Prawn Masala,26-07-2023,19:59:44,Completed,492
2595,14,11,Egg Curry,30-07-2023,01:23:55,Completed,195
2596,11,21,Egg Curry,11-05-2023,05:34:31,Completed,239
2597,2,25,Prawn Masala,19-01-2023,16:00:50,Completed,516
2598,3,4,Egg Curry,09-07-2023,04:47:22,Completed,476
2599,25,29,Pasta Alfredo,27-11-2023,21:09:22,Completed,376
2600,15,48,Mutton Biryani,08-04-2023,03:22:12,Completed,422
2601,30,55,Masala Dosa,15-12-2023,19:38:51,Completed,547
2602,22,40,Chicken Biryani,03-10-2023,08:31:10,Completed,403
2603,18,15,Veg Biryani,23-03-2023,04:55:11,Completed,554
2604,9,9,Chicken Biryani,28-09-2023,06:27:02,Completed,262
2605,9,32,Chicken Burger,19-01-2023,22:29:32,Completed,525
2606,21,30,Masala Dosa,20-10-2023,13:49:05,Completed,243
2607,13,34,Samosa,07-07-2023,19:50:11,Completed,383
2608,15,5,Prawn Masala,01-01-2023,13:06:54,Completed,504
2609,26,42,Mutton Biryani,23-10-2023,10:17:23,Completed,243
2610,15,48,Veg Biryani,19-02-2023,23:59:01,Completed,306
2611,1,10,Chicken Biryani,02-02-2023,03:49:25,Completed,398
2612,22,34,Masala Dosa,19-06-2023,01:30:20,Completed,319
2613,23,5,Butter Chicken,03-04-2023,15:47:45,Completed,477
2614,2,57,Mutton Biryani,07-04-2023,09:57:09,Completed,260
2615,5,10,Masala Dosa,21-09-2023,21:52:39,Completed,428
2616,20,49,Veg Biryani,09-06-2023,06:31:37,Completed,567
2617,17,32,Rajma Chawal,03-06-2023,14:41:45,Completed,412
2618,12,15,Pasta Alfredo,12-05-2023,20:02:08,Completed,543
2619,18,12,Veg Burger,25-11-2023,22:45:18,Completed,246
2620,20,41,Egg Curry,03-12-2023,12:35:51,Completed,474
2621,7,42,Egg Curry,11-04-2023,03:05:12,Completed,453
2622,20,18,Paneer Lababdar,03-08-2023,10:58:25,Completed,180
2623,10,9,Paneer Butter Masala,18-09-2023,00:19:34,Completed,411
2624,16,52,Samosa,07-12-2023,07:09:58,Completed,476
2625,19,40,Veg Biryani,18-03-2023,20:48:29,Completed,355
2626,27,34,Chicken Biryani,18-11-2023,08:55:15,Completed,301
2627,23,28,Prawn Masala,04-04-2023,07:37:29,Completed,206
2628,27,59,Egg Curry,05-08-2023,05:07:33,Completed,473
2629,16,8,Pasta Alfredo,24-12-2023,00:47:37,Completed,550
2630,24,14,Samosa,12-09-2023,00:24:11,Completed,379
2631,19,18,Mutton Biryani,09-07-2023,20:02:32,Completed,271
2632,32,43,Rajma Chawal,28-12-2023,02:59:27,Completed,300
2633,6,40,Paneer Lababdar,06-12-2023,03:05:13,Completed,393
2634,11,37,Egg Curry,02-12-2023,10:17:11,Completed,485
2635,16,19,Prawn Masala,08-12-2023,15:52:08,Completed,575
2636,11,14,Samosa,17-03-2023,14:43:54,Completed,446
2637,15,56,Chole Bhature,09-05-2023,12:35:47,Completed,466
2638,25,28,Chicken Biryani,30-11-2023,20:38:16,Completed,385
2639,12,16,Chole Bhature,07-12-2023,08:14:16,Completed,510
2640,32,19,Veg Biryani,01-02-2023,23:34:54,Completed,430
2641,8,20,Veg Biryani,17-10-2023,02:57:34,Completed,473
2642,28,20,Chicken Burger,15-04-2023,15:03:16,Completed,443
2643,2,13,Samosa,26-03-2023,11:37:28,Completed,320
2644,4,32,Rajma Chawal,19-01-2023,13:09:56,Completed,208
2645,28,37,Egg Curry,01-02-2023,11:19:34,Completed,450
2646,3,40,Butter Chicken,03-07-2023,14:13:24,Completed,472
2647,9,20,Pasta Alfredo,24-07-2023,06:30:32,Completed,250
2648,6,24,Mutton Biryani,07-09-2023,07:45:37,Completed,400
2649,19,24,Chicken Burger,22-12-2023,10:12:59,Completed,488
2650,31,24,Paneer Butter Masala,23-05-2023,17:42:09,Completed,480
2651,12,33,Masala Dosa,13-06-2023,12:35:17,Completed,290
2652,13,40,Veg Burger,25-08-2023,12:52:49,Completed,216
2653,17,52,Veg Biryani,24-05-2023,18:46:59,Completed,216
2654,6,28,Paneer Lababdar,17-12-2023,03:28:14,Completed,535
2655,7,53,Butter Chicken,10-04-2023,16:32:41,Completed,237
2656,20,32,Masala Dosa,11-08-2023,18:00:31,Completed,153
2657,29,12,Masala Dosa,29-10-2023,17:20:25,Completed,301
2658,31,16,Paneer Lababdar,15-03-2023,04:09:51,Completed,226
2659,17,58,Butter Chicken,04-01-2023,20:38:29,Completed,513
2660,11,36,Samosa,08-07-2023,10:45:05,Completed,596
2661,23,51,Mutton Biryani,30-11-2023,02:13:57,Completed,156
2662,29,53,Butter Chicken,04-04-2023,13:58:10,Completed,456
2663,31,42,Chole Bhature,04-07-2023,21:13:19,Completed,328
2664,21,16,Veg Biryani,09-10-2023,06:02:34,Completed,189
2665,23,52,Masala Dosa,17-05-2023,18:53:59,Completed,320
2666,20,36,Chicken Burger,05-07-2023,04:28:24,Completed,533
2667,11,13,Butter Chicken,04-06-2023,12:04:02,Completed,229
2668,27,44,Samosa,29-10-2023,06:06:44,Completed,435
2669,29,29,Veg Biryani,21-10-2023,17:35:11,Completed,550
2670,22,2,Veg Biryani,22-06-2023,06:22:12,Completed,481
2671,11,29,Samosa,07-05-2023,07:35:20,Completed,515
2672,22,24,Pasta Alfredo,07-05-2023,02:41:52,Completed,285
2673,17,38,Samosa,21-10-2023,09:26:22,Completed,159
2674,33,57,Veg Burger,07-11-2023,00:03:45,Completed,312
2675,26,45,Pasta Alfredo,17-05-2023,20:42:33,Completed,453
2676,2,55,Chole Bhature,06-04-2023,02:49:54,Completed,493
2677,2,10,Rajma Chawal,01-05-2023,18:47:43,Completed,225
2678,30,39,Chole Bhature,14-10-2023,23:22:12,Completed,195
2679,11,52,Chole Bhature,01-09-2023,09:41:49,Completed,365
2680,32,12,Chicken Biryani,01-02-2023,13:38:27,Completed,510
2681,8,58,Paneer Lababdar,01-07-2023,05:03:40,Completed,151
2682,17,37,Masala Dosa,06-08-2023,23:54:20,Completed,184
2683,22,22,Pasta Alfredo,13-07-2023,15:56:39,Completed,374
2684,22,41,Mutton Biryani,17-01-2023,23:28:57,Completed,254
2685,3,31,Egg Curry,15-04-2023,07:27:45,Completed,360
2686,29,40,Veg Biryani,06-10-2023,09:59:23,Completed,376
2687,12,55,Veg Biryani,02-11-2023,01:07:23,Completed,561
2688,19,30,Rajma Chawal,15-04-2023,13:50:41,Completed,502
2689,27,24,Butter Chicken,24-09-2023,16:19:41,Completed,259
2690,5,29,Veg Burger,04-04-2023,11:04:36,Completed,227
2691,5,3,Veg Biryani,05-04-2023,16:34:19,Completed,246
2692,2,58,Chole Bhature,03-05-2023,05:13:40,Completed,532
2693,2,28,Masala Dosa,09-07-2023,09:23:20,Completed,325
2694,4,6,Chole Bhature,02-08-2023,13:19:21,Completed,165
2695,7,58,Masala Dosa,07-08-2023,09:41:45,Completed,434
2696,21,27,Pasta Alfredo,24-04-2023,16:00:08,Completed,290
2697,12,15,Paneer Butter Masala,02-05-2023,13:52:56,Completed,566
2698,1,44,Pasta Alfredo,13-06-2023,11:52:19,Completed,216
2699,4,49,Chicken Burger,16-06-2023,12:44:54,Completed,279
2700,7,36,Chicken Burger,21-10-2023,16:03:22,Completed,321
2701,22,26,Paneer Butter Masala,10-08-2023,15:04:15,Completed,599
2702,20,8,Prawn Masala,02-04-2023,23:33:19,Completed,253
2703,4,26,Prawn Masala,18-10-2023,05:52:53,Completed,284
2704,20,53,Pasta Alfredo,09-09-2023,08:14:24,Completed,443
2705,20,49,Chicken Burger,28-05-2023,03:26:07,Completed,258
2706,33,9,Paneer Butter Masala,11-03-2023,12:30:46,Completed,462
2707,16,28,Rajma Chawal,11-06-2023,06:28:51,Completed,533
2708,5,25,Veg Burger,27-01-2023,04:44:53,Completed,262
2709,12,60,Samosa,04-08-2023,14:27:28,Completed,375
2710,23,11,Veg Biryani,06-04-2023,11:51:19,Completed,383
2711,21,52,Rajma Chawal,24-07-2023,08:16:41,Completed,396
2712,4,19,Mutton Biryani,21-01-2023,09:49:33,Completed,431
2713,17,16,Chicken Burger,03-08-2023,02:37:53,Completed,409
2714,29,29,Veg Biryani,01-01-2023,08:07:42,Completed,566
2715,33,30,Chole Bhature,13-12-2023,23:29:10,Completed,213
2716,11,42,Chicken Biryani,28-08-2023,20:06:54,Completed,215
2717,32,33,Samosa,02-08-2023,11:39:34,Completed,442
2718,5,3,Chicken Burger,16-04-2023,18:38:59,Completed,285
2719,27,39,Chicken Biryani,17-09-2023,02:09:51,Completed,306
2720,33,42,Samosa,11-08-2023,05:47:51,Completed,246
2721,33,34,Butter Chicken,10-02-2023,21:32:08,Completed,169
2722,24,24,Veg Biryani,19-08-2023,04:27:46,Completed,183
2723,31,35,Veg Burger,26-09-2023,01:00:07,Completed,263
2724,15,46,Samosa,22-12-2023,08:32:27,Completed,229
2725,26,5,Veg Biryani,28-06-2023,10:05:13,Completed,391
2726,33,44,Chicken Biryani,19-01-2023,20:40:17,Completed,477
2727,33,3,Paneer Butter Masala,10-04-2023,04:23:36,Completed,301
2728,18,59,Egg Curry,19-10-2023,21:37:56,Completed,592
2729,5,31,Paneer Lababdar,26-06-2023,05:20:11,Completed,441
2730,12,47,Mutton Biryani,07-04-2023,17:21:38,Completed,369
2731,11,57,Chole Bhature,30-11-2023,09:10:17,Completed,179
2732,23,27,Paneer Butter Masala,21-11-2023,07:53:27,Completed,489
2733,29,6,Samosa,01-07-2023,17:06:33,Completed,413
2734,11,4,Paneer Butter Masala,15-10-2023,11:40:47,Completed,205
2735,24,54,Prawn Masala,19-06-2023,10:13:38,Completed,286
2736,31,54,Rajma Chawal,20-12-2023,02:50:00,Completed,405
2737,14,58,Butter Chicken,16-02-2023,07:29:06,Completed,418
2738,2,53,Chicken Biryani,11-10-2023,21:35:55,Completed,524
2739,4,42,Paneer Butter Masala,08-04-2023,09:14:59,Completed,451
2740,31,25,Prawn Masala,13-08-2023,18:14:45,Completed,333
2741,30,31,Paneer Butter Masala,10-02-2023,17:38:51,Completed,248
2742,17,56,Samosa,22-03-2023,07:50:35,Completed,162
2743,22,51,Samosa,10-03-2023,01:00:58,Completed,319
2744,7,12,Chole Bhature,04-06-2023,04:58:10,Completed,579
2745,15,18,Samosa,10-06-2023,23:31:23,Completed,161
2746,28,35,Egg Curry,10-09-2023,10:10:26,Completed,533
2747,27,19,Mutton Biryani,25-11-2023,21:36:36,Completed,367
2748,33,8,Veg Burger,10-03-2023,12:34:58,Completed,150
2749,19,3,Butter Chicken,25-07-2023,12:29:04,Completed,189
2750,2,34,Butter Chicken,21-02-2023,06:24:00,Completed,526
2751,32,32,Egg Curry,25-12-2023,00:29:22,Completed,305
2752,19,40,Egg Curry,18-09-2023,00:38:28,Completed,242
2753,15,4,Egg Curry,23-03-2023,00:05:53,Completed,405
2754,25,38,Chicken Biryani,11-08-2023,06:42:02,Completed,408
2755,4,47,Rajma Chawal,04-09-2023,10:37:38,Completed,439
2756,22,51,Chole Bhature,08-08-2023,01:08:08,Completed,487
2757,23,46,Rajma Chawal,26-05-2023,12:12:46,Completed,315
2758,7,39,Veg Burger,22-08-2023,01:16:18,Completed,560
2759,9,37,Chicken Burger,29-08-2023,00:34:47,Completed,270
2760,17,54,Egg Curry,06-02-2023,18:38:58,Completed,349
2761,26,15,Mutton Biryani,10-02-2023,06:17:00,Completed,294
2762,19,5,Rajma Chawal,19-03-2023,22:50:04,Completed,193
2763,28,34,Veg Burger,12-03-2023,05:25:57,Completed,578
2764,31,44,Pasta Alfredo,22-01-2023,09:43:44,Completed,171
2765,14,26,Mutton Biryani,15-06-2023,12:49:07,Completed,583
2766,26,52,Paneer Lababdar,20-03-2023,06:55:06,Completed,293
2767,30,15,Mutton Biryani,10-04-2023,15:57:43,Completed,569
2768,8,21,Veg Burger,29-11-2023,23:03:56,Completed,427
2769,18,60,Masala Dosa,24-01-2023,13:45:27,Completed,180
2770,32,35,Chicken Burger,03-05-2023,10:09:27,Completed,483
2771,27,55,Chole Bhature,16-01-2023,02:37:43,Completed,375
2772,17,31,Pasta Alfredo,22-10-2023,15:40:10,Completed,211
2773,32,35,Masala Dosa,07-12-2023,05:20:46,Completed,520
2774,4,36,Samosa,27-10-2023,03:28:26,Completed,497
2775,10,42,Butter Chicken,26-07-2023,01:33:56,Completed,155
2776,25,29,Veg Biryani,21-10-2023,02:02:57,Completed,528
2777,24,48,Paneer Lababdar,07-04-2023,21:56:49,Completed,263
2778,22,8,Butter Chicken,20-08-2023,08:38:30,Completed,150
2779,10,33,Chicken Burger,03-02-2023,13:05:05,Completed,266
2780,5,26,Butter Chicken,08-02-2023,15:04:00,Completed,185
2781,12,16,Samosa,25-08-2023,04:41:41,Completed,344
2782,27,12,Rajma Chawal,29-10-2023,17:03:43,Completed,330
2783,15,46,Pasta Alfredo,02-11-2023,04:24:46,Completed,298
2784,28,44,Masala Dosa,31-01-2023,14:20:34,Completed,239
2785,33,23,Paneer Butter Masala,18-06-2023,12:16:51,Completed,313
2786,26,60,Veg Burger,23-12-2023,13:25:02,Completed,190
2787,30,51,Mutton Biryani,17-06-2023,04:57:20,Completed,346
2788,10,14,Rajma Chawal,13-02-2023,02:28:45,Completed,287
2789,11,55,Paneer Lababdar,13-06-2023,15:52:08,Completed,170
2790,19,52,Mutton Biryani,13-07-2023,12:12:24,Completed,589
2791,23,24,Mutton Biryani,09-02-2023,10:22:07,Completed,550
2792,1,12,Egg Curry,08-05-2023,14:17:41,Completed,211
2793,16,38,Chicken Biryani,27-06-2023,20:14:33,Completed,376
2794,12,25,Veg Burger,30-06-2023,00:04:35,Completed,330
2795,14,5,Butter Chicken,04-12-2023,02:50:52,Completed,588
2796,26,58,Paneer Lababdar,23-01-2023,22:04:28,Completed,254
2797,21,14,Prawn Masala,25-01-2023,08:59:48,Completed,150
2798,29,41,Masala Dosa,30-11-2023,16:53:49,Completed,464
2799,8,55,Veg Biryani,10-02-2023,08:11:50,Completed,365
2800,1,30,Paneer Lababdar,12-05-2023,04:40:21,Completed,399
2801,8,20,Chole Bhature,27-01-2023,06:24:32,Completed,489
2802,10,8,Masala Dosa,01-08-2023,08:54:07,Completed,538
2803,13,7,Samosa,24-04-2023,21:30:14,Completed,423
2804,30,29,Paneer Butter Masala,06-08-2023,05:44:26,Completed,169
2805,1,41,Butter Chicken,07-01-2023,13:10:57,Completed,240
2806,5,20,Chole Bhature,21-04-2023,12:30:56,Completed,334
2807,17,8,Chicken Burger,05-04-2023,21:22:00,Completed,210
2808,5,6,Pasta Alfredo,07-10-2023,05:17:04,Completed,514
2809,15,60,Egg Curry,03-02-2023,09:51:12,Completed,204
2810,8,37,Rajma Chawal,29-07-2023,20:12:15,Completed,546
2811,19,43,Chicken Burger,24-01-2023,17:31:33,Completed,439
2812,11,38,Rajma Chawal,17-09-2023,14:56:20,Completed,597
2813,27,46,Masala Dosa,12-09-2023,11:37:26,Completed,190
2814,30,12,Prawn Masala,11-09-2023,13:59:30,Completed,208
2815,26,57,Prawn Masala,09-01-2023,18:29:50,Completed,321
2816,12,58,Rajma Chawal,07-10-2023,19:03:55,Completed,470
2817,17,56,Samosa,20-09-2023,11:38:27,Completed,197
2818,31,52,Egg Curry,01-11-2023,18:31:20,Completed,230
2819,14,4,Chole Bhature,17-02-2023,09:20:17,Completed,197
2820,30,36,Pasta Alfredo,24-12-2023,04:06:18,Completed,451
2821,23,13,Chole Bhature,16-08-2023,15:41:38,Completed,349
2822,26,47,Rajma Chawal,22-02-2023,04:48:35,Completed,356
2823,2,57,Pasta Alfredo,21-08-2023,02:05:58,Completed,203
2824,3,25,Paneer Butter Masala,15-05-2023,09:07:34,Completed,363
2825,14,12,Paneer Lababdar,26-06-2023,09:47:25,Completed,168
2826,19,58,Masala Dosa,13-08-2023,11:44:04,Completed,284
2827,31,59,Pasta Alfredo,27-04-2023,16:41:06,Completed,279
2828,13,26,Samosa,11-02-2023,11:03:03,Completed,413
2829,19,53,Egg Curry,15-12-2023,10:33:26,Completed,458
2830,5,26,Paneer Butter Masala,08-07-2023,05:46:20,Completed,375
2831,19,54,Rajma Chawal,13-05-2023,22:09:36,Completed,505
2832,32,1,Chicken Burger,18-11-2023,07:25:31,Completed,257
2833,11,5,Mutton Biryani,26-09-2023,19:38:12,Completed,349
2834,11,40,Chicken Burger,26-06-2023,21:23:56,Completed,443
2835,14,36,Chole Bhature,10-11-2023,06:15:36,Completed,270
2836,6,51,Egg Curry,15-03-2023,00:31:04,Completed,408
2837,29,53,Paneer Lababdar,18-06-2023,02:28:08,Completed,419
2838,30,1,Samosa,29-11-2023,11:07:46,Completed,183
2839,11,52,Pasta Alfredo,05-09-2023,22:49:34,Completed,394
2840,20,9,Chole Bhature,21-10-2023,13:12:59,Completed,471
2841,16,26,Veg Burger,22-11-2023,16:19:34,Completed,348
2842,2,53,Samosa,01-05-2023,00:54:08,Completed,229
2843,15,30,Pasta Alfredo,07-07-2023,04:22:40,Completed,272
2844,4,50,Pasta Alfredo,06-02-2023,20:00:27,Completed,216
2845,21,57,Samosa,23-02-2023,17:23:46,Completed,185
2846,33,37,Egg Curry,28-05-2023,09:20:23,Completed,568
2847,23,36,Veg Biryani,31-07-2023,03:07:33,Completed,299
2848,24,22,Chicken Biryani,05-04-2023,03:48:11,Completed,447
2849,23,34,Veg Biryani,17-01-2023,13:19:16,Completed,476
2850,9,53,Paneer Butter Masala,22-04-2023,22:47:12,Completed,299
2851,2,1,Chole Bhature,21-07-2023,13:22:15,Completed,333
2852,25,15,Mutton Biryani,26-07-2023,19:03:35,Completed,346
2853,2,16,Paneer Butter Masala,30-05-2023,20:05:43,Completed,154
2854,7,11,Masala Dosa,18-12-2023,20:51:22,Completed,226
2855,33,29,Egg Curry,08-06-2023,19:01:06,Completed,566
2856,18,53,Egg Curry,01-11-2023,03:30:32,Completed,331
2857,5,59,Mutton Biryani,05-07-2023,23:35:34,Completed,275
2858,16,42,Paneer Lababdar,15-06-2023,12:20:17,Completed,507
2859,12,35,Paneer Butter Masala,28-04-2023,11:13:03,Completed,264
2860,2,39,Egg Curry,22-08-2023,08:31:18,Completed,243
2861,17,26,Butter Chicken,06-12-2023,13:08:04,Completed,266
2862,29,16,Egg Curry,04-07-2023,14:01:57,Completed,414
2863,8,56,Masala Dosa,06-09-2023,11:03:18,Completed,445
2864,19,53,Paneer Lababdar,26-08-2023,12:12:59,Completed,584
2865,12,35,Paneer Lababdar,17-10-2023,14:39:33,Completed,320
2866,7,10,Paneer Butter Masala,13-03-2023,10:47:33,Completed,530
2867,33,60,Chicken Biryani,06-09-2023,14:33:17,Completed,215
2868,22,40,Chole Bhature,16-03-2023,05:25:37,Completed,584
2869,2,18,Rajma Chawal,18-10-2023,01:28:47,Completed,169
2870,23,3,Paneer Lababdar,02-04-2023,05:07:21,Completed,568
2871,33,2,Mutton Biryani,12-07-2023,12:59:56,Completed,538
2872,19,55,Chicken Biryani,24-09-2023,17:08:44,Completed,371
2873,9,46,Masala Dosa,01-03-2023,17:12:07,Completed,155
2874,30,35,Masala Dosa,07-04-2023,03:10:38,Completed,211
2875,13,43,Veg Biryani,28-01-2023,03:34:10,Completed,339
2876,6,26,Rajma Chawal,05-07-2023,20:03:50,Completed,286
2877,23,30,Paneer Lababdar,06-08-2023,11:25:50,Completed,283
2878,4,40,Paneer Butter Masala,10-02-2023,12:24:51,Completed,277
2879,32,46,Paneer Butter Masala,12-12-2023,05:57:37,Completed,584
2880,32,57,Butter Chicken,14-06-2023,11:47:15,Completed,416
2881,4,7,Prawn Masala,05-12-2023,18:26:57,Completed,481
2882,2,16,Chole Bhature,16-11-2023,09:20:30,Completed,193
2883,33,42,Chole Bhature,06-07-2023,04:09:08,Completed,326
2884,32,20,Butter Chicken,06-07-2023,04:59:04,Completed,418
2885,33,55,Veg Burger,08-05-2023,09:52:32,Completed,296
2886,19,41,Chole Bhature,11-02-2023,01:36:41,Completed,419
2887,31,6,Veg Biryani,22-07-2023,14:58:20,Completed,224
2888,1,51,Chicken Biryani,02-12-2023,01:19:52,Completed,299
2889,20,33,Paneer Butter Masala,17-02-2023,02:56:08,Completed,221
2890,31,21,Chicken Biryani,21-08-2023,02:52:59,Completed,306
2891,11,12,Pasta Alfredo,23-03-2023,00:36:05,Completed,568
2892,1,55,Egg Curry,24-12-2023,20:28:45,Completed,375
2893,24,33,Pasta Alfredo,15-06-2023,05:38:56,Completed,558
2894,16,6,Paneer Butter Masala,26-05-2023,10:49:59,Completed,571
2895,2,6,Prawn Masala,22-07-2023,04:46:57,Completed,391
2896,12,29,Masala Dosa,02-07-2023,12:37:36,Completed,413
2897,23,51,Samosa,30-06-2023,06:22:27,Completed,381
2898,20,43,Paneer Lababdar,31-05-2023,08:27:06,Completed,458
2899,12,36,Mutton Biryani,07-06-2023,23:54:40,Completed,434
2900,31,18,Mutton Biryani,12-10-2023,03:41:53,Completed,446
2901,32,20,Pasta Alfredo,23-04-2023,19:36:25,Completed,206
2902,5,31,Samosa,29-04-2023,17:43:23,Completed,209
2903,9,25,Chole Bhature,02-01-2023,21:23:47,Completed,578
2904,12,56,Prawn Masala,12-02-2023,10:42:37,Completed,169
2905,21,45,Prawn Masala,26-04-2023,22:27:27,Completed,524
2906,26,9,Egg Curry,12-10-2023,14:55:49,Completed,214
2907,15,12,Chicken Biryani,13-05-2023,18:52:45,Completed,546
2908,21,8,Prawn Masala,10-03-2023,13:31:11,Completed,367
2909,19,17,Chole Bhature,04-02-2023,02:22:18,Completed,170
2910,6,32,Paneer Butter Masala,26-03-2023,03:03:18,Completed,335
2911,1,28,Rajma Chawal,25-06-2023,11:02:12,Completed,310
2912,12,3,Prawn Masala,27-06-2023,16:01:46,Completed,531
2913,13,24,Masala Dosa,20-04-2023,16:32:27,Completed,153
2914,1,16,Egg Curry,12-02-2023,01:51:01,Completed,597
2915,27,24,Butter Chicken,14-01-2023,02:37:43,Completed,429
2916,4,39,Prawn Masala,06-03-2023,19:06:46,Completed,176
2917,18,7,Chicken Burger,12-01-2023,23:46:29,Completed,359
2918,8,46,Masala Dosa,10-04-2023,13:21:16,Completed,464
2919,33,1,Rajma Chawal,27-06-2023,18:00:01,Completed,417
2920,13,8,Chole Bhature,09-07-2023,01:31:09,Completed,333
2921,29,52,Pasta Alfredo,21-06-2023,22:11:28,Completed,291
2922,25,38,Egg Curry,27-01-2023,15:54:22,Completed,201
2923,27,38,Mutton Biryani,31-08-2023,04:10:29,Completed,457
2924,22,58,Masala Dosa,18-03-2023,23:34:39,Completed,574
2925,6,20,Prawn Masala,21-05-2023,07:29:54,Completed,566
2926,16,51,Mutton Biryani,27-10-2023,02:05:55,Completed,169
2927,33,28,Paneer Butter Masala,01-09-2023,05:51:26,Completed,245
2928,10,15,Rajma Chawal,27-12-2023,08:24:10,Completed,167
2929,27,53,Prawn Masala,04-01-2023,23:09:28,Completed,312
2930,25,24,Masala Dosa,05-01-2023,09:33:39,Completed,430
2931,18,2,Paneer Lababdar,26-05-2023,07:22:45,Completed,268
2932,9,36,Paneer Lababdar,20-01-2023,09:25:50,Completed,264
2933,32,2,Butter Chicken,07-02-2023,15:39:44,Completed,542
2934,2,60,Veg Burger,14-10-2023,00:36:18,Completed,325
2935,22,18,Masala Dosa,19-05-2023,01:07:23,Completed,268
2936,9,55,Paneer Butter Masala,08-09-2023,02:50:25,Completed,430
2937,10,15,Chicken Burger,01-03-2023,06:49:17,Completed,278
2938,24,20,Veg Burger,16-08-2023,04:40:58,Completed,322
2939,33,43,Veg Burger,25-02-2023,14:16:12,Completed,542
2940,8,51,Paneer Butter Masala,19-11-2023,12:02:54,Completed,336
2941,30,41,Samosa,17-02-2023,04:32:55,Completed,348
2942,13,23,Mutton Biryani,12-07-2023,15:28:47,Completed,413
2943,12,32,Chicken Biryani,20-11-2023,11:27:15,Completed,382
2944,3,24,Prawn Masala,06-08-2023,23:37:14,Completed,499
2945,17,53,Mutton Biryani,20-12-2023,12:27:11,Completed,183
2946,15,36,Veg Burger,22-08-2023,06:38:36,Completed,543
2947,12,45,Rajma Chawal,03-05-2023,17:57:29,Completed,449
2948,4,56,Mutton Biryani,29-04-2023,01:25:21,Completed,198
2949,16,7,Pasta Alfredo,09-07-2023,18:40:37,Completed,595
2950,32,16,Veg Burger,03-04-2023,04:45:46,Completed,498
2951,22,20,Paneer Butter Masala,14-07-2023,04:00:22,Completed,169
2952,11,52,Butter Chicken,11-01-2023,07:11:11,Completed,285
2953,7,47,Prawn Masala,03-12-2023,16:00:34,Completed,398
2954,25,7,Veg Biryani,30-04-2023,22:43:56,Completed,592
2955,31,13,Paneer Butter Masala,06-08-2023,20:16:13,Completed,171
2956,25,23,Butter Chicken,16-12-2023,10:45:16,Completed,503
2957,25,58,Veg Burger,03-07-2023,22:20:30,Completed,500
2958,7,57,Mutton Biryani,23-04-2023,07:27:54,Completed,269
2959,4,10,Chicken Biryani,02-04-2023,06:21:40,Completed,520
2960,1,50,Rajma Chawal,11-02-2023,01:00:20,Completed,403
2961,9,38,Egg Curry,27-04-2023,05:59:24,Completed,369
2962,14,23,Paneer Lababdar,14-04-2023,21:20:08,Completed,258
2963,22,43,Masala Dosa,26-03-2023,23:51:06,Completed,243
2964,10,50,Veg Biryani,12-01-2023,14:17:07,Completed,343
2965,26,32,Egg Curry,22-09-2023,14:59:27,Completed,452
2966,31,47,Chicken Biryani,29-03-2023,01:08:25,Completed,420
2967,8,56,Mutton Biryani,23-01-2023,06:14:41,Completed,501
2968,15,8,Samosa,01-08-2023,03:29:56,Completed,207
2969,20,17,Egg Curry,09-01-2023,17:16:59,Completed,356
2970,32,2,Egg Curry,22-08-2023,11:29:17,Completed,289
2971,4,2,Veg Biryani,18-02-2023,09:22:04,Completed,391
2972,10,26,Paneer Lababdar,18-05-2023,14:40:47,Completed,166
2973,19,43,Butter Chicken,16-03-2023,07:31:51,Completed,374
2974,13,44,Pasta Alfredo,22-06-2023,13:27:45,Completed,339
2975,33,15,Rajma Chawal,11-10-2023,07:56:12,Completed,313
2976,9,57,Chicken Biryani,19-06-2023,12:09:59,Completed,580
2977,33,19,Rajma Chawal,18-09-2023,10:48:58,Completed,209
2978,22,36,Masala Dosa,07-04-2023,10:11:11,Completed,160
2979,4,53,Paneer Butter Masala,10-04-2023,06:33:03,Completed,400
2980,30,4,Paneer Butter Masala,03-07-2023,21:02:14,Completed,443
2981,17,34,Veg Biryani,10-02-2023,05:25:24,Completed,396
2982,8,6,Mutton Biryani,16-09-2023,09:34:45,Completed,356
2983,6,39,Chicken Burger,10-03-2023,12:56:00,Completed,441
2984,25,7,Rajma Chawal,01-04-2023,17:12:29,Completed,555
2985,9,30,Masala Dosa,20-10-2023,04:13:39,Completed,295
2986,14,37,Prawn Masala,08-05-2023,11:55:32,Completed,536
2987,32,20,Chicken Burger,09-04-2023,01:11:48,Completed,319
2988,26,9,Veg Burger,07-04-2023,17:43:55,Completed,488
2989,20,39,Masala Dosa,12-06-2023,14:45:12,Completed,287
2990,29,13,Egg Curry,03-05-2023,08:05:08,Completed,150
2991,31,22,Butter Chicken,16-03-2023,03:27:11,Completed,587
2992,22,4,Samosa,28-05-2023,08:37:42,Completed,337
2993,31,59,Chole Bhature,23-07-2023,22:52:33,Completed,216
2994,5,28,Paneer Butter Masala,19-05-2023,11:22:31,Completed,418
2995,14,49,Paneer Lababdar,16-03-2023,17:46:43,Completed,448
2996,17,16,Paneer Lababdar,13-06-2023,13:27:48,Completed,178
2997,1,51,Mutton Biryani,05-09-2023,04:21:14,Completed,387
2998,11,34,Paneer Butter Masala,24-06-2023,05:26:04,Completed,232
2999,13,28,Veg Burger,11-08-2023,04:48:07,Completed,377
3000,33,41,Veg Burger,06-01-2023,08:55:45,Completed,324
3001,12,31,Egg Curry,18-11-2023,01:45:12,Completed,416
3002,23,15,Egg Curry,27-02-2023,07:03:33,Completed,432
3003,9,7,Chole Bhature,28-06-2023,20:40:31,Completed,240
3004,14,37,Pasta Alfredo,16-04-2023,00:43:17,Completed,545
3005,23,23,Prawn Masala,07-05-2023,14:28:57,Completed,423
3006,28,15,Veg Burger,23-04-2023,06:37:40,Completed,556
3007,22,1,Rajma Chawal,19-01-2023,18:10:39,Completed,521
3008,6,8,Chicken Burger,29-04-2023,15:32:13,Completed,547
3009,2,19,Chole Bhature,15-03-2023,03:17:08,Completed,175
3010,30,45,Veg Biryani,12-05-2023,16:36:24,Completed,524
3011,20,54,Rajma Chawal,09-04-2023,14:39:36,Completed,472
3012,5,3,Veg Burger,14-10-2023,06:42:16,Completed,257
3013,7,57,Samosa,02-05-2023,05:40:55,Completed,199
3014,27,25,Veg Biryani,06-10-2023,12:25:03,Completed,353
3015,9,32,Veg Burger,26-05-2023,03:12:17,Completed,180
3016,11,39,Egg Curry,29-09-2023,11:20:43,Completed,194
3017,2,30,Paneer Lababdar,17-02-2023,22:53:21,Completed,598
3018,3,15,Veg Burger,24-11-2023,20:04:38,Completed,529
3019,21,25,Pasta Alfredo,21-11-2023,02:14:58,Completed,349
3020,6,25,Pasta Alfredo,15-09-2023,20:37:53,Completed,213
3021,19,18,Veg Burger,28-02-2023,12:45:54,Completed,168
3022,20,51,Butter Chicken,16-05-2023,21:43:12,Completed,576
3023,28,18,Paneer Butter Masala,25-07-2023,13:39:29,Completed,391
3024,17,56,Prawn Masala,15-07-2023,03:28:18,Completed,464
3025,18,46,Veg Biryani,21-05-2023,01:11:25,Completed,334
3026,18,53,Prawn Masala,12-09-2023,06:57:19,Completed,302
3027,21,21,Prawn Masala,28-02-2023,01:45:35,Completed,441
3028,12,42,Butter Chicken,25-06-2023,03:31:49,Completed,558
3029,7,9,Samosa,04-01-2023,04:08:33,Completed,193
3030,24,38,Chicken Burger,21-06-2023,02:04:58,Completed,558
3031,11,35,Chicken Burger,06-01-2023,09:47:23,Completed,303
3032,20,53,Mutton Biryani,09-02-2023,17:28:50,Completed,308
3033,24,30,Chicken Burger,30-12-2023,04:53:13,Completed,518
3034,7,51,Chicken Biryani,21-05-2023,16:38:10,Completed,536
3035,11,25,Egg Curry,08-06-2023,04:52:39,Completed,479
3036,7,9,Masala Dosa,09-02-2023,23:22:57,Completed,464
3037,5,26,Mutton Biryani,17-09-2023,15:38:13,Completed,446
3038,11,23,Chole Bhature,23-06-2023,16:04:43,Completed,189
3039,21,40,Chicken Burger,09-06-2023,11:12:49,Completed,599
3040,10,49,Chicken Burger,01-03-2023,07:37:39,Completed,450
3041,14,19,Masala Dosa,03-05-2023,14:48:46,Completed,245
3042,5,24,Masala Dosa,27-01-2023,21:12:30,Completed,531
3043,2,14,Samosa,16-11-2023,09:33:48,Completed,445
3044,12,46,Veg Biryani,16-04-2023,10:11:17,Completed,593
3045,28,37,Veg Biryani,05-09-2023,14:22:54,Completed,413
3046,8,44,Egg Curry,30-08-2023,17:27:08,Completed,401
3047,12,58,Samosa,09-10-2023,15:38:43,Completed,480
3048,7,25,Chicken Burger,10-04-2023,18:25:55,Completed,321
3049,15,28,Mutton Biryani,17-03-2023,00:52:35,Completed,584
3050,4,26,Rajma Chawal,24-12-2023,11:17:56,Completed,343
3051,18,4,Chole Bhature,27-07-2023,02:36:43,Completed,173
3052,30,16,Egg Curry,07-05-2023,11:54:19,Completed,236
3053,17,42,Butter Chicken,22-09-2023,23:40:04,Completed,243
3054,20,47,Samosa,09-09-2023,04:58:26,Completed,472
3055,28,6,Paneer Lababdar,10-04-2023,00:37:22,Completed,524
3056,33,46,Veg Burger,16-01-2023,22:00:57,Completed,353
3057,1,52,Pasta Alfredo,22-06-2023,17:41:13,Completed,523
3058,19,11,Pasta Alfredo,12-05-2023,21:24:28,Completed,596
3059,12,40,Veg Biryani,09-01-2023,12:33:25,Completed,465
3060,17,32,Paneer Butter Masala,16-12-2023,21:13:46,Completed,190
3061,25,31,Chicken Biryani,10-03-2023,02:46:31,Completed,235
3062,18,32,Veg Burger,21-10-2023,19:45:59,Completed,516
3063,24,57,Chicken Biryani,24-03-2023,20:26:30,Completed,169
3064,14,49,Chicken Burger,12-04-2023,14:21:45,Completed,310
3065,24,45,Rajma Chawal,27-09-2023,14:42:41,Completed,303
3066,25,43,Masala Dosa,14-04-2023,23:24:42,Completed,264
3067,1,43,Chicken Burger,01-10-2023,13:58:38,Completed,389
3068,15,38,Chicken Biryani,30-10-2023,12:34:34,Completed,458
3069,10,26,Paneer Butter Masala,25-07-2023,03:52:02,Completed,348
3070,33,47,Chole Bhature,12-05-2023,06:36:55,Completed,339
3071,33,9,Mutton Biryani,01-04-2023,19:32:38,Completed,225
3072,10,33,Veg Biryani,17-08-2023,19:47:35,Completed,178
3073,8,16,Butter Chicken,24-07-2023,00:01:37,Completed,281
3074,8,58,Butter Chicken,10-01-2023,01:43:20,Completed,300
3075,26,24,Chole Bhature,14-01-2023,16:17:17,Completed,150
3076,6,36,Chicken Burger,24-12-2023,13:05:43,Completed,290
3077,20,15,Chicken Burger,24-08-2023,14:27:02,Completed,300
3078,12,21,Chicken Burger,18-04-2023,08:24:59,Completed,350
3079,23,25,Masala Dosa,13-05-2023,03:02:41,Completed,535
3080,7,6,Masala Dosa,03-04-2023,01:38:07,Completed,540
3081,12,24,Pasta Alfredo,17-06-2023,13:31:46,Completed,458
3082,24,17,Chicken Burger,09-08-2023,02:47:26,Completed,158
3083,26,33,Chicken Biryani,23-02-2023,10:52:49,Completed,291
3084,12,22,Mutton Biryani,23-11-2023,01:41:09,Completed,588
3085,11,13,Samosa,20-05-2023,05:04:04,Completed,244
3086,13,51,Paneer Butter Masala,27-09-2023,07:40:10,Completed,472
3087,22,10,Veg Burger,28-06-2023,07:13:46,Completed,412
3088,8,34,Egg Curry,24-04-2023,03:15:16,Completed,176
3089,9,2,Masala Dosa,17-03-2023,18:00:02,Completed,380
3090,21,42,Butter Chicken,02-10-2023,19:23:22,Completed,184
3091,26,14,Pasta Alfredo,19-03-2023,14:59:19,Completed,207
3092,8,8,Paneer Lababdar,29-01-2023,22:50:42,Completed,533
3093,16,43,Masala Dosa,27-01-2023,00:08:34,Completed,265
3094,23,24,Pasta Alfredo,08-07-2023,14:39:41,Completed,188
3095,25,26,Prawn Masala,13-03-2023,07:16:00,Completed,545
3096,16,51,Masala Dosa,31-07-2023,13:57:49,Completed,166
3097,9,14,Prawn Masala,04-03-2023,17:59:35,Completed,206
3098,11,11,Chole Bhature,14-02-2023,07:45:09,Completed,198
3099,17,39,Chole Bhature,10-01-2023,04:42:55,Completed,335
3100,5,25,Masala Dosa,30-12-2023,07:24:27,Completed,265
3101,1,59,Prawn Masala,11-09-2023,15:23:59,Completed,196
3102,3,4,Masala Dosa,22-09-2023,22:00:18,Completed,343
3103,7,42,Paneer Butter Masala,16-08-2023,20:20:20,Completed,280
3104,5,3,Veg Biryani,04-07-2023,23:02:21,Completed,380
3105,21,13,Egg Curry,06-03-2023,01:29:21,Completed,518
3106,5,11,Pasta Alfredo,12-03-2023,16:18:18,Completed,317
3107,22,14,Rajma Chawal,09-09-2023,23:18:13,Completed,162
3108,32,9,Egg Curry,20-11-2023,00:18:23,Completed,190
3109,15,44,Paneer Lababdar,01-01-2024,11:34:18,Completed,467
3110,32,26,Veg Biryani,20-02-2023,14:25:14,Completed,481
3111,25,37,Chole Bhature,31-10-2023,15:06:41,Completed,341
3112,31,15,Mutton Biryani,11-10-2023,13:20:47,Completed,556
3113,30,44,Butter Chicken,01-01-2024,21:48:36,Completed,573
3114,32,43,Egg Curry,19-05-2023,06:43:57,Completed,459
3115,23,18,Butter Chicken,30-06-2023,18:47:50,Completed,485
3116,2,36,Veg Biryani,15-02-2023,21:08:00,Completed,467
3117,15,5,Mutton Biryani,27-12-2023,23:03:41,Completed,555
3118,4,2,Veg Biryani,27-08-2023,22:15:48,Completed,574
3119,18,41,Egg Curry,18-04-2023,23:15:34,Completed,467
3120,16,60,Egg Curry,19-04-2023,16:41:17,Completed,596
3121,31,49,Prawn Masala,04-06-2023,01:18:39,Completed,585
3122,20,34,Prawn Masala,09-10-2023,03:38:03,Completed,192
3123,17,45,Chicken Biryani,19-07-2023,20:02:15,Completed,566
3124,3,14,Samosa,29-11-2023,15:27:55,Completed,263
3125,6,5,Prawn Masala,06-03-2023,05:01:06,Completed,563
3126,5,44,Chole Bhature,16-03-2023,19:12:11,Completed,540
3127,5,39,Butter Chicken,28-03-2023,19:24:39,Completed,328
3128,32,37,Veg Burger,05-09-2023,00:38:12,Completed,435
3129,24,50,Chole Bhature,02-03-2023,09:32:49,Completed,204
3130,12,51,Samosa,31-07-2023,07:03:56,Completed,511
3131,13,15,Mutton Biryani,29-11-2023,09:14:28,Completed,555
3132,30,39,Chicken Biryani,10-02-2023,11:44:55,Completed,594
3133,2,15,Rajma Chawal,24-03-2023,16:41:09,Completed,159
3134,30,38,Masala Dosa,16-04-2023,13:20:05,Completed,214
3135,4,1,Prawn Masala,11-11-2023,03:58:37,Completed,404
3136,25,30,Egg Curry,13-10-2023,04:57:44,Completed,547
3137,20,55,Pasta Alfredo,17-01-2023,17:55:39,Completed,456
3138,8,51,Prawn Masala,23-08-2023,05:36:21,Completed,443
3139,13,2,Veg Biryani,11-04-2023,14:32:46,Completed,342
3140,20,16,Veg Biryani,20-09-2023,01:05:35,Completed,230
3141,11,44,Egg Curry,27-04-2023,19:47:05,Completed,198
3142,15,56,Mutton Biryani,22-02-2023,15:22:29,Completed,353
3143,33,54,Paneer Butter Masala,24-04-2023,05:42:27,Completed,275
3144,28,4,Chole Bhature,24-05-2023,16:16:31,Completed,391
3145,21,49,Veg Burger,18-04-2023,23:51:07,Completed,317
3146,22,50,Chole Bhature,05-09-2023,13:15:30,Completed,316
3147,24,36,Veg Biryani,18-02-2023,04:28:03,Completed,372
3148,26,19,Chicken Burger,27-08-2023,17:15:34,Completed,266
3149,27,17,Butter Chicken,23-08-2023,06:06:26,Completed,394
3150,1,46,Butter Chicken,23-09-2023,23:22:31,Completed,267
3151,20,25,Masala Dosa,08-08-2023,23:53:29,Completed,284
3152,6,29,Chicken Burger,19-09-2023,23:39:19,Completed,472
3153,24,2,Veg Burger,24-10-2023,02:26:03,Completed,315
3154,2,38,Samosa,27-09-2023,03:45:43,Completed,191
3155,27,21,Veg Burger,17-05-2023,17:08:59,Completed,513
3156,27,3,Veg Burger,23-08-2023,14:46:05,Completed,458
3157,32,30,Samosa,30-10-2023,07:32:37,Completed,430
3158,20,36,Butter Chicken,14-03-2023,12:47:39,Completed,383
3159,27,39,Paneer Butter Masala,16-03-2023,04:17:38,Completed,317
3160,12,36,Prawn Masala,18-10-2023,12:33:42,Completed,204
3161,4,40,Butter Chicken,17-02-2023,11:57:22,Completed,560
3162,24,1,Pasta Alfredo,21-02-2023,12:32:45,Completed,307
3163,20,30,Butter Chicken,16-07-2023,06:48:29,Completed,315
3164,21,40,Chicken Burger,01-06-2023,10:12:05,Completed,209
3165,14,13,Rajma Chawal,20-02-2023,15:03:06,Completed,577
3166,20,11,Samosa,21-02-2023,16:32:38,Completed,282
3167,13,12,Mutton Biryani,04-02-2023,16:06:20,Completed,527
3168,5,20,Masala Dosa,11-08-2023,15:25:29,Completed,173
3169,5,55,Chole Bhature,24-08-2023,03:49:20,Completed,192
3170,14,43,Chole Bhature,25-07-2023,19:30:11,Completed,433
3171,28,15,Masala Dosa,10-02-2023,21:08:32,Completed,581
3172,17,28,Paneer Lababdar,27-06-2023,09:04:21,Completed,489
3173,14,35,Veg Burger,12-12-2023,21:05:25,Completed,428
3174,13,9,Masala Dosa,16-09-2023,15:46:08,Completed,361
3175,4,27,Samosa,09-07-2023,14:09:52,Completed,495
3176,24,21,Paneer Lababdar,14-08-2023,12:27:08,Completed,430
3177,17,52,Samosa,09-12-2023,21:12:15,Completed,366
3178,33,51,Rajma Chawal,26-04-2023,10:22:33,Completed,463
3179,1,59,Paneer Lababdar,21-12-2023,21:34:17,Completed,152
3180,16,19,Mutton Biryani,20-10-2023,05:09:44,Completed,436
3181,3,60,Masala Dosa,17-08-2023,09:18:24,Completed,153
3182,6,49,Chicken Biryani,08-08-2023,00:57:13,Completed,315
3183,12,18,Veg Burger,28-06-2023,14:53:35,Completed,315
3184,13,55,Masala Dosa,01-01-2023,01:34:40,Completed,321
3185,4,46,Prawn Masala,24-10-2023,19:12:00,Completed,390
3186,7,45,Egg Curry,09-01-2023,07:18:14,Completed,564
3187,4,55,Mutton Biryani,30-11-2023,05:31:32,Completed,497
3188,22,38,Paneer Butter Masala,01-01-2023,21:58:41,Completed,267
3189,28,15,Egg Curry,20-04-2023,04:19:56,Completed,507
3190,7,39,Samosa,02-01-2023,02:27:12,Completed,451
3191,24,58,Paneer Butter Masala,16-10-2023,16:12:13,Completed,189
3192,16,33,Chole Bhature,08-07-2023,17:33:37,Completed,351
3193,26,35,Samosa,19-12-2023,18:02:00,Completed,386
3194,30,53,Mutton Biryani,27-11-2023,19:32:24,Completed,224
3195,8,30,Paneer Butter Masala,09-07-2023,06:56:39,Completed,339
3196,18,39,Paneer Butter Masala,12-03-2023,16:27:29,Completed,556
3197,5,50,Paneer Butter Masala,27-07-2023,15:48:37,Completed,284
3198,32,17,Veg Burger,12-01-2023,06:33:02,Completed,587
3199,31,43,Chicken Biryani,03-02-2023,19:00:21,Completed,339
3200,26,13,Egg Curry,16-08-2023,10:11:00,Completed,547
3201,6,20,Samosa,29-10-2023,19:28:09,Completed,385
3202,14,58,Veg Biryani,03-09-2023,04:54:34,Completed,161
3203,31,20,Prawn Masala,28-05-2023,10:53:42,Completed,442
3204,21,21,Prawn Masala,26-07-2023,13:21:22,Completed,185
3205,18,18,Pasta Alfredo,24-06-2023,12:50:15,Completed,395
3206,18,32,Butter Chicken,25-01-2023,15:12:13,Completed,310
3207,17,7,Mutton Biryani,24-01-2023,21:53:42,Completed,178
3208,31,55,Butter Chicken,11-06-2023,11:07:44,Completed,407
3209,29,59,Veg Burger,13-01-2023,20:13:06,Completed,311
3210,21,56,Veg Burger,27-05-2023,09:26:30,Completed,573
3211,31,14,Mutton Biryani,14-09-2023,20:04:07,Completed,383
3212,19,23,Samosa,21-08-2023,13:24:23,Completed,186
3213,22,20,Prawn Masala,11-11-2023,17:13:07,Completed,569
3214,3,14,Paneer Lababdar,14-02-2023,09:25:19,Completed,326
3215,31,29,Mutton Biryani,17-03-2023,16:51:39,Completed,280
3216,11,7,Paneer Butter Masala,02-03-2023,19:49:47,Completed,394
3217,3,10,Veg Burger,26-03-2023,01:42:45,Completed,508
3218,19,19,Pasta Alfredo,09-06-2023,12:33:51,Completed,435
3219,32,46,Prawn Masala,01-06-2023,19:11:04,Completed,462
3220,28,1,Veg Biryani,01-12-2023,16:38:25,Completed,264
3221,11,22,Paneer Lababdar,07-09-2023,08:28:20,Completed,150
3222,26,20,Chole Bhature,06-10-2023,00:07:41,Completed,334
3223,18,30,Chicken Burger,11-02-2023,07:04:38,Completed,519
3224,7,44,Rajma Chawal,05-07-2023,19:04:27,Completed,587
3225,20,31,Pasta Alfredo,25-09-2023,03:41:26,Completed,565
3226,3,6,Egg Curry,17-10-2023,22:36:33,Completed,311
3227,22,17,Veg Burger,08-10-2023,10:25:44,Completed,163
3228,26,39,Mutton Biryani,24-11-2023,09:53:10,Completed,314
3229,26,49,Masala Dosa,07-09-2023,05:29:49,Completed,572
3230,23,44,Chole Bhature,29-06-2023,04:13:09,Completed,324
3231,2,16,Egg Curry,06-07-2023,12:45:53,Completed,432
3232,19,56,Butter Chicken,03-08-2023,23:43:53,Completed,204
3233,4,22,Prawn Masala,24-12-2023,01:24:46,Completed,203
3234,2,47,Rajma Chawal,14-06-2023,05:59:15,Completed,183
3235,27,60,Chicken Burger,31-08-2023,03:11:05,Completed,201
3236,16,5,Butter Chicken,07-02-2023,16:53:45,Completed,195
3237,16,55,Chole Bhature,21-06-2023,17:24:54,Completed,473
3238,2,9,Masala Dosa,15-10-2023,09:39:36,Completed,473
3239,30,31,Butter Chicken,26-03-2023,23:34:09,Completed,441
3240,30,47,Rajma Chawal,20-09-2023,10:28:52,Completed,381
3241,20,17,Chole Bhature,14-06-2023,03:51:35,Completed,184
3242,33,5,Pasta Alfredo,20-07-2023,23:12:28,Completed,313
3243,30,15,Mutton Biryani,20-03-2023,22:34:45,Completed,589
3244,22,51,Egg Curry,10-09-2023,05:20:45,Completed,282
3245,17,59,Pasta Alfredo,09-12-2023,19:42:36,Completed,286
3246,5,10,Masala Dosa,27-02-2023,22:30:29,Completed,237
3247,24,11,Masala Dosa,10-02-2023,11:26:30,Completed,275
3248,20,3,Mutton Biryani,15-04-2023,00:57:06,Completed,395
3249,4,54,Chicken Biryani,08-12-2023,15:56:28,Completed,199
3250,13,1,Rajma Chawal,02-06-2023,02:29:25,Completed,447
3251,5,26,Paneer Butter Masala,21-02-2023,11:51:36,Completed,412
3252,19,7,Butter Chicken,09-06-2023,05:46:20,Completed,425
3253,33,4,Veg Burger,27-07-2023,01:47:25,Completed,349
3254,19,35,Pasta Alfredo,10-06-2023,04:49:57,Completed,378
3255,13,38,Veg Burger,18-11-2023,01:37:21,Completed,306
3256,33,19,Chole Bhature,20-02-2023,18:31:06,Completed,561
3257,18,49,Samosa,29-09-2023,07:49:35,Completed,482
3258,27,41,Prawn Masala,01-05-2023,19:40:52,Completed,337
3259,8,6,Paneer Lababdar,13-07-2023,14:31:03,Completed,438
3260,27,17,Veg Biryani,23-01-2023,20:24:24,Completed,330
3261,25,8,Chicken Burger,21-04-2023,02:28:34,Completed,309
3262,1,40,Samosa,03-03-2023,11:01:48,Completed,178
3263,8,14,Chole Bhature,31-03-2023,23:22:30,Completed,545
3264,24,19,Egg Curry,23-07-2023,02:53:41,Completed,422
3265,19,3,Pasta Alfredo,27-03-2023,05:15:42,Completed,313
3266,7,52,Paneer Lababdar,01-05-2023,12:35:54,Completed,250
3267,24,56,Chicken Biryani,14-10-2023,19:36:40,Completed,401
3268,26,12,Paneer Lababdar,16-07-2023,04:27:14,Completed,192
3269,25,43,Chicken Burger,29-04-2023,06:18:06,Completed,310
3270,1,13,Chicken Burger,14-07-2023,15:39:03,Completed,184
3271,25,43,Butter Chicken,01-08-2023,17:35:53,Completed,311
3272,20,54,Chicken Biryani,24-04-2023,22:37:09,Completed,394
3273,27,25,Veg Biryani,30-12-2023,10:18:05,Completed,301
3274,24,31,Paneer Lababdar,18-03-2023,00:06:39,Completed,463
3275,13,36,Masala Dosa,25-01-2023,16:12:43,Completed,460
3276,6,17,Samosa,13-04-2023,06:42:38,Completed,150
3277,30,17,Paneer Butter Masala,18-01-2023,20:08:43,Completed,212
3278,20,24,Pasta Alfredo,12-08-2023,03:21:38,Completed,176
3279,18,47,Chole Bhature,13-05-2023,13:15:50,Completed,299
3280,9,12,Rajma Chawal,10-11-2023,21:05:36,Completed,496
3281,3,1,Rajma Chawal,01-06-2023,14:01:55,Completed,486
3282,28,4,Butter Chicken,23-08-2023,21:39:31,Completed,289
3283,29,44,Mutton Biryani,25-03-2023,08:15:37,Completed,537
3284,17,42,Prawn Masala,01-02-2023,03:25:48,Completed,354
3285,30,17,Butter Chicken,24-02-2023,22:48:30,Completed,425
3286,9,59,Paneer Butter Masala,03-09-2023,01:55:01,Completed,560
3287,5,3,Chicken Burger,09-01-2023,06:28:16,Completed,265
3288,2,10,Chicken Burger,19-08-2023,01:29:58,Completed,464
3289,13,33,Veg Burger,03-09-2023,10:08:27,Completed,297
3290,27,11,Paneer Butter Masala,18-07-2023,13:07:52,Completed,278
3291,28,53,Pasta Alfredo,16-05-2023,15:04:52,Completed,162
3292,19,31,Masala Dosa,01-09-2023,08:39:18,Completed,407
3293,11,29,Veg Biryani,29-06-2023,20:03:10,Completed,577
3294,16,24,Masala Dosa,28-06-2023,04:47:59,Completed,202
3295,23,52,Chicken Burger,11-10-2023,05:44:02,Completed,407
3296,33,6,Egg Curry,02-11-2023,12:54:42,Completed,289
3297,16,12,Chicken Biryani,04-03-2023,06:25:18,Completed,268
3298,15,55,Pasta Alfredo,24-07-2023,23:36:44,Completed,244
3299,18,20,Pasta Alfredo,20-12-2023,00:43:17,Completed,453
3300,30,31,Prawn Masala,06-05-2023,06:02:42,Completed,157
3301,31,28,Butter Chicken,24-11-2023,05:42:45,Completed,318
3302,19,27,Paneer Butter Masala,27-12-2023,04:21:19,Completed,227
3303,25,39,Veg Biryani,28-04-2023,19:35:46,Completed,600
3304,20,46,Chole Bhature,12-10-2023,09:32:39,Completed,405
3305,2,38,Egg Curry,26-10-2023,09:17:25,Completed,156
3306,20,57,Rajma Chawal,25-11-2023,03:11:35,Completed,482
3307,8,32,Chicken Biryani,05-01-2023,11:38:03,Completed,439
3308,19,22,Chicken Biryani,11-08-2023,23:06:58,Completed,404
3309,29,55,Chicken Burger,26-08-2023,10:37:48,Completed,203
3310,12,5,Masala Dosa,13-05-2023,00:35:07,Completed,396
3311,1,33,Samosa,24-02-2023,03:11:08,Completed,574
3312,8,47,Rajma Chawal,21-08-2023,09:46:59,Completed,418
3313,33,45,Paneer Butter Masala,09-07-2023,13:17:23,Completed,348
3314,21,39,Chicken Biryani,25-08-2023,16:00:47,Completed,259
3315,33,21,Pasta Alfredo,29-11-2023,12:46:02,Completed,177
3316,7,59,Masala Dosa,25-09-2023,08:03:31,Completed,335
3317,14,20,Veg Biryani,05-04-2023,23:50:22,Completed,248
3318,16,9,Mutton Biryani,02-07-2023,20:18:51,Completed,427
3319,14,33,Chicken Burger,05-02-2023,01:23:43,Completed,177
3320,20,51,Prawn Masala,20-03-2023,05:37:14,Completed,594
3321,1,59,Chicken Burger,30-03-2023,00:34:11,Completed,499
3322,9,9,Paneer Butter Masala,02-10-2023,04:05:05,Completed,263
3323,9,42,Butter Chicken,16-05-2023,03:04:00,Completed,154
3324,7,43,Pasta Alfredo,25-06-2023,17:33:06,Completed,459
3325,18,13,Pasta Alfredo,25-02-2023,12:54:02,Completed,530
3326,1,14,Paneer Lababdar,10-04-2023,17:24:28,Completed,285
3327,21,34,Chicken Biryani,08-01-2023,16:22:22,Completed,391
3328,31,14,Paneer Butter Masala,25-02-2023,18:33:31,Completed,388
3329,15,58,Prawn Masala,22-12-2023,08:33:19,Completed,254
3330,24,1,Butter Chicken,22-03-2023,15:14:57,Completed,409
3331,16,3,Veg Biryani,20-07-2023,02:31:24,Completed,160
3332,33,59,Chole Bhature,11-11-2023,22:00:23,Completed,414
3333,29,59,Chole Bhature,15-02-2023,13:04:42,Completed,468
3334,31,16,Mutton Biryani,16-05-2023,12:38:47,Completed,584
3335,22,50,Paneer Lababdar,20-03-2023,23:29:03,Completed,167
3336,26,4,Butter Chicken,28-09-2023,22:56:18,Completed,185
3337,11,43,Veg Biryani,20-04-2023,18:45:22,Completed,369
3338,22,54,Pasta Alfredo,20-11-2023,12:26:10,Completed,406
3339,29,36,Rajma Chawal,26-09-2023,10:22:29,Completed,369
3340,33,31,Samosa,02-04-2023,07:54:56,Completed,396
3341,9,20,Paneer Lababdar,24-06-2023,12:56:49,Completed,187
3342,1,16,Butter Chicken,07-08-2023,14:44:45,Completed,582
3343,22,8,Butter Chicken,27-06-2023,23:36:31,Completed,481
3344,26,29,Masala Dosa,23-03-2023,19:54:36,Completed,557
3345,25,20,Egg Curry,17-09-2023,08:07:03,Completed,153
3346,10,32,Chicken Burger,29-07-2023,17:47:08,Completed,442
3347,5,34,Prawn Masala,29-09-2023,01:14:15,Completed,412
3348,9,6,Prawn Masala,22-05-2023,00:10:32,Completed,480
3349,30,14,Pasta Alfredo,28-03-2023,19:20:21,Completed,471
3350,21,26,Veg Burger,19-03-2023,04:24:03,Completed,461
3351,33,9,Paneer Lababdar,21-05-2023,23:49:42,Completed,226
3352,18,42,Egg Curry,12-12-2023,16:56:24,Completed,530
3353,30,1,Paneer Lababdar,21-04-2023,11:01:31,Completed,157
3354,11,51,Chicken Biryani,15-08-2023,23:58:51,Completed,523
3355,4,4,Chicken Biryani,28-03-2023,21:02:07,Completed,299
3356,14,47,Paneer Lababdar,04-02-2023,22:57:14,Completed,157
3357,6,34,Butter Chicken,13-10-2023,07:09:50,Completed,405
3358,12,19,Chicken Biryani,29-05-2023,20:28:53,Completed,224
3359,12,22,Paneer Lababdar,31-01-2023,17:17:17,Completed,376
3360,1,19,Veg Biryani,06-11-2023,15:17:09,Completed,333
3361,29,40,Paneer Butter Masala,23-11-2023,01:04:46,Completed,368
3362,7,36,Samosa,18-02-2023,05:44:41,Completed,522
3363,7,21,Egg Curry,12-07-2023,09:12:31,Completed,441
3364,10,27,Rajma Chawal,26-11-2023,09:46:43,Completed,561
3365,6,58,Egg Curry,08-06-2023,09:13:16,Completed,444
3366,25,41,Egg Curry,22-08-2023,16:05:32,Completed,433
3367,22,6,Samosa,05-01-2023,11:45:23,Completed,592
3368,2,26,Masala Dosa,29-11-2023,08:37:05,Completed,160
3369,18,46,Paneer Lababdar,08-10-2023,06:40:40,Completed,419
3370,27,12,Paneer Butter Masala,19-03-2023,21:57:07,Completed,526
3371,32,12,Rajma Chawal,04-03-2023,13:15:33,Completed,577
3372,3,60,Rajma Chawal,26-11-2023,00:46:33,Completed,230
3373,3,30,Samosa,27-07-2023,23:52:04,Completed,375
3374,16,50,Veg Biryani,24-04-2023,16:14:25,Completed,565
3375,4,14,Paneer Lababdar,26-12-2023,04:57:45,Completed,421
3376,11,56,Veg Burger,19-11-2023,00:55:55,Completed,420
3377,32,10,Paneer Lababdar,04-09-2023,21:03:00,Completed,347
3378,4,24,Paneer Lababdar,04-07-2023,23:50:14,Completed,297
3379,2,21,Veg Burger,23-11-2023,13:16:02,Completed,597
3380,6,14,Egg Curry,03-09-2023,13:52:30,Completed,408
3381,3,31,Chole Bhature,26-02-2023,21:34:05,Completed,231
3382,18,58,Paneer Lababdar,19-03-2023,17:50:37,Completed,305
3383,25,43,Samosa,27-05-2023,08:30:55,Completed,490
3384,29,42,Chicken Biryani,24-11-2023,06:29:07,Completed,396
3385,16,34,Paneer Butter Masala,07-11-2023,06:34:50,Completed,460
3386,10,8,Paneer Butter Masala,06-06-2023,08:52:45,Completed,470
3387,4,46,Chicken Biryani,09-11-2023,12:32:45,Completed,580
3388,9,26,Paneer Butter Masala,03-04-2023,22:09:13,Completed,519
3389,5,18,Paneer Butter Masala,08-01-2023,10:16:42,Completed,326
3390,1,19,Veg Biryani,22-01-2023,16:13:25,Completed,201
3391,8,50,Veg Biryani,24-04-2023,11:29:21,Completed,493
3392,8,40,Chole Bhature,31-05-2023,03:11:05,Completed,367
3393,2,45,Paneer Lababdar,14-04-2023,18:52:56,Completed,408
3394,2,29,Mutton Biryani,31-01-2023,13:20:35,Completed,400
3395,8,30,Samosa,06-06-2023,01:47:46,Completed,413
3396,33,51,Paneer Lababdar,19-10-2023,17:04:39,Completed,315
3397,3,1,Chole Bhature,14-06-2023,05:45:17,Completed,181
3398,24,59,Chole Bhature,10-11-2023,10:13:44,Completed,345
3399,25,4,Rajma Chawal,12-10-2023,15:45:41,Completed,465
3400,9,20,Masala Dosa,14-04-2023,22:03:30,Completed,360
3401,1,22,Butter Chicken,30-04-2023,16:37:45,Completed,474
3402,6,2,Veg Burger,01-03-2023,13:22:59,Completed,550
3403,28,28,Pasta Alfredo,11-04-2023,21:44:48,Completed,216
3404,5,44,Samosa,01-01-2024,03:39:23,Completed,377
3405,2,15,Butter Chicken,18-05-2023,23:27:59,Completed,481
3406,18,37,Samosa,28-02-2023,14:37:29,Completed,329
3407,28,36,Masala Dosa,22-07-2023,03:28:49,Completed,218
3408,24,17,Rajma Chawal,09-03-2023,06:39:19,Completed,212
3409,32,35,Chole Bhature,22-12-2023,03:33:25,Completed,150
3410,24,13,Samosa,10-08-2023,11:54:55,Completed,465
3411,1,9,Chicken Biryani,05-04-2023,12:34:56,Completed,568
3412,20,49,Prawn Masala,29-03-2023,00:51:01,Completed,281
3413,7,11,Prawn Masala,17-01-2023,00:08:00,Completed,363
3414,12,16,Samosa,13-08-2023,23:46:32,Completed,153
3415,15,24,Prawn Masala,15-10-2023,23:34:42,Completed,447
3416,17,9,Masala Dosa,29-11-2023,17:04:10,Completed,400
3417,30,40,Veg Biryani,20-12-2023,07:10:01,Completed,488
3418,6,18,Prawn Masala,19-08-2023,22:38:55,Completed,270
3419,15,33,Paneer Butter Masala,05-04-2023,22:21:00,Completed,491
3420,8,58,Paneer Lababdar,08-12-2023,11:00:08,Completed,337
3421,4,13,Paneer Butter Masala,06-03-2023,21:04:54,Completed,384
3422,21,54,Butter Chicken,10-07-2023,01:15:50,Completed,215
3423,19,20,Prawn Masala,31-01-2023,15:26:46,Completed,395
3424,21,52,Chole Bhature,29-11-2023,11:34:32,Completed,287
3425,24,21,Mutton Biryani,22-05-2023,07:42:22,Completed,577
3426,5,44,Rajma Chawal,08-10-2023,09:34:43,Completed,429
3427,21,15,Prawn Masala,20-03-2023,14:36:53,Completed,260
3428,27,18,Veg Biryani,23-07-2023,02:25:15,Completed,402
3429,20,24,Veg Biryani,29-05-2023,20:19:56,Completed,225
3430,6,8,Chicken Burger,02-03-2023,02:10:58,Completed,295
3431,21,20,Butter Chicken,18-05-2023,16:29:28,Completed,315
3432,16,57,Chicken Biryani,08-05-2023,03:37:34,Completed,374
3433,16,51,Chicken Burger,04-05-2023,09:34:34,Completed,437
3434,8,46,Paneer Lababdar,25-05-2023,04:05:21,Completed,170
3435,14,23,Prawn Masala,31-01-2023,21:21:33,Completed,555
3436,13,29,Paneer Lababdar,09-01-2023,03:51:02,Completed,449
3437,11,52,Rajma Chawal,15-03-2023,22:48:06,Completed,347
3438,4,10,Butter Chicken,09-09-2023,15:06:50,Completed,190
3439,10,16,Chole Bhature,11-01-2023,01:07:30,Completed,429
3440,13,51,Veg Biryani,05-08-2023,09:44:54,Completed,426
3441,2,33,Chicken Burger,25-08-2023,22:00:42,Completed,442
3442,8,28,Egg Curry,14-09-2023,15:42:30,Completed,170
3443,11,22,Egg Curry,27-05-2023,02:16:17,Completed,490
3444,14,15,Masala Dosa,03-07-2023,06:55:04,Completed,402
3445,21,37,Egg Curry,18-02-2023,02:45:16,Completed,599
3446,1,15,Veg Biryani,06-02-2023,21:40:04,Completed,515
3447,15,53,Samosa,14-01-2023,19:03:52,Completed,236
3448,3,54,Prawn Masala,06-09-2023,23:55:59,Completed,251
3449,13,40,Veg Biryani,08-11-2023,03:48:37,Completed,277
3450,17,14,Veg Burger,14-02-2023,11:27:53,Completed,153
3451,19,39,Paneer Lababdar,18-06-2023,19:10:32,Completed,164
3452,30,44,Samosa,18-01-2023,11:39:26,Completed,398
3453,9,4,Chicken Burger,03-01-2023,09:21:36,Completed,168
3454,20,43,Chicken Burger,05-09-2023,22:02:23,Completed,460
3455,10,22,Chole Bhature,19-08-2023,06:59:39,Completed,325
3456,5,10,Veg Burger,23-12-2023,09:41:20,Completed,471
3457,25,41,Butter Chicken,23-08-2023,00:02:36,Completed,210
3458,24,54,Veg Burger,29-11-2023,11:57:44,Completed,350
3459,33,38,Rajma Chawal,02-10-2023,04:41:16,Completed,549
3460,21,6,Pasta Alfredo,29-07-2023,07:42:42,Completed,537
3461,20,12,Paneer Lababdar,21-01-2023,01:06:50,Completed,256
3462,13,53,Chicken Burger,15-02-2023,19:53:09,Completed,168
3463,4,46,Samosa,11-06-2023,13:57:04,Completed,373
3464,8,13,Mutton Biryani,23-06-2023,15:23:39,Completed,276
3465,10,54,Prawn Masala,01-10-2023,10:14:14,Completed,296
3466,7,13,Rajma Chawal,04-05-2023,08:51:36,Completed,371
3467,12,29,Chicken Burger,03-04-2023,06:43:19,Completed,278
3468,3,5,Rajma Chawal,31-03-2023,12:05:26,Completed,413
3469,11,21,Pasta Alfredo,13-09-2023,16:23:23,Completed,245
3470,15,34,Rajma Chawal,30-06-2023,17:31:29,Completed,227
3471,27,50,Paneer Butter Masala,20-02-2023,02:55:15,Completed,458
3472,13,58,Samosa,25-05-2023,09:21:11,Completed,352
3473,5,53,Chicken Burger,11-08-2023,16:50:34,Completed,326
3474,29,53,Veg Burger,16-10-2023,13:50:48,Completed,172
3475,10,37,Butter Chicken,21-07-2023,02:33:45,Completed,179
3476,10,18,Paneer Butter Masala,20-08-2023,01:12:21,Completed,233
3477,29,10,Paneer Butter Masala,20-02-2023,08:01:11,Completed,481
3478,12,27,Butter Chicken,21-12-2023,23:06:27,Completed,525
3479,33,32,Paneer Lababdar,11-09-2023,00:26:07,Completed,291
3480,30,18,Pasta Alfredo,13-08-2023,22:27:04,Completed,304
3481,33,49,Prawn Masala,03-01-2023,09:10:19,Completed,254
3482,11,26,Egg Curry,01-12-2023,09:13:12,Completed,318
3483,13,35,Butter Chicken,21-01-2023,18:01:16,Completed,253
3484,30,10,Butter Chicken,10-02-2023,05:51:21,Completed,460
3485,23,15,Paneer Butter Masala,02-04-2023,00:02:30,Completed,374
3486,10,16,Veg Biryani,27-08-2023,09:53:36,Completed,418
3487,1,49,Veg Burger,26-08-2023,20:35:05,Completed,519
3488,24,47,Paneer Butter Masala,31-08-2023,05:54:06,Completed,390
3489,27,34,Prawn Masala,26-08-2023,20:59:31,Completed,238
3490,16,54,Rajma Chawal,22-04-2023,03:04:58,Completed,506
3491,4,42,Chicken Burger,16-11-2023,02:42:24,Completed,236
3492,32,47,Mutton Biryani,26-01-2023,06:30:31,Completed,424
3493,7,20,Samosa,04-05-2023,04:02:15,Completed,552
3494,8,12,Prawn Masala,03-09-2023,05:38:29,Completed,340
3495,3,43,Masala Dosa,15-02-2023,20:54:54,Completed,308
3496,6,58,Chole Bhature,10-02-2023,07:33:10,Completed,438
3497,31,28,Paneer Lababdar,07-12-2023,23:20:52,Completed,328
3498,31,9,Chicken Biryani,01-09-2023,09:20:34,Completed,293
3499,8,56,Chicken Burger,10-07-2023,18:20:57,Completed,586
3500,29,46,Chicken Burger,15-08-2023,21:11:55,Completed,414
3501,25,9,Samosa,17-07-2023,18:28:31,Completed,153
3502,8,47,Butter Chicken,21-06-2023,07:40:33,Completed,458
3503,25,11,Chicken Burger,01-10-2023,12:34:25,Completed,576
3504,12,9,Chicken Burger,23-01-2023,04:13:38,Completed,593
3505,1,11,Butter Chicken,04-07-2023,12:01:36,Completed,268
3506,2,8,Veg Biryani,22-07-2023,13:52:33,Completed,353
3507,24,49,Egg Curry,05-10-2023,04:05:59,Completed,551
3508,14,52,Mutton Biryani,09-06-2023,18:40:01,Completed,439
3509,9,44,Butter Chicken,20-02-2023,09:19:50,Completed,224
3510,17,6,Paneer Lababdar,18-05-2023,10:17:07,Completed,378
3511,5,45,Paneer Butter Masala,24-11-2023,18:37:49,Completed,560
3512,32,22,Veg Burger,10-04-2023,04:01:51,Completed,506
3513,21,12,Chole Bhature,31-01-2023,14:59:53,Completed,260
3514,23,10,Butter Chicken,10-05-2023,20:31:51,Completed,344
3515,21,6,Veg Biryani,14-01-2023,21:27:53,Completed,375
3516,18,49,Egg Curry,03-04-2023,14:13:31,Completed,458
3517,28,40,Paneer Butter Masala,16-06-2023,07:09:36,Completed,329
3518,6,52,Rajma Chawal,25-04-2023,02:15:40,Completed,550
3519,22,58,Paneer Butter Masala,31-12-2023,07:02:55,Completed,585
3520,27,24,Veg Biryani,31-10-2023,00:48:42,Completed,216
3521,11,40,Veg Burger,27-02-2023,07:58:37,Completed,458
3522,25,59,Masala Dosa,11-11-2023,12:36:22,Completed,429
3523,7,54,Prawn Masala,18-02-2023,15:26:54,Completed,221
3524,11,1,Chole Bhature,28-09-2023,14:02:07,Completed,566
3525,31,26,Paneer Butter Masala,14-05-2023,09:39:53,Completed,356
3526,13,47,Butter Chicken,11-04-2023,13:50:14,Completed,399
3527,13,41,Samosa,04-05-2023,01:14:15,Completed,407
3528,15,15,Chicken Burger,09-04-2023,16:38:07,Completed,232
3529,17,41,Rajma Chawal,12-02-2023,18:03:27,Completed,261
3530,21,41,Egg Curry,26-03-2023,07:01:41,Completed,442
3531,7,41,Mutton Biryani,16-01-2023,21:26:30,Completed,452
3532,24,53,Prawn Masala,07-07-2023,21:49:34,Completed,554
3533,19,25,Chole Bhature,07-07-2023,02:05:13,Completed,585
3534,15,52,Chicken Burger,14-04-2023,06:50:51,Completed,549
3535,4,20,Samosa,13-12-2023,11:54:42,Completed,421
3536,31,30,Paneer Butter Masala,13-11-2023,19:25:58,Completed,286
3537,30,45,Butter Chicken,04-06-2023,23:56:18,Completed,221
3538,30,18,Chicken Burger,08-03-2023,19:42:11,Completed,334
3539,22,4,Rajma Chawal,19-06-2023,13:03:51,Completed,405
3540,9,15,Veg Biryani,29-03-2023,02:26:19,Completed,454
3541,28,33,Chole Bhature,09-03-2023,01:28:08,Completed,181
3542,27,48,Paneer Lababdar,01-08-2023,09:46:20,Completed,370
3543,25,57,Chicken Biryani,06-06-2023,23:47:44,Completed,544
3544,32,22,Veg Biryani,28-01-2023,05:52:09,Completed,181
3545,32,57,Egg Curry,31-10-2023,01:25:59,Completed,226
3546,4,28,Mutton Biryani,22-01-2023,00:08:46,Completed,425
3547,13,15,Rajma Chawal,18-02-2023,07:31:03,Completed,546
3548,26,38,Butter Chicken,01-10-2023,06:00:30,Completed,328
3549,20,39,Veg Biryani,26-02-2023,19:46:43,Completed,446
3550,17,53,Chole Bhature,19-12-2023,15:50:11,Completed,355
3551,4,39,Egg Curry,25-10-2023,18:18:54,Completed,547
3552,9,46,Rajma Chawal,18-12-2023,02:57:12,Completed,209
3553,2,35,Veg Burger,27-04-2023,05:01:29,Completed,570
3554,7,42,Chicken Biryani,15-11-2023,20:50:05,Completed,502
3555,25,14,Chicken Burger,25-06-2023,18:09:01,Completed,309
3556,3,11,Butter Chicken,17-08-2023,05:02:14,Completed,386
3557,2,26,Veg Biryani,29-10-2023,08:28:14,Completed,288
3558,4,57,Veg Burger,11-07-2023,19:26:01,Completed,501
3559,21,54,Prawn Masala,21-07-2023,03:19:58,Completed,595
3560,26,27,Pasta Alfredo,04-01-2023,13:28:59,Completed,239
3561,8,1,Paneer Lababdar,19-05-2023,12:39:37,Completed,163
3562,29,49,Veg Biryani,03-11-2023,19:22:08,Completed,480
3563,20,22,Chole Bhature,06-10-2023,12:05:13,Completed,160
3564,20,14,Chicken Biryani,05-11-2023,11:19:09,Completed,473
3565,32,47,Chicken Burger,22-06-2023,09:19:59,Completed,531
3566,22,59,Paneer Lababdar,02-12-2023,22:35:45,Completed,448
3567,28,11,Chicken Biryani,22-06-2023,01:01:34,Completed,367
3568,10,42,Paneer Butter Masala,04-04-2023,14:12:31,Completed,327
3569,10,48,Paneer Butter Masala,29-06-2023,06:03:59,Completed,334
3570,7,20,Chole Bhature,15-06-2023,16:47:33,Completed,206
3571,32,20,Rajma Chawal,30-07-2023,20:06:11,Completed,390
3572,28,60,Chole Bhature,19-12-2023,07:06:07,Completed,191
3573,17,33,Pasta Alfredo,31-01-2023,01:12:54,Completed,262
3574,6,45,Chole Bhature,19-08-2023,00:54:18,Completed,359
3575,28,47,Samosa,17-07-2023,02:36:38,Completed,264
3576,22,31,Mutton Biryani,21-04-2023,14:47:53,Completed,203
3577,28,50,Chole Bhature,22-07-2023,21:35:20,Completed,412
3578,24,33,Veg Biryani,14-05-2023,19:44:08,Completed,187
3579,9,52,Veg Biryani,26-04-2023,22:21:23,Completed,590
3580,6,26,Paneer Lababdar,19-06-2023,18:26:31,Completed,570
3581,21,31,Paneer Butter Masala,24-11-2023,20:29:41,Completed,398
3582,20,40,Paneer Lababdar,14-07-2023,23:31:25,Completed,420
3583,28,47,Chole Bhature,30-06-2023,05:12:03,Completed,463
3584,22,23,Pasta Alfredo,14-06-2023,08:53:59,Completed,180
3585,2,3,Rajma Chawal,09-04-2023,17:00:42,Completed,259
3586,22,31,Veg Biryani,08-04-2023,05:37:33,Completed,214
3587,1,16,Paneer Lababdar,25-05-2023,16:22:31,Completed,584
3588,31,20,Paneer Lababdar,06-10-2023,22:43:00,Completed,378
3589,21,46,Pasta Alfredo,26-05-2023,09:50:45,Completed,151
3590,24,8,Mutton Biryani,10-07-2023,21:28:11,Completed,153
3591,21,32,Butter Chicken,05-01-2023,00:07:26,Completed,328
3592,30,60,Prawn Masala,04-05-2023,07:13:20,Completed,545
3593,16,28,Chole Bhature,07-03-2023,09:16:04,Completed,352
3594,16,41,Butter Chicken,08-03-2023,09:55:23,Completed,397
3595,32,2,Samosa,09-12-2023,07:12:18,Completed,417
3596,4,8,Chicken Burger,20-12-2023,23:39:57,Completed,268
3597,31,38,Prawn Masala,11-12-2023,03:58:33,Completed,574
3598,13,54,Rajma Chawal,21-04-2023,21:03:53,Completed,325
3599,18,17,Paneer Butter Masala,10-03-2023,06:09:28,Completed,299
3600,26,45,Veg Burger,31-08-2023,22:57:53,Completed,466
3601,26,33,Pasta Alfredo,27-12-2023,02:20:51,Completed,171
3602,32,26,Samosa,18-09-2023,15:29:01,Completed,265
3603,28,23,Pasta Alfredo,07-08-2023,15:53:56,Completed,408
3604,9,57,Paneer Lababdar,14-05-2023,20:00:04,Completed,169
3605,5,30,Prawn Masala,20-05-2023,13:30:27,Completed,386
3606,5,37,Paneer Butter Masala,15-11-2023,07:09:40,Completed,569
3607,2,37,Pasta Alfredo,06-02-2023,05:54:53,Completed,298
3608,29,30,Butter Chicken,07-03-2023,02:03:09,Completed,474
3609,12,45,Pasta Alfredo,24-02-2023,10:25:04,Completed,545
3610,28,44,Veg Biryani,16-07-2023,17:16:21,Completed,567
3611,12,60,Samosa,28-05-2023,17:07:42,Completed,336
3612,18,52,Chicken Biryani,11-09-2023,08:15:05,Completed,441
3613,2,32,Chole Bhature,06-05-2023,07:51:13,Completed,203
3614,22,41,Veg Burger,12-09-2023,02:29:16,Completed,297
3615,18,17,Chicken Biryani,25-08-2023,14:58:21,Completed,427
3616,4,1,Rajma Chawal,18-10-2023,22:16:30,Completed,567
3617,27,34,Veg Burger,11-05-2023,00:55:08,Completed,203
3618,27,49,Rajma Chawal,02-12-2023,10:52:03,Completed,251
3619,10,22,Veg Biryani,14-05-2023,10:12:16,Completed,330
3620,5,28,Paneer Lababdar,26-11-2023,06:59:50,Completed,350
3621,2,50,Samosa,26-04-2023,03:47:40,Completed,325
3622,1,36,Chicken Burger,10-08-2023,03:02:55,Completed,385
3623,7,14,Prawn Masala,25-01-2023,04:53:36,Completed,295
3624,2,51,Veg Burger,05-09-2023,10:40:47,Completed,584
3625,7,32,Masala Dosa,03-12-2023,19:08:06,Completed,307
3626,20,3,Chicken Burger,18-07-2023,20:59:09,Completed,534
3627,4,21,Chicken Biryani,16-08-2023,17:26:09,Completed,434
3628,11,11,Egg Curry,24-08-2023,11:21:50,Completed,212
3629,12,56,Prawn Masala,08-12-2023,23:14:38,Completed,288
3630,16,44,Rajma Chawal,04-08-2023,02:17:53,Completed,353
3631,15,49,Pasta Alfredo,02-04-2023,14:32:13,Completed,304
3632,16,22,Mutton Biryani,12-07-2023,00:41:19,Completed,257
3633,2,20,Veg Biryani,10-06-2023,02:12:35,Completed,155
3634,21,17,Veg Burger,04-08-2023,19:40:12,Completed,167
3635,26,27,Chole Bhature,11-05-2023,04:45:18,Completed,313
3636,6,5,Veg Biryani,17-07-2023,05:03:22,Completed,224
3637,28,27,Masala Dosa,29-01-2023,21:01:32,Completed,403
3638,3,46,Mutton Biryani,27-01-2023,00:35:37,Completed,320
3639,5,58,Mutton Biryani,06-12-2023,05:34:56,Completed,392
3640,5,1,Mutton Biryani,20-08-2023,17:41:11,Completed,572
3641,20,5,Veg Biryani,03-09-2023,12:30:33,Completed,555
3642,23,14,Chicken Biryani,03-10-2023,14:58:37,Completed,513
3643,6,21,Veg Biryani,12-09-2023,08:45:04,Completed,253
3644,16,36,Pasta Alfredo,23-06-2023,02:30:49,Completed,467
3645,27,33,Chicken Biryani,23-12-2023,15:54:31,Completed,463
3646,22,32,Chicken Biryani,16-11-2023,19:02:48,Completed,562
3647,7,54,Veg Burger,27-11-2023,16:54:37,Completed,207
3648,16,50,Egg Curry,30-04-2023,23:45:08,Completed,600
3649,6,51,Chole Bhature,13-03-2023,15:22:42,Completed,240
3650,23,1,Paneer Butter Masala,08-04-2023,08:02:22,Completed,284
3651,2,50,Chicken Burger,13-04-2023,11:01:40,Completed,548
3652,25,15,Chicken Burger,25-05-2023,18:42:51,Completed,493
3653,24,2,Chole Bhature,03-06-2023,17:12:57,Completed,446
3654,14,29,Chole Bhature,13-05-2023,19:57:25,Completed,373
3655,9,4,Butter Chicken,06-03-2023,10:58:46,Completed,163
3656,32,16,Chole Bhature,09-03-2023,10:13:50,Completed,280
3657,15,49,Prawn Masala,03-11-2023,10:45:04,Completed,463
3658,33,41,Pasta Alfredo,01-07-2023,05:12:35,Completed,183
3659,33,60,Chicken Biryani,20-10-2023,04:29:56,Completed,496
3660,3,18,Mutton Biryani,06-01-2023,07:53:25,Completed,267
3661,21,10,Veg Burger,18-01-2023,23:29:44,Completed,396
3662,14,8,Paneer Lababdar,05-10-2023,09:58:53,Completed,402
3663,32,4,Paneer Butter Masala,10-04-2023,11:08:31,Completed,409
3664,14,29,Chole Bhature,26-06-2023,06:46:40,Completed,407
3665,18,23,Chicken Burger,02-05-2023,15:23:40,Completed,441
3666,28,56,Chole Bhature,05-05-2023,02:08:56,Completed,467
3667,24,6,Paneer Lababdar,10-03-2023,14:49:28,Completed,444
3668,10,30,Chicken Biryani,23-07-2023,14:24:52,Completed,325
3669,25,17,Paneer Lababdar,14-09-2023,05:14:28,Completed,278
3670,8,11,Rajma Chawal,31-10-2023,08:10:13,Completed,414
3671,5,47,Masala Dosa,08-09-2023,11:37:31,Completed,506
3672,5,43,Veg Burger,10-05-2023,04:32:30,Completed,399
3673,3,9,Butter Chicken,14-10-2023,00:25:32,Completed,192
3674,19,17,Chicken Biryani,29-04-2023,03:54:33,Completed,470
3675,3,25,Paneer Butter Masala,30-05-2023,10:13:38,Completed,374
3676,17,29,Chicken Biryani,30-05-2023,23:10:33,Completed,497
3677,17,22,Rajma Chawal,12-04-2023,18:54:04,Completed,249
3678,26,18,Pasta Alfredo,03-06-2023,10:08:27,Completed,507
3679,3,25,Paneer Butter Masala,08-05-2023,12:11:40,Completed,344
3680,6,44,Mutton Biryani,19-11-2023,19:14:59,Completed,161
3681,30,54,Rajma Chawal,08-01-2023,18:00:32,Completed,169
3682,29,52,Egg Curry,09-05-2023,10:18:23,Completed,268
3683,17,51,Mutton Biryani,25-08-2023,03:31:44,Completed,322
3684,5,48,Veg Biryani,17-01-2023,07:46:59,Completed,290
3685,16,3,Egg Curry,27-06-2023,01:03:13,Completed,217
3686,4,54,Paneer Lababdar,13-12-2023,02:55:10,Completed,474
3687,22,20,Pasta Alfredo,28-06-2023,14:04:07,Completed,403
3688,7,12,Egg Curry,27-06-2023,20:27:29,Completed,306
3689,30,21,Pasta Alfredo,07-08-2023,22:32:10,Completed,498
3690,27,60,Egg Curry,18-12-2023,17:37:50,Completed,299
3691,24,60,Paneer Lababdar,04-09-2023,12:21:33,Completed,365
3692,33,51,Paneer Butter Masala,27-06-2023,09:42:25,Completed,229
3693,9,46,Paneer Butter Masala,21-01-2023,06:40:57,Completed,438
3694,20,20,Chole Bhature,25-03-2023,18:12:07,Completed,158
3695,24,52,Chicken Biryani,08-05-2023,21:01:15,Completed,461
3696,31,13,Chole Bhature,13-10-2023,04:14:17,Completed,442
3697,20,20,Egg Curry,24-02-2023,19:06:41,Completed,450
3698,8,3,Paneer Lababdar,02-02-2023,06:04:53,Completed,427
3699,23,17,Paneer Butter Masala,03-11-2023,17:22:04,Completed,223
3700,1,53,Pasta Alfredo,29-01-2023,19:46:56,Completed,177
3701,21,60,Mutton Biryani,10-01-2023,16:25:12,Completed,522
3702,29,21,Chicken Burger,02-12-2023,16:48:41,Completed,252
3703,24,20,Masala Dosa,02-03-2023,00:24:54,Completed,456
3704,30,15,Chicken Biryani,11-09-2023,22:04:51,Completed,417
3705,14,11,Paneer Butter Masala,19-03-2023,15:24:46,Completed,565
3706,21,12,Mutton Biryani,23-10-2023,18:32:01,Completed,564
3707,14,20,Samosa,27-09-2023,00:47:42,Completed,301
3708,7,4,Pasta Alfredo,01-10-2023,06:17:31,Completed,344
3709,26,5,Paneer Lababdar,04-01-2023,09:51:47,Completed,542
3710,1,32,Chole Bhature,28-08-2023,17:49:33,Completed,176
3711,6,42,Egg Curry,16-11-2023,22:42:04,Completed,370
3712,27,39,Egg Curry,12-04-2023,15:26:29,Completed,363
3713,5,19,Rajma Chawal,29-09-2023,09:56:34,Completed,424
3714,25,50,Rajma Chawal,03-03-2023,18:55:49,Completed,456
3715,19,6,Samosa,04-12-2023,01:09:11,Completed,544
3716,6,21,Veg Burger,17-05-2023,14:48:28,Completed,160
3717,17,37,Paneer Butter Masala,06-03-2023,07:58:24,Completed,246
3718,5,18,Paneer Butter Masala,28-02-2023,06:31:56,Completed,190
3719,8,45,Egg Curry,14-01-2023,23:40:32,Completed,538
3720,10,30,Paneer Lababdar,19-09-2023,01:09:50,Completed,430
3721,29,46,Mutton Biryani,25-01-2023,18:31:05,Completed,542
3722,17,55,Rajma Chawal,16-12-2023,08:53:36,Completed,314
3723,10,59,Butter Chicken,04-06-2023,10:27:32,Completed,329
3724,18,7,Chicken Biryani,04-02-2023,12:19:41,Completed,518
3725,8,56,Veg Burger,17-05-2023,20:34:27,Completed,163
3726,23,13,Rajma Chawal,20-02-2023,13:45:58,Completed,480
3727,23,28,Chicken Biryani,25-02-2023,17:51:34,Completed,389
3728,5,32,Pasta Alfredo,15-06-2023,13:15:43,Completed,228
3729,4,53,Mutton Biryani,23-07-2023,18:52:28,Completed,282
3730,5,10,Pasta Alfredo,04-11-2023,19:46:17,Completed,566
3731,5,47,Chole Bhature,20-03-2023,06:58:20,Completed,248
3732,18,55,Paneer Lababdar,11-08-2023,11:45:40,Completed,571
3733,15,8,Chicken Burger,26-12-2023,08:27:56,Completed,452
3734,5,51,Egg Curry,04-04-2023,19:48:56,Completed,314
3735,2,20,Veg Biryani,29-04-2023,09:52:07,Completed,358
3736,32,22,Mutton Biryani,09-08-2023,17:38:04,Completed,551
3737,17,27,Paneer Lababdar,12-01-2023,08:17:04,Completed,237
3738,11,20,Veg Burger,15-07-2023,11:31:56,Completed,405
3739,1,58,Masala Dosa,15-04-2023,16:04:58,Completed,516
3740,10,36,Masala Dosa,05-12-2023,06:20:48,Completed,419
3741,15,52,Mutton Biryani,23-05-2023,12:43:27,Completed,305
3742,7,34,Egg Curry,27-09-2023,09:20:08,Completed,337
3743,2,54,Veg Burger,08-03-2023,21:54:50,Completed,543
3744,30,13,Paneer Butter Masala,12-08-2023,07:56:38,Completed,526
3745,4,6,Egg Curry,18-12-2023,01:51:25,Completed,233
3746,32,11,Paneer Butter Masala,15-09-2023,14:24:28,Completed,547
3747,4,49,Chicken Biryani,23-11-2023,20:50:00,Completed,273
3748,12,41,Masala Dosa,30-08-2023,13:05:29,Completed,250
3749,22,12,Paneer Lababdar,28-03-2023,16:23:08,Completed,384
3750,11,60,Paneer Butter Masala,21-09-2023,01:46:43,Completed,484
3751,11,52,Pasta Alfredo,13-07-2023,09:19:44,Completed,375
3752,21,3,Chicken Burger,20-05-2023,22:47:18,Completed,485
3753,16,43,Samosa,28-11-2023,06:29:36,Completed,527
3754,2,59,Paneer Butter Masala,13-09-2023,00:25:59,Completed,427
3755,32,17,Veg Burger,29-03-2023,12:48:33,Completed,558
3756,23,35,Veg Burger,14-08-2023,04:02:03,Completed,168
3757,1,52,Rajma Chawal,11-11-2023,01:21:34,Completed,554
3758,21,6,Prawn Masala,19-02-2023,20:16:57,Completed,336
3759,19,21,Pasta Alfredo,23-12-2023,12:21:02,Completed,494
3760,29,39,Chole Bhature,09-02-2023,04:06:28,Completed,201
3761,19,34,Chicken Burger,23-08-2023,00:14:32,Completed,556
3762,5,30,Prawn Masala,27-11-2023,17:22:42,Completed,533
3763,30,31,Mutton Biryani,26-08-2023,18:32:43,Completed,162
3764,18,52,Chole Bhature,02-12-2023,11:01:22,Completed,388
3765,7,16,Egg Curry,07-02-2023,12:07:20,Completed,560
3766,22,5,Rajma Chawal,18-01-2023,06:36:15,Completed,557
3767,27,20,Paneer Butter Masala,03-02-2023,02:51:18,Completed,398
3768,26,17,Egg Curry,27-06-2023,12:57:49,Completed,530
3769,28,22,Samosa,27-11-2023,10:07:19,Completed,280
3770,15,21,Veg Biryani,03-09-2023,10:30:50,Completed,582
3771,15,21,Paneer Butter Masala,05-05-2023,05:31:45,Completed,600
3772,22,22,Mutton Biryani,27-10-2023,09:13:41,Completed,587
3773,32,36,Veg Burger,21-09-2023,07:16:26,Completed,500
3774,12,53,Chicken Biryani,04-11-2023,04:18:28,Completed,292
3775,24,13,Chicken Burger,20-06-2023,10:15:09,Completed,595
3776,20,7,Prawn Masala,25-01-2023,09:29:50,Completed,390
3777,26,25,Masala Dosa,06-09-2023,02:00:58,Completed,484
3778,33,21,Egg Curry,13-01-2023,01:13:59,Completed,466
3779,10,15,Veg Burger,29-01-2023,11:56:05,Completed,512
3780,15,23,Mutton Biryani,24-04-2023,18:30:29,Completed,265
3781,11,30,Paneer Butter Masala,16-12-2023,13:14:50,Completed,571
3782,1,16,Paneer Butter Masala,23-12-2023,18:50:26,Completed,203
3783,20,31,Chole Bhature,25-06-2023,22:42:10,Completed,329
3784,9,40,Samosa,17-10-2023,22:10:42,Completed,503
3785,20,22,Masala Dosa,20-06-2023,20:47:33,Completed,337
3786,2,39,Veg Biryani,14-06-2023,07:34:50,Completed,284
3787,25,3,Veg Biryani,30-09-2023,14:56:03,Completed,512
3788,27,2,Chole Bhature,04-10-2023,21:15:01,Completed,330
3789,14,50,Veg Biryani,01-07-2023,23:54:40,Completed,373
3790,31,36,Veg Biryani,19-08-2023,04:03:46,Completed,304
3791,27,34,Butter Chicken,03-09-2023,15:01:05,Completed,562
3792,16,34,Veg Biryani,10-01-2023,22:52:52,Completed,359
3793,9,28,Veg Biryani,23-12-2023,00:52:51,Completed,403
3794,29,47,Chicken Burger,12-08-2023,10:50:12,Completed,155
3795,29,12,Paneer Butter Masala,13-05-2023,23:42:44,Completed,388
3796,23,8,Prawn Masala,07-10-2023,13:31:14,Completed,258
3797,22,50,Chicken Burger,21-10-2023,11:15:46,Completed,206
3798,27,48,Prawn Masala,06-08-2023,07:22:35,Completed,460
3799,9,28,Chicken Biryani,17-05-2023,15:28:18,Completed,334
3800,15,6,Prawn Masala,13-12-2023,05:26:42,Completed,503
3801,30,42,Mutton Biryani,13-11-2023,01:47:23,Completed,204
3802,10,30,Egg Curry,24-10-2023,21:39:07,Completed,185
3803,13,22,Masala Dosa,25-02-2023,09:16:01,Completed,232
3804,33,59,Veg Burger,06-07-2023,00:07:15,Completed,287
3805,21,32,Chicken Burger,26-03-2023,18:36:10,Completed,440
3806,15,59,Chicken Biryani,07-05-2023,17:11:01,Completed,572
3807,22,28,Chicken Burger,27-05-2023,08:51:00,Completed,351
3808,19,11,Egg Curry,15-04-2023,19:39:16,Completed,156
3809,13,38,Chicken Biryani,13-09-2023,14:58:40,Completed,256
3810,6,8,Egg Curry,01-02-2023,22:24:55,Completed,510
3811,13,22,Chicken Biryani,11-09-2023,17:47:15,Completed,177
3812,27,46,Paneer Butter Masala,11-03-2023,01:24:13,Completed,253
3813,19,55,Rajma Chawal,18-06-2023,15:46:27,Completed,553
3814,9,10,Veg Burger,01-10-2023,11:41:49,Completed,176
3815,16,7,Paneer Butter Masala,24-07-2023,01:56:15,Completed,288
3816,10,43,Paneer Lababdar,20-08-2023,20:16:13,Completed,503
3817,24,23,Butter Chicken,25-09-2023,12:56:01,Completed,304
3818,27,30,Butter Chicken,14-08-2023,04:37:37,Completed,349
3819,16,5,Chicken Biryani,03-06-2023,18:57:17,Completed,387
3820,9,35,Butter Chicken,01-06-2023,20:26:57,Completed,499
3821,19,48,Paneer Lababdar,26-11-2023,06:52:56,Completed,335
3822,31,21,Veg Burger,16-08-2023,16:29:41,Completed,397
3823,6,54,Egg Curry,11-06-2023,01:56:20,Completed,282
3824,29,2,Samosa,13-09-2023,14:55:09,Completed,354
3825,33,1,Mutton Biryani,20-09-2023,12:40:29,Completed,352
3826,6,9,Veg Biryani,07-11-2023,06:23:51,Completed,350
3827,7,12,Paneer Lababdar,25-06-2023,21:10:31,Completed,535
3828,11,30,Veg Biryani,09-03-2023,09:59:06,Completed,163
3829,7,25,Rajma Chawal,20-06-2023,13:02:44,Completed,446
3830,4,44,Butter Chicken,02-01-2023,00:50:11,Completed,583
3831,3,50,Veg Burger,23-02-2023,01:05:43,Completed,280
3832,8,44,Chicken Burger,19-06-2023,13:54:26,Completed,410
3833,20,7,Egg Curry,22-10-2023,09:07:14,Completed,156
3834,29,25,Paneer Lababdar,08-06-2023,09:06:49,Completed,529
3835,7,7,Veg Burger,29-11-2023,23:13:24,Completed,251
3836,23,22,Paneer Butter Masala,20-01-2023,02:01:47,Completed,397
3837,20,21,Rajma Chawal,17-12-2023,03:32:48,Completed,238
3838,7,49,Veg Burger,19-12-2023,17:00:28,Completed,206
3839,5,37,Paneer Butter Masala,29-10-2023,23:46:34,Completed,402
3840,14,23,Chicken Biryani,15-04-2023,21:40:13,Completed,296
3841,21,59,Rajma Chawal,02-12-2023,07:19:29,Completed,575
3842,12,33,Samosa,14-10-2023,21:30:41,Completed,420
3843,13,44,Samosa,25-02-2023,16:06:45,Completed,454
3844,32,26,Paneer Lababdar,01-06-2023,06:42:09,Completed,297
3845,7,50,Samosa,23-03-2023,04:52:22,Completed,516
3846,16,7,Paneer Butter Masala,02-01-2023,08:59:18,Completed,343
3847,16,57,Veg Biryani,13-04-2023,11:18:26,Completed,591
3848,12,25,Paneer Butter Masala,30-03-2023,03:26:25,Completed,287
3849,19,5,Chole Bhature,24-06-2023,12:37:43,Completed,166
3850,3,58,Paneer Butter Masala,11-08-2023,01:25:48,Completed,597
3851,12,2,Paneer Butter Masala,09-08-2023,05:45:22,Completed,301
3852,10,43,Veg Biryani,12-08-2023,11:50:50,Completed,173
3853,27,57,Chole Bhature,11-11-2023,20:21:47,Completed,308
3854,15,21,Butter Chicken,26-09-2023,00:53:58,Completed,367
3855,5,45,Chicken Biryani,17-08-2023,10:41:34,Completed,284
3856,21,20,Butter Chicken,20-09-2023,10:30:25,Completed,552
3857,29,43,Pasta Alfredo,04-03-2023,01:24:07,Completed,571
3858,26,23,Chicken Biryani,14-12-2023,03:23:20,Completed,542
3859,32,41,Chicken Biryani,23-03-2023,03:40:56,Completed,421
3860,10,44,Prawn Masala,01-12-2023,12:12:08,Completed,242
3861,13,6,Masala Dosa,07-03-2023,01:17:15,Completed,208
3862,16,20,Egg Curry,03-08-2023,02:52:27,Completed,525
3863,23,1,Chicken Biryani,05-01-2023,17:14:23,Completed,474
3864,7,28,Butter Chicken,27-11-2023,05:10:25,Completed,432
3865,25,52,Prawn Masala,06-09-2023,05:55:50,Completed,453
3866,29,13,Paneer Butter Masala,27-04-2023,02:40:29,Completed,282
3867,2,60,Chicken Burger,17-03-2023,16:26:16,Completed,457
3868,24,58,Chicken Burger,01-11-2023,01:55:38,Completed,484
3869,17,2,Samosa,13-07-2023,22:29:34,Completed,354
3870,30,50,Masala Dosa,19-02-2023,13:43:07,Completed,558
3871,25,50,Chole Bhature,14-02-2023,20:33:43,Completed,402
3872,17,47,Mutton Biryani,15-12-2023,08:53:15,Completed,202
3873,24,50,Butter Chicken,22-05-2023,00:17:16,Completed,597
3874,9,44,Mutton Biryani,09-03-2023,03:47:03,Completed,578
3875,10,43,Mutton Biryani,18-06-2023,12:47:43,Completed,157
3876,26,13,Chole Bhature,04-09-2023,14:22:28,Completed,558
3877,13,12,Masala Dosa,10-03-2023,09:22:12,Completed,304
3878,32,45,Paneer Lababdar,10-07-2023,22:00:44,Completed,584
3879,16,2,Prawn Masala,22-08-2023,07:39:06,Completed,233
3880,1,46,Chole Bhature,07-10-2023,03:14:07,Completed,474
3881,21,46,Pasta Alfredo,27-09-2023,03:52:07,Completed,548
3882,13,5,Veg Biryani,11-03-2023,05:19:25,Completed,477
3883,8,17,Paneer Butter Masala,20-01-2023,14:45:47,Completed,562
3884,20,12,Pasta Alfredo,17-08-2023,06:01:33,Completed,181
3885,16,48,Butter Chicken,19-03-2023,10:49:22,Completed,437
3886,22,11,Chicken Biryani,06-04-2023,15:25:56,Completed,470
3887,11,20,Rajma Chawal,22-08-2023,14:33:24,Completed,236
3888,20,20,Paneer Butter Masala,19-10-2023,06:39:55,Completed,533
3889,20,15,Mutton Biryani,07-08-2023,21:31:39,Completed,222
3890,33,43,Veg Biryani,12-09-2023,03:00:19,Completed,482
3891,30,11,Rajma Chawal,05-11-2023,03:36:22,Completed,281
3892,8,36,Veg Biryani,07-12-2023,05:33:45,Completed,293
3893,32,40,Paneer Lababdar,09-01-2023,05:55:52,Completed,385
3894,15,44,Veg Burger,08-09-2023,18:00:22,Completed,542
3895,28,59,Prawn Masala,13-12-2023,10:21:35,Completed,279
3896,11,9,Rajma Chawal,08-06-2023,03:50:10,Completed,412
3897,10,28,Rajma Chawal,29-10-2023,22:54:06,Completed,179
3898,10,8,Chicken Burger,02-01-2023,12:35:57,Completed,163
3899,26,8,Egg Curry,26-05-2023,05:41:33,Completed,520
3900,16,3,Pasta Alfredo,21-06-2023,06:47:51,Completed,312
3901,15,25,Paneer Lababdar,02-04-2023,09:28:08,Completed,310
3902,26,33,Veg Burger,29-04-2023,12:29:56,Completed,360
3903,31,40,Rajma Chawal,28-02-2023,21:05:24,Completed,531
3904,12,49,Masala Dosa,31-07-2023,01:05:59,Completed,409
3905,30,14,Samosa,29-01-2023,10:12:33,Completed,560
3906,22,45,Chicken Biryani,08-07-2023,19:09:17,Completed,477
3907,32,48,Samosa,21-10-2023,08:39:32,Completed,328
3908,12,1,Masala Dosa,21-12-2023,10:57:48,Completed,500
3909,2,45,Prawn Masala,22-04-2023,22:18:28,Completed,493
3910,25,46,Chole Bhature,28-01-2023,14:39:12,Completed,515
3911,19,57,Masala Dosa,04-03-2023,07:48:41,Completed,578
3912,26,2,Chole Bhature,06-10-2023,16:24:51,Completed,345
3913,6,39,Chicken Biryani,23-05-2023,18:57:00,Completed,278
3914,1,51,Chole Bhature,23-11-2023,09:49:24,Completed,264
3915,1,59,Veg Burger,27-02-2023,08:15:54,Completed,244
3916,11,43,Veg Burger,03-03-2023,09:14:11,Completed,442
3917,16,37,Paneer Lababdar,24-10-2023,02:43:55,Completed,523
3918,25,43,Rajma Chawal,04-04-2023,01:12:12,Completed,238
3919,7,2,Masala Dosa,07-06-2023,16:23:35,Completed,296
3920,10,31,Chicken Burger,18-07-2023,11:11:49,Completed,150
3921,20,41,Veg Burger,17-12-2023,17:46:52,Completed,421
3922,33,19,Butter Chicken,14-05-2023,04:52:04,Completed,282
3923,31,12,Chole Bhature,16-02-2023,05:05:04,Completed,163
3924,14,59,Veg Biryani,28-03-2023,00:01:30,Completed,301
3925,13,12,Chicken Biryani,26-11-2023,10:43:09,Completed,282
3926,2,8,Pasta Alfredo,15-01-2023,18:31:07,Completed,322
3927,11,9,Mutton Biryani,21-06-2023,01:42:54,Completed,309
3928,24,50,Paneer Lababdar,18-12-2023,23:27:07,Completed,322
3929,11,34,Samosa,28-09-2023,07:57:02,Completed,159
3930,29,21,Pasta Alfredo,06-04-2023,10:57:18,Completed,552
3931,26,15,Prawn Masala,19-11-2023,07:37:41,Completed,164
3932,33,18,Paneer Lababdar,07-08-2023,12:44:39,Completed,229
3933,4,38,Rajma Chawal,23-02-2023,02:04:35,Completed,446
3934,31,6,Rajma Chawal,27-10-2023,02:25:44,Completed,373
3935,14,52,Mutton Biryani,10-09-2023,11:09:49,Completed,292
3936,7,37,Egg Curry,23-11-2023,14:15:49,Completed,165
3937,14,49,Paneer Lababdar,12-08-2023,05:25:00,Completed,512
3938,3,1,Prawn Masala,06-01-2023,19:54:03,Completed,598
3939,7,59,Prawn Masala,18-03-2023,10:16:12,Completed,422
3940,18,31,Chicken Biryani,09-01-2023,07:45:40,Completed,539
3941,15,5,Veg Biryani,19-01-2023,19:30:29,Completed,338
3942,19,20,Mutton Biryani,13-12-2023,13:26:45,Completed,253
3943,1,9,Mutton Biryani,12-12-2023,02:20:22,Completed,379
3944,4,30,Chicken Biryani,12-09-2023,03:14:14,Completed,398
3945,18,46,Prawn Masala,01-11-2023,10:03:03,Completed,325
3946,8,47,Chicken Burger,25-08-2023,03:31:14,Completed,526
3947,12,8,Prawn Masala,18-02-2023,16:22:57,Completed,396
3948,19,39,Chole Bhature,13-10-2023,16:33:31,Completed,556
3949,22,11,Paneer Lababdar,08-08-2023,02:04:55,Completed,450
3950,9,12,Rajma Chawal,06-06-2023,00:44:27,Completed,211
3951,14,15,Veg Biryani,14-07-2023,06:37:39,Completed,319
3952,16,13,Egg Curry,05-06-2023,18:45:56,Completed,205
3953,20,41,Veg Burger,28-04-2023,22:43:21,Completed,166
3954,21,17,Paneer Butter Masala,11-11-2023,00:22:34,Completed,431
3955,1,26,Chole Bhature,14-06-2023,07:27:31,Completed,286
3956,10,28,Paneer Butter Masala,21-11-2023,08:45:01,Completed,586
3957,10,58,Mutton Biryani,17-09-2023,11:54:57,Completed,596
3958,18,13,Veg Biryani,15-03-2023,17:43:50,Completed,547
3959,30,44,Egg Curry,31-03-2023,21:09:04,Completed,461
3960,3,42,Veg Biryani,11-09-2023,02:36:08,Completed,446
3961,27,59,Veg Burger,14-10-2023,08:24:37,Completed,433
3962,11,59,Butter Chicken,23-06-2023,20:35:45,Completed,247
3963,15,22,Pasta Alfredo,19-01-2023,06:42:10,Completed,495
3964,21,50,Paneer Butter Masala,04-10-2023,04:03:11,Completed,305
3965,14,32,Masala Dosa,08-12-2023,22:42:00,Completed,549
3966,2,28,Masala Dosa,15-04-2023,03:01:37,Completed,377
3967,6,30,Chole Bhature,22-02-2023,17:45:00,Completed,379
3968,9,31,Masala Dosa,03-08-2023,02:53:11,Completed,387
3969,10,17,Chicken Biryani,02-05-2023,10:05:38,Completed,326
3970,1,42,Butter Chicken,04-01-2023,14:32:37,Completed,441
3971,22,3,Mutton Biryani,22-11-2023,07:51:18,Completed,194
3972,32,34,Rajma Chawal,04-03-2023,01:26:13,Completed,311
3973,1,9,Rajma Chawal,18-07-2023,20:49:56,Completed,449
3974,28,52,Veg Biryani,10-09-2023,03:36:29,Completed,573
3975,29,3,Butter Chicken,08-04-2023,08:27:51,Completed,201
3976,30,47,Veg Burger,27-01-2023,10:33:18,Completed,482
3977,2,15,Chole Bhature,21-09-2023,15:19:14,Completed,363
3978,2,53,Chicken Biryani,10-10-2023,12:50:14,Completed,494
3979,27,55,Masala Dosa,15-08-2023,03:14:23,Completed,338
3980,10,40,Mutton Biryani,08-01-2023,23:20:54,Completed,389
3981,28,5,Mutton Biryani,05-12-2023,04:10:55,Completed,506
3982,16,56,Paneer Butter Masala,07-08-2023,20:17:12,Completed,413
3983,12,19,Veg Burger,25-07-2023,03:38:33,Completed,332
3984,27,11,Chole Bhature,17-01-2023,06:43:55,Completed,179
3985,3,51,Butter Chicken,19-06-2023,17:17:37,Completed,395
3986,10,23,Paneer Lababdar,20-11-2023,10:53:57,Completed,202
3987,10,33,Prawn Masala,10-11-2023,08:15:23,Completed,182
3988,3,4,Chicken Burger,13-01-2023,13:31:11,Completed,450
3989,10,60,Veg Burger,12-01-2023,05:30:46,Completed,158
3990,3,30,Masala Dosa,01-09-2023,09:20:59,Completed,398
3991,27,58,Veg Biryani,10-10-2023,02:25:49,Completed,419
3992,16,24,Chicken Biryani,07-10-2023,15:34:31,Completed,188
3993,3,6,Prawn Masala,28-08-2023,17:42:58,Completed,218
3994,5,39,Egg Curry,11-05-2023,23:24:32,Completed,448
3995,10,38,Chole Bhature,03-08-2023,14:11:08,Completed,593
3996,31,3,Paneer Lababdar,05-08-2023,03:37:55,Completed,502
3997,26,53,Prawn Masala,10-02-2023,10:58:41,Completed,567
3998,10,8,Veg Burger,15-02-2023,21:44:36,Completed,439
3999,1,53,Chicken Biryani,06-05-2023,19:58:59,Completed,407
4000,5,4,Butter Chicken,19-04-2023,11:04:39,Completed,188
4001,25,28,Chicken Biryani,15-02-2023,08:03:37,Completed,459
4002,10,24,Chole Bhature,20-12-2023,02:59:13,Completed,433
4003,32,23,Veg Burger,19-02-2023,07:55:45,Completed,273
4004,32,7,Prawn Masala,11-09-2023,06:46:53,Completed,283
4005,29,21,Chole Bhature,29-07-2023,07:58:43,Completed,477
4006,19,34,Paneer Butter Masala,20-11-2023,10:50:19,Completed,556
4007,15,30,Paneer Lababdar,19-09-2023,10:46:11,Completed,526
4008,18,19,Paneer Butter Masala,21-04-2023,10:38:12,Completed,185
4009,33,15,Chole Bhature,14-10-2023,17:25:20,Completed,337
4010,7,5,Chicken Biryani,06-11-2023,00:30:11,Completed,385
4011,21,26,Butter Chicken,19-02-2023,16:47:06,Completed,441
4012,32,18,Veg Burger,08-09-2023,19:31:46,Completed,425
4013,16,58,Samosa,24-08-2023,18:47:28,Completed,182
4014,17,19,Mutton Biryani,28-01-2023,12:01:45,Completed,226
4015,14,56,Chicken Burger,02-01-2023,08:19:32,Completed,308
4016,3,49,Chicken Burger,18-11-2023,12:48:49,Completed,322
4017,32,56,Rajma Chawal,18-02-2023,11:28:43,Completed,217
4018,2,43,Rajma Chawal,26-05-2023,16:05:11,Completed,488
4019,18,54,Masala Dosa,25-03-2023,21:53:41,Completed,333
4020,32,41,Chicken Biryani,04-02-2023,07:26:03,Completed,289
4021,15,32,Veg Biryani,16-02-2023,18:36:56,Completed,204
4022,32,47,Pasta Alfredo,09-11-2023,19:11:37,Completed,168
4023,9,42,Pasta Alfredo,09-05-2023,12:16:22,Completed,334
4024,27,56,Mutton Biryani,13-10-2023,19:58:22,Completed,496
4025,21,12,Veg Burger,11-02-2023,20:58:09,Completed,303
4026,28,43,Veg Biryani,01-08-2023,09:34:33,Completed,307
4027,30,8,Egg Curry,12-09-2023,13:48:54,Completed,255
4028,30,9,Paneer Lababdar,29-11-2023,18:21:16,Completed,256
4029,23,16,Paneer Butter Masala,21-06-2023,17:49:27,Completed,324
4030,4,9,Chole Bhature,27-02-2023,19:39:01,Completed,349
4031,12,21,Prawn Masala,26-02-2023,08:56:46,Completed,477
4032,32,53,Mutton Biryani,01-09-2023,23:45:08,Completed,255
4033,33,50,Veg Burger,15-01-2023,11:55:55,Completed,561
4034,9,27,Chole Bhature,30-11-2023,19:18:13,Completed,219
4035,14,25,Egg Curry,04-04-2023,21:59:44,Completed,517
4036,13,20,Masala Dosa,02-06-2023,22:07:45,Completed,381
4037,15,1,Chicken Burger,05-09-2023,19:41:01,Completed,447
4038,9,44,Pasta Alfredo,26-09-2023,19:57:57,Completed,312
4039,13,43,Mutton Biryani,30-12-2023,14:46:33,Completed,533
4040,15,14,Pasta Alfredo,27-05-2023,21:52:51,Completed,440
4041,26,26,Veg Biryani,27-10-2023,19:46:22,Completed,586
4042,7,32,Pasta Alfredo,26-10-2023,07:44:04,Completed,295
4043,6,57,Masala Dosa,24-05-2023,14:05:54,Completed,475
4044,1,50,Egg Curry,27-12-2023,12:17:06,Completed,345
4045,18,59,Veg Biryani,03-11-2023,12:55:58,Completed,288
4046,27,21,Paneer Lababdar,22-08-2023,20:21:39,Completed,226
4047,11,43,Prawn Masala,31-01-2023,12:44:27,Completed,534
4048,19,9,Veg Burger,30-12-2023,18:14:01,Completed,547
4049,13,17,Paneer Lababdar,18-04-2023,16:35:01,Completed,395
4050,7,48,Masala Dosa,29-01-2023,21:57:12,Completed,258
4051,3,47,Paneer Lababdar,23-01-2023,23:29:04,Completed,275
4052,22,8,Samosa,03-07-2023,02:46:38,Completed,222
4053,11,56,Veg Burger,29-05-2023,02:39:25,Completed,257
4054,30,59,Masala Dosa,30-11-2023,02:39:20,Completed,335
4055,2,55,Egg Curry,19-06-2023,02:11:45,Completed,251
4056,14,29,Paneer Butter Masala,23-12-2023,16:39:54,Completed,411
4057,27,57,Chicken Burger,05-12-2023,18:43:43,Completed,315
4058,3,2,Chicken Burger,21-03-2023,19:54:28,Completed,191
4059,18,31,Mutton Biryani,07-05-2023,09:36:07,Completed,231
4060,16,19,Rajma Chawal,11-12-2023,01:44:49,Completed,486
4061,5,9,Veg Biryani,16-01-2023,10:54:26,Completed,351
4062,18,48,Veg Biryani,02-08-2023,13:22:48,Completed,535
4063,24,18,Paneer Butter Masala,03-10-2023,07:23:07,Completed,510
4064,26,53,Egg Curry,01-07-2023,15:09:40,Completed,155
4065,30,22,Paneer Lababdar,20-03-2023,10:09:18,Completed,417
4066,26,56,Samosa,10-02-2023,21:23:20,Completed,463
4067,13,39,Chicken Biryani,23-10-2023,07:48:30,Completed,541
4068,1,31,Egg Curry,18-12-2023,11:13:44,Completed,565
4069,25,59,Paneer Lababdar,09-05-2023,05:05:18,Completed,421
4070,15,13,Veg Biryani,05-04-2023,07:08:14,Completed,404
4071,1,32,Veg Biryani,16-11-2023,06:57:33,Completed,281
4072,16,33,Pasta Alfredo,24-10-2023,09:57:01,Completed,526
4073,31,19,Rajma Chawal,16-04-2023,04:06:45,Completed,473
4074,3,12,Paneer Lababdar,06-10-2023,12:34:02,Completed,253
4075,9,22,Chicken Burger,19-01-2023,19:45:49,Completed,597
4076,22,39,Paneer Butter Masala,04-05-2023,08:31:08,Completed,415
4077,23,22,Chicken Burger,11-08-2023,14:31:00,Completed,294
4078,33,33,Masala Dosa,29-03-2023,01:20:14,Completed,319
4079,18,23,Chole Bhature,14-07-2023,12:05:12,Completed,180
4080,5,38,Masala Dosa,17-10-2023,13:26:55,Completed,253
4081,23,23,Butter Chicken,20-06-2023,01:29:42,Completed,170
4082,1,53,Chole Bhature,19-05-2023,04:47:15,Completed,361
4083,20,56,Veg Biryani,01-12-2023,23:03:48,Completed,370
4084,30,27,Chicken Biryani,05-04-2023,08:25:10,Completed,591
4085,5,40,Samosa,10-09-2023,02:09:33,Completed,158
4086,15,42,Prawn Masala,30-11-2023,11:36:57,Completed,258
4087,8,51,Butter Chicken,27-01-2023,02:31:24,Completed,557
4088,29,36,Prawn Masala,15-09-2023,02:51:40,Completed,552
4089,3,12,Egg Curry,15-01-2023,02:54:58,Completed,345
4090,31,1,Chicken Biryani,15-12-2023,12:53:03,Completed,410
4091,19,29,Prawn Masala,21-09-2023,17:03:32,Completed,161
4092,2,49,Prawn Masala,14-04-2023,20:17:04,Completed,427
4093,7,31,Butter Chicken,26-11-2023,05:53:10,Completed,177
4094,15,35,Chole Bhature,03-10-2023,14:51:23,Completed,167
4095,25,34,Rajma Chawal,10-07-2023,23:32:31,Completed,444
4096,21,23,Prawn Masala,17-02-2023,00:40:54,Completed,551
4097,20,31,Masala Dosa,24-02-2023,17:23:38,Completed,420
4098,23,58,Chicken Burger,18-09-2023,22:44:28,Completed,229
4099,27,52,Chole Bhature,16-08-2023,14:59:09,Completed,236
4100,25,22,Mutton Biryani,01-10-2023,07:19:02,Completed,310
4101,3,26,Paneer Butter Masala,04-02-2023,07:10:50,Completed,262
4102,22,60,Pasta Alfredo,22-10-2023,23:00:18,Completed,459
4103,13,36,Chicken Biryani,02-08-2023,19:40:22,Completed,319
4104,28,34,Veg Biryani,03-03-2023,20:20:48,Completed,298
4105,20,20,Samosa,14-11-2023,08:29:33,Completed,181
4106,33,37,Veg Biryani,16-11-2023,03:08:26,Completed,549
4107,11,31,Prawn Masala,15-05-2023,04:01:01,Completed,306
4108,25,23,Pasta Alfredo,10-08-2023,07:34:53,Completed,232
4109,16,6,Veg Biryani,02-07-2023,14:15:08,Completed,296
4110,27,10,Chicken Biryani,16-06-2023,13:14:57,Completed,159
4111,18,39,Paneer Lababdar,15-04-2023,16:43:42,Completed,253
4112,5,5,Butter Chicken,28-04-2023,10:57:57,Completed,514
4113,27,6,Paneer Lababdar,09-03-2023,18:47:46,Completed,175
4114,24,22,Paneer Butter Masala,31-10-2023,06:27:04,Completed,375
4115,1,47,Prawn Masala,01-01-2024,15:48:21,Completed,323
4116,30,8,Chole Bhature,04-07-2023,18:17:38,Completed,253
4117,20,29,Chicken Biryani,08-01-2023,23:31:46,Completed,359
4118,7,24,Paneer Butter Masala,20-02-2023,16:08:15,Completed,507
4119,17,59,Paneer Lababdar,18-05-2023,22:14:54,Completed,473
4120,17,4,Egg Curry,15-06-2023,15:26:44,Completed,539
4121,23,3,Chicken Burger,04-09-2023,03:48:22,Completed,577
4122,12,23,Chicken Burger,02-04-2023,17:22:56,Completed,435
4123,12,53,Chole Bhature,10-05-2023,11:30:27,Completed,211
4124,16,47,Chicken Burger,29-05-2023,23:13:03,Completed,300
4125,13,57,Pasta Alfredo,05-11-2023,15:50:18,Completed,413
4126,30,37,Chole Bhature,26-03-2023,12:28:11,Completed,532
4127,32,55,Rajma Chawal,31-05-2023,07:23:59,Completed,237
4128,5,20,Butter Chicken,26-10-2023,05:28:44,Completed,411
4129,1,59,Samosa,16-09-2023,09:10:33,Completed,338
4130,31,47,Chicken Burger,15-01-2023,13:20:24,Completed,324
4131,31,54,Mutton Biryani,18-09-2023,15:09:56,Completed,467
4132,5,35,Butter Chicken,06-01-2023,18:52:09,Completed,405
4133,20,18,Pasta Alfredo,24-01-2023,10:49:12,Completed,505
4134,5,59,Butter Chicken,16-06-2023,08:17:42,Completed,176
4135,6,56,Prawn Masala,18-06-2023,13:45:32,Completed,537
4136,29,57,Mutton Biryani,20-11-2023,08:27:11,Completed,242
4137,14,25,Chicken Burger,05-08-2023,17:28:45,Completed,224
4138,31,5,Chicken Burger,24-08-2023,14:32:23,Completed,361
4139,20,17,Rajma Chawal,08-09-2023,19:53:28,Completed,404
4140,31,6,Veg Burger,07-09-2023,00:37:52,Completed,522
4141,30,49,Butter Chicken,01-06-2023,22:59:59,Completed,279
4142,16,1,Paneer Lababdar,01-06-2023,18:03:20,Completed,402
4143,29,9,Veg Biryani,19-01-2023,11:56:05,Completed,377
4144,11,38,Mutton Biryani,06-07-2023,14:22:30,Completed,288
4145,29,15,Chicken Biryani,29-12-2023,17:02:16,Completed,155
4146,1,48,Paneer Butter Masala,28-08-2023,13:15:27,Completed,202
4147,24,31,Veg Biryani,02-06-2023,14:58:46,Completed,587
4148,20,20,Chole Bhature,06-12-2023,09:06:55,Completed,174
4149,27,12,Paneer Butter Masala,17-03-2023,05:24:04,Completed,330
4150,23,3,Paneer Butter Masala,29-04-2023,00:57:50,Completed,484
4151,21,9,Chicken Biryani,02-01-2023,12:12:38,Completed,498
4152,25,19,Chole Bhature,04-06-2023,18:58:59,Completed,533
4153,28,10,Chicken Burger,25-06-2023,05:02:04,Completed,403
4154,2,2,Chicken Biryani,19-12-2023,02:57:33,Completed,293
4155,33,39,Prawn Masala,11-04-2023,13:41:55,Completed,451
4156,27,34,Paneer Butter Masala,13-07-2023,03:39:12,Completed,456
4157,4,30,Masala Dosa,17-06-2023,23:49:29,Completed,170
4158,7,7,Veg Burger,24-05-2023,05:15:50,Completed,263
4159,30,60,Mutton Biryani,18-07-2023,18:57:36,Completed,228
4160,23,46,Chole Bhature,28-02-2023,14:08:27,Completed,238
4161,18,16,Butter Chicken,24-06-2023,12:41:01,Completed,467
4162,4,38,Mutton Biryani,16-09-2023,04:35:41,Completed,302
4163,17,53,Paneer Lababdar,07-11-2023,05:56:19,Completed,402
4164,13,38,Masala Dosa,09-02-2023,06:16:40,Completed,386
4165,10,31,Veg Burger,11-02-2023,23:26:23,Completed,428
4166,18,2,Chicken Burger,14-05-2023,14:02:57,Completed,530
4167,6,52,Rajma Chawal,03-03-2023,03:24:55,Completed,485
4168,14,39,Butter Chicken,03-06-2023,18:07:19,Completed,240
4169,17,5,Pasta Alfredo,03-10-2023,05:51:36,Completed,517
4170,25,28,Veg Biryani,03-07-2023,04:07:39,Completed,486
4171,28,6,Chole Bhature,17-06-2023,06:42:07,Completed,439
4172,27,29,Veg Biryani,05-11-2023,22:13:44,Completed,181
4173,6,53,Rajma Chawal,27-06-2023,15:30:00,Completed,548
4174,27,56,Paneer Butter Masala,06-12-2023,02:40:47,Completed,194
4175,26,58,Chicken Biryani,13-01-2023,07:58:12,Completed,214
4176,5,2,Butter Chicken,11-04-2023,10:39:40,Completed,428
4177,13,55,Prawn Masala,07-10-2023,01:25:34,Completed,163
4178,33,33,Paneer Butter Masala,10-01-2023,11:34:31,Completed,492
4179,18,54,Mutton Biryani,17-05-2023,09:49:58,Completed,401
4180,16,53,Butter Chicken,17-01-2023,10:15:10,Completed,467
4181,16,59,Pasta Alfredo,22-03-2023,00:51:30,Completed,530
4182,14,15,Veg Biryani,21-10-2023,00:59:41,Completed,202
4183,10,13,Rajma Chawal,25-08-2023,23:19:10,Completed,407
4184,29,32,Samosa,04-10-2023,00:27:03,Completed,337
4185,23,40,Paneer Butter Masala,18-10-2023,06:00:24,Completed,187
4186,25,10,Veg Biryani,23-01-2023,07:25:07,Completed,351
4187,12,52,Chicken Biryani,15-09-2023,16:24:12,Completed,447
4188,9,43,Paneer Butter Masala,30-06-2023,07:49:50,Completed,226
4189,27,26,Veg Biryani,14-02-2023,16:14:28,Completed,219
4190,21,38,Samosa,06-12-2023,00:04:10,Completed,482
4191,12,55,Veg Biryani,05-03-2023,12:58:21,Completed,270
4192,33,37,Mutton Biryani,15-12-2023,04:22:34,Completed,153
4193,13,23,Butter Chicken,29-12-2023,08:10:33,Completed,337
4194,2,59,Pasta Alfredo,10-06-2023,11:50:15,Completed,565
4195,12,9,Chicken Biryani,21-08-2023,09:18:37,Completed,577
4196,1,40,Butter Chicken,24-01-2023,09:12:17,Completed,489
4197,4,17,Masala Dosa,18-03-2023,18:24:30,Completed,595
4198,11,24,Paneer Lababdar,15-04-2023,19:05:19,Completed,379
4199,3,28,Egg Curry,18-04-2023,09:02:18,Completed,374
4200,23,40,Chole Bhature,20-06-2023,13:32:31,Completed,393
4201,22,52,Egg Curry,01-12-2023,15:38:28,Completed,347
4202,5,43,Chole Bhature,30-11-2023,12:18:26,Completed,238
4203,6,43,Pasta Alfredo,21-07-2023,00:00:20,Completed,278
4204,27,60,Paneer Butter Masala,07-12-2023,08:07:43,Completed,346
4205,3,15,Masala Dosa,25-11-2023,18:20:30,Completed,437
4206,4,2,Chicken Biryani,15-03-2023,21:05:31,Completed,574
4207,2,17,Paneer Lababdar,19-11-2023,12:17:24,Completed,178
4208,21,52,Paneer Lababdar,20-05-2023,02:15:27,Completed,591
4209,14,28,Masala Dosa,18-01-2023,19:41:50,Completed,544
4210,17,32,Chicken Biryani,30-06-2023,19:47:49,Completed,506
4211,22,29,Chicken Biryani,27-07-2023,00:41:00,Completed,451
4212,16,13,Samosa,06-12-2023,04:42:01,Completed,179
4213,16,38,Mutton Biryani,02-09-2023,09:55:32,Completed,499
4214,4,21,Paneer Butter Masala,22-02-2023,12:22:08,Completed,340
4215,31,56,Prawn Masala,01-01-2023,12:04:38,Completed,555
4216,24,29,Chicken Biryani,25-05-2023,09:18:47,Completed,190
4217,2,4,Chole Bhature,19-05-2023,10:00:20,Completed,200
4218,12,43,Prawn Masala,21-08-2023,20:53:39,Completed,595
4219,28,18,Veg Burger,16-08-2023,03:15:35,Completed,290
4220,8,43,Chole Bhature,09-11-2023,23:10:09,Completed,188
4221,11,17,Butter Chicken,08-04-2023,01:57:44,Completed,537
4222,21,26,Egg Curry,30-08-2023,23:51:36,Completed,297
4223,21,12,Chicken Biryani,24-10-2023,23:33:27,Completed,360
4224,10,38,Prawn Masala,04-06-2023,23:16:55,Completed,198
4225,3,55,Prawn Masala,16-08-2023,04:38:52,Completed,445
4226,5,7,Rajma Chawal,23-05-2023,00:38:23,Completed,423
4227,12,48,Pasta Alfredo,01-01-2024,21:14:04,Completed,569
4228,12,52,Prawn Masala,06-01-2023,23:32:49,Completed,501
4229,33,54,Mutton Biryani,29-04-2023,15:22:32,Completed,170
4230,2,21,Egg Curry,11-05-2023,05:45:17,Completed,271
4231,2,9,Masala Dosa,26-06-2023,20:57:29,Completed,466
4232,9,2,Masala Dosa,14-10-2023,06:51:41,Completed,473
4233,20,46,Prawn Masala,12-11-2023,00:13:40,Completed,337
4234,18,31,Samosa,21-02-2023,22:42:39,Completed,429
4235,5,33,Veg Biryani,15-09-2023,12:34:56,Completed,409
4236,1,49,Prawn Masala,11-06-2023,13:03:43,Completed,456
4237,32,7,Rajma Chawal,01-11-2023,14:21:47,Completed,512
4238,29,3,Chole Bhature,04-02-2023,20:10:31,Completed,253
4239,33,58,Chicken Biryani,15-02-2023,01:51:56,Completed,378
4240,31,47,Samosa,30-05-2023,07:15:56,Completed,245
4241,29,27,Veg Biryani,27-12-2023,19:21:23,Completed,442
4242,15,31,Paneer Butter Masala,16-04-2023,14:47:50,Completed,496
4243,21,57,Butter Chicken,21-07-2023,23:08:09,Completed,513
4244,29,3,Veg Biryani,16-11-2023,04:58:56,Completed,266
4245,25,29,Paneer Butter Masala,31-03-2023,23:23:26,Completed,206
4246,29,36,Veg Burger,04-08-2023,15:28:08,Completed,442
4247,26,51,Butter Chicken,19-04-2023,14:02:57,Completed,468
4248,33,13,Egg Curry,10-11-2023,13:06:19,Completed,413
4249,7,19,Rajma Chawal,01-08-2023,20:37:37,Completed,291
4250,23,11,Paneer Butter Masala,30-12-2023,15:04:56,Completed,297
4251,27,25,Prawn Masala,12-11-2023,22:41:19,Completed,197
4252,3,31,Paneer Butter Masala,16-02-2023,22:31:13,Completed,430
4253,1,42,Paneer Butter Masala,03-05-2023,18:34:40,Completed,297
4254,4,2,Pasta Alfredo,12-08-2023,22:23:07,Completed,597
4255,17,21,Butter Chicken,09-12-2023,14:57:18,Completed,535
4256,33,23,Veg Burger,04-10-2023,03:00:41,Completed,288
4257,12,23,Samosa,24-09-2023,01:12:01,Completed,361
4258,15,60,Paneer Lababdar,29-09-2023,17:18:43,Completed,581
4259,13,52,Mutton Biryani,15-08-2023,06:07:12,Completed,335
4260,14,9,Rajma Chawal,29-11-2023,07:33:41,Completed,368
4261,24,30,Veg Burger,22-11-2023,22:20:34,Completed,168
4262,18,13,Pasta Alfredo,09-11-2023,05:25:46,Completed,187
4263,8,8,Chole Bhature,14-02-2023,18:08:30,Completed,175
4264,10,47,Veg Biryani,16-06-2023,12:31:40,Completed,409
4265,15,7,Egg Curry,03-01-2023,10:44:37,Completed,446
4266,32,31,Mutton Biryani,20-09-2023,02:30:12,Completed,159
4267,4,59,Paneer Lababdar,12-02-2023,20:22:46,Completed,230
4268,23,35,Veg Biryani,09-03-2023,19:57:16,Completed,368
4269,20,24,Paneer Lababdar,22-07-2023,11:15:51,Completed,412
4270,1,33,Chole Bhature,11-03-2023,17:17:57,Completed,469
4271,26,40,Chole Bhature,31-12-2023,14:03:39,Completed,522
4272,20,27,Prawn Masala,24-09-2023,20:18:13,Completed,239
4273,19,24,Chicken Burger,04-05-2023,05:23:42,Completed,305
4274,22,35,Veg Biryani,27-07-2023,08:24:55,Completed,354
4275,19,40,Paneer Butter Masala,18-02-2023,05:59:37,Completed,461
4276,29,19,Chicken Burger,02-06-2023,06:40:20,Completed,352
4277,12,23,Paneer Butter Masala,28-12-2023,07:45:02,Completed,245
4278,19,39,Veg Burger,09-10-2023,09:38:52,Completed,342
4279,24,4,Pasta Alfredo,14-05-2023,18:27:17,Completed,510
4280,30,27,Rajma Chawal,02-01-2023,05:02:41,Completed,579
4281,28,56,Prawn Masala,14-12-2023,02:28:04,Completed,338
4282,23,43,Prawn Masala,05-06-2023,03:52:30,Completed,598
4283,31,28,Chole Bhature,21-06-2023,10:56:41,Completed,501
4284,18,34,Veg Biryani,12-02-2023,13:17:01,Completed,356
4285,13,8,Veg Biryani,23-08-2023,08:19:34,Completed,429
4286,26,8,Egg Curry,05-10-2023,20:14:13,Completed,592
4287,31,58,Pasta Alfredo,28-06-2023,23:16:22,Completed,560
4288,1,33,Prawn Masala,22-01-2023,13:27:34,Completed,481
4289,15,49,Veg Biryani,21-10-2023,18:07:27,Completed,346
4290,2,5,Mutton Biryani,06-06-2023,05:53:54,Completed,439
4291,9,58,Chicken Burger,02-11-2023,14:57:32,Completed,206
4292,16,40,Prawn Masala,15-10-2023,04:27:49,Completed,287
4293,28,58,Egg Curry,03-07-2023,05:58:52,Completed,273
4294,30,20,Egg Curry,29-07-2023,06:23:01,Completed,440
4295,7,21,Prawn Masala,25-03-2023,04:19:21,Completed,371
4296,22,51,Samosa,22-03-2023,22:11:04,Completed,309
4297,6,50,Butter Chicken,13-01-2023,01:00:27,Completed,174
4298,27,53,Veg Burger,23-05-2023,20:52:47,Completed,168
4299,30,2,Pasta Alfredo,15-05-2023,14:00:48,Completed,270
4300,32,54,Samosa,07-10-2023,19:36:01,Completed,441
4301,6,57,Samosa,17-11-2023,04:20:34,Completed,417
4302,29,49,Paneer Butter Masala,15-06-2023,01:51:28,Completed,554
4303,14,9,Chicken Biryani,18-02-2023,04:24:52,Completed,414
4304,24,28,Rajma Chawal,17-04-2023,11:59:44,Completed,194
4305,31,30,Masala Dosa,09-08-2023,20:16:57,Completed,491
4306,20,29,Masala Dosa,01-10-2023,03:48:44,Completed,353
4307,5,48,Prawn Masala,21-01-2023,16:18:58,Completed,504
4308,21,16,Masala Dosa,23-11-2023,09:46:50,Completed,585
4309,15,27,Masala Dosa,22-10-2023,01:45:23,Completed,594
4310,26,1,Veg Burger,03-12-2023,08:43:03,Completed,370
4311,17,54,Veg Burger,16-01-2023,16:35:44,Completed,272
4312,16,47,Mutton Biryani,01-09-2023,14:28:02,Completed,244
4313,12,36,Egg Curry,12-06-2023,16:08:58,Completed,151
4314,24,17,Rajma Chawal,17-03-2023,16:32:49,Completed,222
4315,10,16,Paneer Lababdar,22-02-2023,23:26:42,Completed,166
4316,29,15,Mutton Biryani,19-06-2023,14:58:08,Completed,415
4317,17,12,Chicken Burger,29-04-2023,10:15:06,Completed,280
4318,26,34,Mutton Biryani,06-02-2023,02:57:30,Completed,546
4319,23,7,Egg Curry,08-03-2023,18:32:07,Completed,474
4320,18,57,Masala Dosa,04-08-2023,06:16:49,Completed,326
4321,16,8,Prawn Masala,24-04-2023,19:51:13,Completed,467
4322,2,29,Chole Bhature,21-06-2023,10:58:50,Completed,233
4323,31,13,Chicken Burger,22-02-2023,12:36:14,Completed,522
4324,24,6,Chole Bhature,19-11-2023,16:08:52,Completed,390
4325,30,23,Butter Chicken,10-09-2023,10:33:06,Completed,569
4326,22,46,Egg Curry,24-05-2023,05:14:37,Completed,220
4327,4,37,Paneer Butter Masala,13-12-2023,13:23:58,Completed,348
4328,3,47,Butter Chicken,19-11-2023,11:26:08,Completed,502
4329,24,25,Chicken Biryani,26-04-2023,08:39:21,Completed,236
4330,28,33,Paneer Lababdar,04-12-2023,23:03:29,Completed,192
4331,18,46,Mutton Biryani,05-09-2023,03:51:48,Completed,449
4332,30,49,Chole Bhature,30-03-2023,16:47:32,Completed,235
4333,16,54,Chicken Burger,28-01-2023,12:38:25,Completed,435
4334,23,60,Pasta Alfredo,16-04-2023,08:12:04,Completed,514
4335,1,17,Chole Bhature,16-06-2023,00:22:00,Completed,516
4336,3,35,Chole Bhature,03-02-2023,09:18:43,Completed,430
4337,11,46,Chicken Burger,15-11-2023,20:00:23,Completed,499
4338,29,27,Rajma Chawal,21-06-2023,08:39:14,Completed,577
4339,5,59,Paneer Lababdar,24-05-2023,17:23:47,Completed,318
4340,20,10,Veg Burger,06-03-2023,06:33:24,Completed,395
4341,14,53,Paneer Butter Masala,30-05-2023,01:04:54,Completed,321
4342,17,59,Chicken Burger,15-10-2023,20:51:33,Completed,596
4343,9,21,Veg Burger,24-02-2023,11:36:37,Completed,265
4344,24,13,Samosa,01-01-2023,08:31:06,Completed,378
4345,7,37,Rajma Chawal,06-07-2023,13:06:15,Completed,313
4346,24,25,Paneer Butter Masala,13-05-2023,07:18:28,Completed,199
4347,12,21,Mutton Biryani,23-01-2023,05:53:10,Completed,167
4348,29,2,Pasta Alfredo,24-10-2023,03:44:05,Completed,364
4349,31,46,Paneer Butter Masala,30-04-2023,02:02:14,Completed,150
4350,23,42,Prawn Masala,15-09-2023,21:50:42,Completed,151
4351,12,3,Paneer Butter Masala,05-08-2023,22:56:18,Completed,578
4352,22,44,Chole Bhature,27-07-2023,05:49:23,Completed,453
4353,18,42,Masala Dosa,28-07-2023,08:43:35,Completed,323
4354,16,11,Veg Burger,14-12-2023,07:39:42,Completed,593
4355,7,48,Pasta Alfredo,07-09-2023,08:40:58,Completed,192
4356,20,45,Chole Bhature,18-06-2023,05:30:29,Completed,523
4357,11,46,Samosa,20-01-2023,15:53:54,Completed,294
4358,13,6,Samosa,14-09-2023,13:48:25,Completed,434
4359,8,11,Prawn Masala,08-06-2023,22:35:35,Completed,247
4360,2,22,Mutton Biryani,21-10-2023,16:19:51,Completed,405
4361,14,25,Chicken Biryani,15-09-2023,04:05:23,Completed,391
4362,19,53,Butter Chicken,28-04-2023,00:12:30,Completed,244
4363,11,10,Mutton Biryani,31-07-2023,15:20:50,Completed,523
4364,27,1,Butter Chicken,31-05-2023,10:56:13,Completed,277
4365,8,28,Egg Curry,08-06-2023,00:42:52,Completed,361
4366,31,36,Paneer Butter Masala,20-01-2023,14:09:02,Completed,541
4367,19,8,Butter Chicken,22-01-2023,05:44:03,Completed,385
4368,3,43,Masala Dosa,07-02-2023,07:33:15,Completed,212
4369,18,11,Chole Bhature,01-09-2023,10:17:00,Completed,285
4370,25,2,Paneer Butter Masala,22-06-2023,23:15:37,Completed,186
4371,21,35,Chicken Burger,09-03-2023,17:37:41,Completed,414
4372,21,56,Prawn Masala,26-03-2023,19:34:25,Completed,267
4373,11,54,Samosa,16-12-2023,15:46:10,Completed,303
4374,16,56,Egg Curry,22-06-2023,06:44:19,Completed,397
4375,3,42,Egg Curry,05-08-2023,06:50:57,Completed,363
4376,20,2,Butter Chicken,06-01-2023,06:18:14,Completed,235
4377,8,38,Masala Dosa,17-09-2023,09:50:07,Completed,183
4378,8,36,Samosa,11-04-2023,06:30:07,Completed,438
4379,25,45,Chole Bhature,26-08-2023,16:14:39,Completed,173
4380,18,6,Mutton Biryani,28-12-2023,04:29:52,Completed,455
4381,8,25,Chole Bhature,25-07-2023,01:33:12,Completed,498
4382,33,41,Chicken Biryani,19-05-2023,09:14:25,Completed,311
4383,31,58,Masala Dosa,20-03-2023,07:15:10,Completed,373
4384,32,51,Chicken Burger,24-04-2023,15:52:59,Completed,419
4385,15,60,Butter Chicken,17-11-2023,05:35:56,Completed,599
4386,29,59,Prawn Masala,15-09-2023,16:10:46,Completed,199
4387,10,3,Paneer Lababdar,01-01-2023,20:27:47,Completed,542
4388,31,25,Chicken Biryani,24-06-2023,14:56:39,Completed,534
4389,23,37,Chicken Biryani,04-07-2023,03:39:16,Completed,461
4390,1,27,Veg Biryani,29-03-2023,07:39:27,Completed,280
4391,23,35,Paneer Lababdar,19-11-2023,11:11:14,Completed,579
4392,14,57,Chicken Biryani,13-11-2023,09:55:12,Completed,242
4393,23,14,Prawn Masala,30-01-2023,21:16:04,Completed,600
4394,22,24,Paneer Lababdar,04-03-2023,16:16:30,Completed,492
4395,16,35,Pasta Alfredo,18-09-2023,12:39:38,Completed,268
4396,3,40,Pasta Alfredo,19-03-2023,07:55:30,Completed,406
4397,11,22,Chicken Burger,27-06-2023,05:21:57,Completed,311
4398,25,20,Chicken Burger,02-09-2023,15:57:32,Completed,313
4399,1,31,Veg Burger,19-04-2023,21:49:25,Completed,427
4400,12,12,Chicken Biryani,04-08-2023,18:01:27,Completed,316
4401,23,49,Egg Curry,10-01-2023,20:20:13,Completed,467
4402,25,24,Chole Bhature,14-04-2023,18:07:36,Completed,465
4403,12,46,Prawn Masala,23-11-2023,17:23:22,Completed,216
4404,10,8,Veg Biryani,22-07-2023,15:43:02,Completed,358
4405,5,46,Samosa,23-10-2023,03:46:39,Completed,325
4406,19,44,Veg Burger,21-02-2023,16:43:16,Completed,151
4407,14,31,Chicken Biryani,29-09-2023,07:37:40,Completed,431
4408,17,30,Chicken Burger,07-09-2023,03:33:07,Completed,306
4409,4,51,Paneer Butter Masala,23-01-2023,17:53:12,Completed,537
4410,22,11,Veg Biryani,07-04-2023,17:29:25,Completed,187
4411,9,31,Egg Curry,05-11-2023,00:11:47,Completed,308
4412,26,43,Butter Chicken,10-06-2023,04:21:43,Completed,334
4413,5,44,Veg Burger,03-05-2023,08:39:24,Completed,288
4414,29,55,Pasta Alfredo,27-08-2023,02:44:37,Completed,378
4415,14,23,Butter Chicken,07-10-2023,22:20:51,Completed,549
4416,13,16,Samosa,06-08-2023,02:58:30,Completed,263
4417,1,21,Rajma Chawal,19-08-2023,06:12:14,Completed,573
4418,24,42,Rajma Chawal,24-02-2023,06:36:46,Completed,575
4419,21,43,Rajma Chawal,02-05-2023,21:13:24,Completed,199
4420,2,39,Rajma Chawal,17-06-2023,09:17:05,Completed,547
4421,19,14,Paneer Butter Masala,17-08-2023,03:19:13,Completed,405
4422,12,28,Rajma Chawal,15-11-2023,20:53:52,Completed,579
4423,23,57,Mutton Biryani,27-11-2023,20:22:07,Completed,223
4424,4,39,Egg Curry,13-05-2023,13:08:04,Completed,333
4425,24,45,Egg Curry,09-04-2023,16:41:12,Completed,229
4426,19,24,Mutton Biryani,08-07-2023,17:53:48,Completed,290
4427,5,24,Chole Bhature,26-12-2023,11:48:13,Completed,409
4428,15,47,Prawn Masala,06-10-2023,21:06:56,Completed,320
4429,28,49,Samosa,14-08-2023,20:37:02,Completed,434
4430,24,20,Paneer Butter Masala,13-08-2023,08:57:51,Completed,353
4431,30,19,Paneer Butter Masala,01-01-2023,12:52:01,Completed,333
4432,12,38,Veg Biryani,08-08-2023,10:11:39,Completed,525
4433,3,14,Chole Bhature,21-04-2023,09:34:18,Completed,318
4434,3,14,Chicken Burger,16-01-2023,08:03:09,Completed,519
4435,11,59,Egg Curry,19-03-2023,05:48:30,Completed,442
4436,24,43,Egg Curry,20-09-2023,07:49:16,Completed,347
4437,20,42,Egg Curry,26-12-2023,14:52:50,Completed,298
4438,31,33,Prawn Masala,20-11-2023,13:44:01,Completed,261
4439,5,32,Veg Burger,16-12-2023,09:17:42,Completed,374
4440,19,52,Paneer Lababdar,04-12-2023,20:52:42,Completed,183
4441,31,1,Egg Curry,13-10-2023,09:26:28,Completed,236
4442,9,9,Egg Curry,09-11-2023,19:05:35,Completed,337
4443,32,21,Paneer Butter Masala,16-02-2023,09:00:30,Completed,397
4444,4,54,Samosa,15-08-2023,07:32:45,Completed,523
4445,7,51,Rajma Chawal,29-01-2023,06:58:51,Completed,227
4446,17,16,Paneer Butter Masala,03-11-2023,13:25:30,Completed,367
4447,8,34,Egg Curry,03-02-2023,03:31:02,Completed,478
4448,5,12,Paneer Lababdar,18-08-2023,15:56:52,Completed,251
4449,6,9,Egg Curry,24-10-2023,13:19:38,Completed,487
4450,32,17,Butter Chicken,13-04-2023,10:44:29,Completed,159
4451,28,23,Prawn Masala,25-01-2023,17:57:28,Completed,563
4452,12,11,Mutton Biryani,20-02-2023,01:10:28,Completed,201
4453,30,33,Mutton Biryani,05-09-2023,03:12:26,Completed,585
4454,16,19,Chicken Biryani,24-06-2023,18:50:47,Completed,588
4455,21,38,Egg Curry,22-12-2023,03:57:32,Completed,567
4456,17,35,Prawn Masala,07-01-2023,07:19:48,Completed,549
4457,2,54,Mutton Biryani,12-05-2023,16:31:18,Completed,418
4458,31,23,Chicken Biryani,27-03-2023,12:28:21,Completed,537
4459,32,39,Chicken Biryani,07-10-2023,16:09:43,Completed,247
4460,29,54,Veg Burger,09-04-2023,08:54:42,Completed,327
4461,33,58,Chicken Burger,27-02-2023,20:47:12,Completed,270
4462,11,34,Veg Biryani,14-06-2023,07:52:43,Completed,600
4463,24,46,Paneer Butter Masala,01-03-2023,23:14:44,Completed,574
4464,14,12,Rajma Chawal,14-07-2023,05:11:42,Completed,436
4465,10,48,Rajma Chawal,28-07-2023,17:19:20,Completed,390
4466,12,2,Veg Biryani,18-08-2023,15:51:41,Completed,266
4467,6,25,Veg Biryani,13-06-2023,20:31:51,Completed,485
4468,14,11,Chicken Biryani,31-01-2023,15:25:10,Completed,184
4469,30,29,Paneer Butter Masala,05-04-2023,14:04:17,Completed,172
4470,12,34,Mutton Biryani,06-01-2023,21:00:55,Completed,252
4471,23,55,Paneer Lababdar,28-02-2023,20:08:19,Completed,395
4472,28,42,Samosa,21-01-2023,01:25:02,Completed,402
4473,24,3,Veg Biryani,14-08-2023,13:50:19,Completed,173
4474,11,2,Chole Bhature,01-03-2023,14:54:52,Completed,394
4475,19,6,Veg Burger,15-09-2023,11:45:43,Completed,509
4476,25,7,Mutton Biryani,11-02-2023,07:53:33,Completed,322
4477,5,37,Butter Chicken,05-07-2023,16:58:18,Completed,177
4478,21,49,Chicken Biryani,02-10-2023,00:07:12,Completed,298
4479,8,28,Egg Curry,18-12-2023,01:44:19,Completed,446
4480,1,59,Samosa,26-04-2023,05:17:17,Completed,224
4481,25,34,Chole Bhature,15-09-2023,20:29:43,Completed,152
4482,24,27,Paneer Lababdar,11-12-2023,01:02:38,Completed,479
4483,29,6,Paneer Butter Masala,18-12-2023,11:51:45,Completed,458
4484,14,20,Chicken Biryani,14-12-2023,21:30:58,Completed,468
4485,24,24,Chicken Burger,29-01-2023,09:53:21,Completed,501
4486,29,51,Paneer Butter Masala,03-04-2023,15:08:17,Completed,522
4487,30,60,Chicken Burger,24-10-2023,14:31:00,Completed,396
4488,7,49,Paneer Butter Masala,21-12-2023,06:39:25,Completed,366
4489,27,14,Veg Biryani,18-05-2023,15:07:21,Completed,586
4490,7,51,Pasta Alfredo,18-07-2023,07:26:05,Completed,360
4491,15,51,Veg Biryani,19-05-2023,10:27:49,Completed,378
4492,10,19,Masala Dosa,21-02-2023,08:09:34,Completed,565
4493,12,21,Chicken Biryani,26-09-2023,17:33:34,Completed,164
4494,14,39,Samosa,19-09-2023,23:01:12,Completed,450
4495,17,26,Chicken Burger,09-10-2023,16:30:29,Completed,286
4496,11,3,Rajma Chawal,19-07-2023,20:15:39,Completed,397
4497,15,11,Paneer Butter Masala,27-05-2023,04:45:12,Completed,480
4498,6,55,Chicken Biryani,12-08-2023,11:10:29,Completed,310
4499,2,19,Pasta Alfredo,12-02-2023,05:48:08,Completed,578
4500,32,43,Paneer Butter Masala,28-07-2023,06:26:39,Completed,236
4501,20,15,Veg Biryani,02-04-2023,12:38:07,Completed,164
4502,5,45,Samosa,10-06-2023,21:14:05,Completed,404
4503,32,1,Samosa,15-02-2023,19:38:15,Completed,455
4504,20,6,Pasta Alfredo,23-01-2023,14:37:00,Completed,255
4505,30,48,Veg Biryani,14-06-2023,09:35:39,Completed,249
4506,4,28,Mutton Biryani,10-02-2023,11:33:43,Completed,382
4507,2,57,Chicken Biryani,20-05-2023,19:11:30,Completed,530
4508,32,48,Chicken Biryani,09-02-2023,01:41:03,Completed,540
4509,28,47,Rajma Chawal,19-07-2023,23:44:53,Completed,555
4510,5,1,Samosa,30-04-2023,13:36:42,Completed,573
4511,28,13,Prawn Masala,07-09-2023,05:16:50,Completed,342
4512,25,22,Paneer Lababdar,12-10-2023,10:54:04,Completed,505
4513,3,56,Chicken Burger,21-11-2023,20:40:10,Completed,422
4514,16,31,Paneer Butter Masala,04-02-2023,14:44:23,Completed,433
4515,15,29,Pasta Alfredo,21-02-2023,01:08:04,Completed,448
4516,20,48,Samosa,03-06-2023,00:12:39,Completed,171
4517,31,55,Egg Curry,02-02-2023,22:53:19,Completed,340
4518,22,33,Chole Bhature,28-11-2023,09:00:16,Completed,462
4519,26,28,Masala Dosa,14-02-2023,16:44:27,Completed,189
4520,18,15,Rajma Chawal,12-12-2023,01:08:29,Completed,444
4521,1,33,Veg Biryani,13-08-2023,06:01:26,Completed,315
4522,3,54,Rajma Chawal,09-10-2023,19:18:53,Completed,256
4523,6,43,Veg Burger,12-11-2023,12:17:04,Completed,532
4524,16,34,Chicken Burger,18-08-2023,22:23:01,Completed,566
4525,20,40,Egg Curry,02-08-2023,00:15:25,Completed,400
4526,33,45,Paneer Butter Masala,04-03-2023,03:52:35,Completed,329
4527,17,32,Prawn Masala,24-12-2023,17:04:59,Completed,253
4528,24,1,Paneer Lababdar,18-10-2023,13:30:26,Completed,554
4529,25,59,Veg Burger,01-03-2023,06:45:43,Completed,159
4530,31,8,Veg Burger,20-10-2023,05:31:52,Completed,413
4531,22,8,Veg Burger,21-12-2023,10:26:06,Completed,538
4532,3,34,Veg Burger,12-03-2023,23:21:57,Completed,174
4533,19,50,Veg Burger,07-11-2023,22:47:23,Completed,263
4534,10,59,Egg Curry,07-05-2023,20:04:51,Completed,357
4535,3,29,Samosa,02-06-2023,19:16:02,Completed,151
4536,7,54,Rajma Chawal,28-12-2023,08:23:06,Completed,456
4537,19,18,Chole Bhature,06-04-2023,07:16:45,Completed,211
4538,4,24,Pasta Alfredo,02-08-2023,05:14:33,Completed,544
4539,2,8,Paneer Lababdar,24-06-2023,09:17:45,Completed,224
4540,20,1,Mutton Biryani,13-07-2023,08:13:25,Completed,566
4541,22,51,Pasta Alfredo,28-10-2023,20:42:05,Completed,537
4542,2,38,Mutton Biryani,25-01-2023,17:35:09,Completed,423
4543,1,9,Paneer Lababdar,28-09-2023,12:43:29,Completed,425
4544,14,19,Veg Biryani,19-02-2023,15:33:00,Completed,209
4545,11,59,Masala Dosa,24-11-2023,01:21:31,Completed,346
4546,1,45,Chicken Biryani,19-03-2023,00:31:39,Completed,349
4547,28,25,Chicken Burger,12-01-2023,23:22:48,Completed,301
4548,12,13,Chicken Burger,01-12-2023,08:55:31,Completed,290
4549,12,32,Pasta Alfredo,01-04-2023,14:45:21,Completed,443
4550,23,23,Egg Curry,04-03-2023,05:45:17,Completed,164
4551,26,10,Veg Biryani,22-10-2023,05:38:03,Completed,576
4552,12,19,Egg Curry,14-06-2023,13:24:14,Completed,540
4553,20,23,Mutton Biryani,24-09-2023,09:29:02,Completed,244
4554,14,55,Veg Burger,16-03-2023,04:36:58,Completed,455
4555,16,19,Paneer Butter Masala,13-07-2023,03:42:48,Completed,490
4556,11,29,Pasta Alfredo,05-11-2023,06:28:57,Completed,574
4557,6,15,Prawn Masala,04-04-2023,13:21:30,Completed,417
4558,7,17,Chole Bhature,28-10-2023,05:51:03,Completed,161
4559,24,48,Veg Biryani,28-02-2023,07:06:08,Completed,541
4560,32,58,Samosa,16-07-2023,04:27:16,Completed,151
4561,10,31,Veg Biryani,01-04-2023,16:30:48,Completed,153
4562,22,25,Rajma Chawal,13-12-2023,08:52:40,Completed,206
4563,5,17,Masala Dosa,28-08-2023,08:21:37,Completed,253
4564,13,48,Pasta Alfredo,10-04-2023,22:43:48,Completed,440
4565,13,38,Pasta Alfredo,08-04-2023,16:53:03,Completed,556
4566,10,47,Chicken Burger,29-05-2023,18:11:50,Completed,396
4567,32,23,Chicken Burger,18-11-2023,09:28:38,Completed,377
4568,4,46,Chole Bhature,23-06-2023,20:48:00,Completed,197
4569,14,44,Paneer Butter Masala,11-11-2023,09:09:35,Completed,251
4570,18,16,Veg Biryani,29-01-2023,05:05:30,Completed,529
4571,1,52,Masala Dosa,14-08-2023,15:49:10,Completed,252
4572,23,32,Rajma Chawal,19-04-2023,06:26:49,Completed,468
4573,21,27,Butter Chicken,07-03-2023,09:39:46,Completed,198
4574,16,31,Prawn Masala,01-11-2023,14:33:53,Completed,246
4575,4,39,Veg Burger,20-08-2023,01:02:58,Completed,311
4576,9,39,Masala Dosa,10-01-2023,05:49:59,Completed,311
4577,18,19,Mutton Biryani,01-01-2024,23:47:26,Completed,453
4578,23,38,Paneer Lababdar,21-05-2023,17:40:43,Completed,170
4579,32,51,Veg Burger,16-08-2023,05:50:20,Completed,513
4580,13,15,Prawn Masala,13-11-2023,05:11:09,Completed,278
4581,4,32,Egg Curry,08-08-2023,08:57:38,Completed,266
4582,6,14,Butter Chicken,13-01-2023,15:08:07,Completed,242
4583,20,42,Paneer Butter Masala,30-06-2023,07:25:32,Completed,343
4584,11,19,Paneer Butter Masala,23-01-2023,12:50:50,Completed,470
4585,12,34,Egg Curry,28-12-2023,03:51:09,Completed,568
4586,21,2,Paneer Lababdar,03-12-2023,15:49:41,Completed,324
4587,21,29,Egg Curry,04-06-2023,12:09:48,Completed,376
4588,13,51,Prawn Masala,19-05-2023,18:47:06,Completed,285
4589,5,8,Prawn Masala,07-09-2023,23:00:08,Completed,588
4590,19,2,Paneer Lababdar,31-08-2023,22:42:29,Completed,426
4591,24,13,Chole Bhature,21-05-2023,12:18:40,Completed,241
4592,28,6,Veg Biryani,20-11-2023,13:49:42,Completed,535
4593,11,52,Chicken Biryani,07-09-2023,23:50:29,Completed,350
4594,19,30,Paneer Butter Masala,27-07-2023,05:49:50,Completed,462
4595,11,48,Prawn Masala,28-01-2023,18:58:05,Completed,201
4596,5,27,Veg Biryani,19-08-2023,22:42:19,Completed,406
4597,26,23,Samosa,26-07-2023,18:41:09,Completed,408
4598,9,52,Chicken Biryani,04-09-2023,02:48:11,Completed,407
4599,19,28,Chole Bhature,07-12-2023,03:32:51,Completed,324
4600,17,30,Prawn Masala,29-04-2023,13:21:11,Completed,153
4601,2,48,Chole Bhature,27-04-2023,20:43:04,Completed,354
4602,21,1,Egg Curry,21-09-2023,02:59:05,Completed,305
4603,15,11,Chole Bhature,18-07-2023,09:04:52,Completed,257
4604,29,9,Veg Burger,04-04-2023,12:05:34,Completed,179
4605,3,8,Rajma Chawal,25-03-2023,01:57:09,Completed,245
4606,22,31,Mutton Biryani,06-03-2023,23:44:23,Completed,235
4607,23,36,Veg Biryani,02-03-2023,20:05:53,Completed,511
4608,10,59,Masala Dosa,15-01-2023,16:10:05,Completed,522
4609,26,36,Egg Curry,05-08-2023,23:23:02,Completed,238
4610,31,48,Paneer Lababdar,17-02-2023,00:42:27,Completed,196
4611,7,56,Prawn Masala,04-11-2023,11:05:10,Completed,492
4612,10,48,Mutton Biryani,02-09-2023,02:08:04,Completed,311
4613,11,31,Masala Dosa,20-10-2023,11:57:10,Completed,573
4614,2,10,Samosa,22-08-2023,21:26:27,Completed,171
4615,18,52,Butter Chicken,08-05-2023,07:15:23,Completed,334
4616,4,28,Veg Biryani,18-08-2023,14:02:36,Completed,222
4617,30,33,Paneer Lababdar,29-11-2023,01:08:50,Completed,417
4618,7,44,Paneer Butter Masala,20-06-2023,06:05:41,Completed,594
4619,24,51,Chicken Burger,31-03-2023,22:18:05,Completed,182
4620,2,19,Prawn Masala,18-09-2023,12:00:18,Completed,197
4621,6,36,Butter Chicken,14-07-2023,02:50:20,Completed,306
4622,29,51,Prawn Masala,19-04-2023,12:13:50,Completed,226
4623,8,33,Chicken Biryani,22-07-2023,11:17:39,Completed,287
4624,5,33,Pasta Alfredo,02-03-2023,22:27:11,Completed,258
4625,8,30,Rajma Chawal,15-11-2023,23:57:43,Completed,500
4626,1,28,Mutton Biryani,20-08-2023,04:05:54,Completed,346
4627,5,37,Chicken Burger,29-10-2023,18:03:05,Completed,477
4628,4,19,Rajma Chawal,28-11-2023,09:34:39,Completed,551
4629,33,25,Samosa,25-07-2023,00:56:16,Completed,200
4630,32,60,Prawn Masala,24-09-2023,06:19:16,Completed,324
4631,3,31,Chole Bhature,01-09-2023,04:18:50,Completed,197
4632,2,2,Veg Burger,11-12-2023,20:29:11,Completed,292
4633,2,12,Chole Bhature,30-08-2023,16:33:58,Completed,275
4634,11,37,Samosa,26-03-2023,16:10:47,Completed,547
4635,32,4,Pasta Alfredo,19-10-2023,18:23:01,Completed,299
4636,23,56,Prawn Masala,02-10-2023,01:37:00,Completed,323
4637,23,56,Paneer Lababdar,24-02-2023,13:50:28,Completed,251
4638,22,56,Paneer Lababdar,05-07-2023,20:13:16,Completed,299
4639,5,28,Egg Curry,18-01-2023,12:07:28,Completed,336
4640,7,16,Samosa,27-08-2023,12:23:47,Completed,528
4641,14,8,Masala Dosa,30-05-2023,11:27:22,Completed,326
4642,27,58,Chicken Burger,02-04-2023,14:51:47,Completed,595
4643,21,23,Chole Bhature,12-03-2023,22:11:48,Completed,585
4644,15,38,Pasta Alfredo,23-04-2023,14:54:47,Completed,473
4645,17,49,Chicken Biryani,21-02-2023,15:31:52,Completed,422
4646,21,30,Paneer Butter Masala,09-09-2023,12:11:34,Completed,588
4647,5,26,Rajma Chawal,17-10-2023,09:03:12,Completed,502
4648,1,59,Chole Bhature,15-01-2023,09:48:51,Completed,307
4649,12,19,Masala Dosa,07-08-2023,10:33:02,Completed,493
4650,26,49,Mutton Biryani,20-06-2023,12:36:04,Completed,202
4651,4,20,Paneer Lababdar,22-06-2023,04:47:04,Completed,464
4652,13,37,Samosa,16-11-2023,02:50:25,Completed,291
4653,5,59,Pasta Alfredo,17-06-2023,12:34:46,Completed,518
4654,24,38,Chicken Burger,28-01-2023,11:10:53,Completed,372
4655,7,53,Rajma Chawal,18-07-2023,23:54:01,Completed,353
4656,20,31,Prawn Masala,13-02-2023,02:46:48,Completed,213
4657,11,17,Prawn Masala,16-08-2023,07:37:03,Completed,213
4658,11,36,Chole Bhature,25-11-2023,23:15:26,Completed,362
4659,23,60,Veg Biryani,04-06-2023,21:31:38,Completed,238
4660,2,38,Masala Dosa,09-10-2023,08:47:13,Completed,567
4661,30,34,Chicken Biryani,28-01-2023,03:31:50,Completed,258
4662,28,58,Paneer Butter Masala,21-05-2023,02:02:17,Completed,463
4663,29,1,Paneer Butter Masala,22-09-2023,05:33:14,Completed,464
4664,14,51,Rajma Chawal,31-07-2023,03:05:31,Completed,507
4665,25,16,Masala Dosa,16-10-2023,00:28:05,Completed,337
4666,11,32,Chole Bhature,10-06-2023,02:22:27,Completed,478
4667,12,43,Egg Curry,16-02-2023,19:50:25,Completed,160
4668,33,28,Veg Burger,26-08-2023,03:44:07,Completed,406
4669,10,8,Egg Curry,10-11-2023,18:21:23,Completed,478
4670,7,24,Masala Dosa,16-08-2023,23:12:17,Completed,407
4671,22,38,Mutton Biryani,06-10-2023,14:33:44,Completed,486
4672,19,10,Rajma Chawal,26-08-2023,11:32:15,Completed,429
4673,3,44,Paneer Butter Masala,20-10-2023,02:25:31,Completed,288
4674,14,40,Butter Chicken,18-11-2023,05:13:46,Completed,307
4675,31,55,Veg Burger,27-05-2023,13:06:16,Completed,542
4676,6,30,Chicken Burger,19-06-2023,18:03:14,Completed,573
4677,31,42,Paneer Lababdar,12-05-2023,13:36:45,Completed,460
4678,18,22,Paneer Butter Masala,21-04-2023,09:08:47,Completed,292
4679,28,10,Rajma Chawal,03-02-2023,06:42:53,Completed,310
4680,18,3,Veg Burger,09-01-2023,14:03:32,Completed,202
4681,20,42,Chicken Burger,08-09-2023,05:08:30,Completed,157
4682,21,11,Rajma Chawal,28-11-2023,02:57:58,Completed,155
4683,17,3,Masala Dosa,17-06-2023,21:32:19,Completed,249
4684,14,11,Chicken Burger,30-12-2023,20:17:40,Completed,532
4685,1,8,Paneer Lababdar,03-07-2023,21:30:56,Completed,294
4686,9,58,Pasta Alfredo,03-04-2023,22:53:22,Completed,538
4687,3,8,Veg Biryani,16-07-2023,08:52:47,Completed,405
4688,10,40,Veg Biryani,24-04-2023,16:34:35,Completed,405
4689,14,46,Egg Curry,27-12-2023,09:57:52,Completed,152
4690,2,14,Masala Dosa,26-03-2023,19:24:17,Completed,259
4691,18,49,Pasta Alfredo,26-02-2023,21:45:21,Completed,478
4692,15,6,Chicken Biryani,24-12-2023,02:32:36,Completed,170
4693,28,23,Masala Dosa,12-07-2023,00:33:21,Completed,517
4694,33,47,Chicken Burger,03-09-2023,17:17:15,Completed,399
4695,18,23,Paneer Lababdar,04-05-2023,15:40:11,Completed,559
4696,21,34,Egg Curry,20-07-2023,07:24:53,Completed,173
4697,16,11,Samosa,09-10-2023,18:53:49,Completed,530
4698,24,54,Prawn Masala,12-01-2023,02:26:50,Completed,456
4699,7,49,Pasta Alfredo,03-12-2023,14:02:01,Completed,387
4700,20,31,Masala Dosa,07-04-2023,05:27:14,Completed,388
4701,17,49,Chole Bhature,27-04-2023,00:56:29,Completed,272
4702,10,43,Chole Bhature,04-07-2023,03:53:39,Completed,478
4703,29,38,Paneer Butter Masala,10-01-2023,06:59:08,Completed,186
4704,33,58,Mutton Biryani,15-12-2023,00:21:08,Completed,379
4705,27,52,Samosa,22-10-2023,23:09:57,Completed,201
4706,24,41,Chicken Biryani,24-10-2023,16:31:37,Completed,420
4707,17,31,Egg Curry,26-02-2023,11:31:56,Completed,485
4708,3,4,Egg Curry,29-03-2023,11:30:39,Completed,506
4709,29,8,Chicken Biryani,20-10-2023,15:24:26,Completed,228
4710,33,47,Veg Burger,18-07-2023,20:49:55,Completed,584
4711,8,16,Veg Biryani,11-01-2023,05:58:54,Completed,460
4712,22,54,Chicken Biryani,12-03-2023,13:36:20,Completed,594
4713,31,56,Paneer Lababdar,21-03-2023,06:29:02,Completed,370
4714,31,4,Paneer Lababdar,25-05-2023,17:04:11,Completed,407
4715,8,59,Veg Biryani,21-09-2023,11:51:23,Completed,232
4716,2,20,Chicken Burger,28-08-2023,09:32:52,Completed,228
4717,5,37,Butter Chicken,17-02-2023,00:39:46,Completed,406
4718,2,48,Chole Bhature,06-01-2023,00:12:46,Completed,441
4719,23,37,Pasta Alfredo,11-09-2023,23:19:36,Completed,502
4720,9,60,Paneer Butter Masala,16-03-2023,06:49:17,Completed,432
4721,32,10,Masala Dosa,15-06-2023,20:21:46,Completed,306
4722,11,22,Chicken Burger,11-05-2023,07:29:06,Completed,393
4723,25,10,Masala Dosa,10-12-2023,11:37:33,Completed,344
4724,2,31,Veg Burger,30-04-2023,16:24:40,Completed,531
4725,8,19,Butter Chicken,30-06-2023,07:30:08,Completed,452
4726,30,18,Samosa,10-11-2023,05:44:22,Completed,456
4727,11,33,Veg Burger,04-06-2023,21:34:17,Completed,425
4728,31,52,Pasta Alfredo,19-10-2023,02:00:31,Completed,254
4729,15,33,Paneer Butter Masala,11-02-2023,01:16:36,Completed,445
4730,11,13,Chicken Biryani,05-01-2023,17:31:52,Completed,201
4731,21,13,Mutton Biryani,03-08-2023,00:42:58,Completed,222
4732,33,55,Paneer Lababdar,22-10-2023,07:18:26,Completed,492
4733,15,39,Veg Biryani,11-10-2023,02:12:48,Completed,438
4734,19,21,Chicken Burger,08-05-2023,01:07:03,Completed,321
4735,12,25,Veg Burger,21-06-2023,22:55:56,Completed,583
4736,16,60,Samosa,24-06-2023,02:19:45,Completed,268
4737,13,48,Prawn Masala,15-07-2023,10:23:31,Completed,412
4738,1,7,Masala Dosa,28-01-2023,06:24:17,Completed,474
4739,6,3,Chole Bhature,26-08-2023,10:53:38,Completed,590
4740,1,36,Chicken Biryani,10-01-2023,05:30:32,Completed,318
4741,29,55,Veg Burger,02-09-2023,05:12:57,Completed,325
4742,29,33,Veg Burger,10-01-2023,05:31:31,Completed,195
4743,27,45,Veg Burger,01-04-2023,22:16:20,Completed,495
4744,12,27,Prawn Masala,22-10-2023,12:21:11,Completed,337
4745,3,33,Pasta Alfredo,11-05-2023,06:24:19,Completed,527
4746,33,21,Masala Dosa,10-02-2023,10:44:15,Completed,250
4747,20,21,Paneer Lababdar,13-09-2023,08:58:36,Completed,312
4748,30,41,Veg Burger,30-01-2023,13:19:53,Completed,434
4749,25,7,Masala Dosa,21-04-2023,03:11:13,Completed,365
4750,24,28,Chole Bhature,27-11-2023,23:06:49,Completed,244
4751,32,58,Butter Chicken,31-07-2023,16:35:12,Completed,432
4752,15,40,Pasta Alfredo,17-09-2023,20:10:15,Completed,571
4753,3,13,Samosa,02-12-2023,16:12:55,Completed,432
4754,19,49,Masala Dosa,12-07-2023,22:01:11,Completed,268
4755,6,34,Egg Curry,23-01-2023,05:21:35,Completed,448
4756,1,37,Chole Bhature,07-06-2023,07:16:30,Completed,420
4757,29,11,Chole Bhature,02-08-2023,14:28:02,Completed,313
4758,19,41,Butter Chicken,16-05-2023,01:56:45,Completed,523
4759,21,5,Chicken Biryani,30-03-2023,14:53:16,Completed,509
4760,32,1,Veg Burger,21-06-2023,15:33:51,Completed,489
4761,30,32,Veg Burger,28-12-2023,06:34:43,Completed,467
4762,18,11,Pasta Alfredo,17-10-2023,06:07:05,Completed,375
4763,1,17,Mutton Biryani,26-08-2023,08:16:23,Completed,370
4764,28,60,Chicken Burger,14-03-2023,09:14:39,Completed,547
4765,30,18,Pasta Alfredo,06-06-2023,16:11:52,Completed,155
4766,29,11,Pasta Alfredo,23-02-2023,17:22:35,Completed,197
4767,17,31,Egg Curry,07-02-2023,16:02:25,Completed,476
4768,9,25,Prawn Masala,23-04-2023,15:32:50,Completed,442
4769,31,39,Veg Burger,20-08-2023,20:18:15,Completed,181
4770,23,26,Samosa,23-08-2023,00:13:34,Completed,508
4771,27,3,Samosa,19-08-2023,15:28:04,Completed,253
4772,32,32,Paneer Butter Masala,22-08-2023,23:49:58,Completed,501
4773,20,47,Egg Curry,29-07-2023,20:54:42,Completed,158
4774,24,37,Chicken Biryani,29-07-2023,20:14:03,Completed,210
4775,33,47,Veg Burger,04-04-2023,03:06:19,Completed,210
4776,6,32,Rajma Chawal,01-05-2023,08:42:12,Completed,517
4777,11,55,Masala Dosa,13-12-2023,04:49:07,Completed,279
4778,23,56,Chicken Biryani,03-06-2023,10:55:17,Completed,269
4779,25,26,Samosa,26-08-2023,08:27:11,Completed,287
4780,7,52,Pasta Alfredo,20-03-2023,12:13:15,Completed,530
4781,30,13,Egg Curry,29-08-2023,01:38:04,Completed,516
4782,15,59,Chicken Burger,27-10-2023,00:30:29,Completed,455
4783,29,42,Pasta Alfredo,29-12-2023,08:01:44,Completed,191
4784,10,53,Chicken Biryani,26-04-2023,15:31:31,Completed,436
4785,31,27,Butter Chicken,26-04-2023,05:02:43,Completed,190
4786,21,11,Chicken Biryani,28-01-2023,01:46:14,Completed,392
4787,7,17,Veg Biryani,01-04-2023,15:46:32,Completed,381
4788,4,26,Veg Biryani,12-11-2023,07:54:31,Completed,320
4789,15,45,Veg Burger,18-02-2023,23:52:23,Completed,492
4790,5,32,Chicken Biryani,10-08-2023,08:05:53,Completed,233
4791,19,2,Paneer Butter Masala,13-06-2023,00:34:55,Completed,408
4792,27,1,Veg Burger,05-01-2023,12:17:34,Completed,451
4793,25,15,Egg Curry,27-10-2023,06:48:02,Completed,196
4794,18,7,Prawn Masala,30-12-2023,01:24:23,Completed,238
4795,1,46,Veg Biryani,19-01-2023,06:46:51,Completed,173
4796,8,48,Butter Chicken,25-07-2023,20:46:09,Completed,363
4797,12,46,Veg Biryani,03-03-2023,10:59:46,Completed,319
4798,22,43,Chole Bhature,29-03-2023,01:38:46,Completed,296
4799,33,34,Mutton Biryani,25-03-2023,12:09:51,Completed,311
4800,8,30,Mutton Biryani,25-02-2023,10:33:42,Completed,529
4801,19,11,Paneer Lababdar,14-06-2023,14:02:55,Completed,270
4802,29,47,Veg Biryani,28-10-2023,20:17:31,Completed,180
4803,33,33,Pasta Alfredo,22-05-2023,08:50:54,Completed,524
4804,23,21,Mutton Biryani,05-05-2023,14:02:29,Completed,465
4805,8,31,Egg Curry,18-02-2023,08:12:23,Completed,388
4806,2,34,Butter Chicken,24-07-2023,04:40:57,Completed,206
4807,5,32,Pasta Alfredo,13-04-2023,00:35:18,Completed,201
4808,3,24,Paneer Lababdar,14-01-2023,15:53:35,Completed,505
4809,8,47,Prawn Masala,07-02-2023,17:49:22,Completed,589
4810,15,48,Chole Bhature,02-01-2023,00:09:12,Completed,166
4811,4,12,Pasta Alfredo,06-11-2023,11:40:02,Completed,543
4812,1,29,Chole Bhature,26-06-2023,08:23:12,Completed,581
4813,3,46,Veg Biryani,11-07-2023,18:34:36,Completed,188
4814,13,52,Samosa,15-10-2023,20:16:10,Completed,567
4815,7,26,Rajma Chawal,16-09-2023,13:54:45,Completed,157
4816,3,35,Egg Curry,15-07-2023,05:07:27,Completed,519
4817,26,44,Paneer Butter Masala,27-09-2023,05:27:51,Completed,262
4818,12,57,Mutton Biryani,14-06-2023,13:54:01,Completed,357
4819,22,60,Pasta Alfredo,01-09-2023,13:46:44,Completed,178
4820,5,10,Masala Dosa,22-03-2023,13:37:44,Completed,542
4821,22,36,Chicken Biryani,12-09-2023,10:00:32,Completed,223
4822,21,32,Paneer Lababdar,21-11-2023,09:28:53,Completed,291
4823,33,2,Chole Bhature,06-08-2023,08:52:07,Completed,173
4824,27,14,Paneer Butter Masala,05-03-2023,22:41:45,Completed,555
4825,31,45,Rajma Chawal,09-03-2023,16:04:55,Completed,574
4826,4,37,Chicken Biryani,02-09-2023,20:28:53,Completed,430
4827,28,5,Egg Curry,26-07-2023,17:19:31,Completed,366
4828,33,22,Egg Curry,22-08-2023,03:33:31,Completed,182
4829,27,39,Butter Chicken,21-03-2023,09:35:19,Completed,263
4830,3,6,Egg Curry,23-05-2023,17:01:48,Completed,276
4831,15,37,Veg Burger,14-03-2023,07:52:02,Completed,200
4832,25,36,Prawn Masala,14-08-2023,13:39:41,Completed,361
4833,26,33,Pasta Alfredo,04-08-2023,11:07:35,Completed,309
4834,24,1,Chicken Biryani,01-04-2023,09:17:41,Completed,541
4835,20,19,Masala Dosa,10-01-2023,09:41:56,Completed,433
4836,7,30,Pasta Alfredo,01-11-2023,21:03:40,Completed,502
4837,17,32,Egg Curry,24-03-2023,19:25:54,Completed,426
4838,13,15,Chicken Burger,31-03-2023,02:36:40,Completed,349
4839,33,20,Veg Burger,11-04-2023,19:20:21,Completed,211
4840,8,18,Samosa,18-08-2023,15:37:38,Completed,519
4841,11,27,Butter Chicken,03-01-2023,16:37:31,Completed,591
4842,5,7,Chicken Burger,18-10-2023,23:59:06,Completed,394
4843,24,57,Chicken Biryani,11-05-2023,16:22:58,Completed,193
4844,10,19,Veg Burger,06-04-2023,07:36:59,Completed,488
4845,19,27,Egg Curry,20-11-2023,13:12:55,Completed,447
4846,11,5,Chicken Burger,23-07-2023,01:57:29,Completed,201
4847,16,25,Rajma Chawal,17-11-2023,00:37:48,Completed,251
4848,10,59,Chicken Burger,07-02-2023,23:12:26,Completed,537
4849,25,10,Paneer Lababdar,20-11-2023,20:50:24,Completed,442
4850,31,16,Rajma Chawal,28-08-2023,10:52:58,Completed,570
4851,31,28,Paneer Lababdar,31-12-2023,14:31:36,Completed,350
4852,29,16,Masala Dosa,03-03-2023,04:06:38,Completed,237
4853,24,27,Rajma Chawal,12-09-2023,07:47:11,Completed,396
4854,28,27,Rajma Chawal,28-08-2023,10:35:59,Completed,582
4855,18,43,Paneer Butter Masala,20-03-2023,05:30:02,Completed,274
4856,10,27,Veg Biryani,14-05-2023,14:06:30,Completed,249
4857,1,14,Rajma Chawal,28-03-2023,19:27:32,Completed,334
4858,26,47,Paneer Butter Masala,24-05-2023,19:33:05,Completed,386
4859,15,37,Butter Chicken,14-02-2023,09:54:59,Completed,241
4860,33,40,Egg Curry,25-04-2023,12:28:16,Completed,259
4861,3,1,Chicken Burger,03-03-2023,05:57:10,Completed,235
4862,27,33,Rajma Chawal,08-06-2023,21:53:18,Completed,358
4863,5,17,Veg Burger,08-06-2023,16:16:02,Completed,192
4864,23,29,Masala Dosa,25-03-2023,13:12:46,Completed,218
4865,15,50,Paneer Butter Masala,20-07-2023,19:38:23,Completed,305
4866,28,13,Samosa,14-09-2023,03:34:10,Completed,256
4867,19,59,Samosa,15-09-2023,15:41:55,Completed,334
4868,4,8,Veg Burger,28-04-2023,02:41:53,Completed,522
4869,18,53,Chole Bhature,28-03-2023,15:39:06,Completed,408
4870,24,25,Rajma Chawal,11-09-2023,01:39:17,Completed,437
4871,32,35,Mutton Biryani,06-03-2023,23:15:36,Completed,273
4872,18,54,Samosa,28-08-2023,20:39:26,Completed,595
4873,23,21,Samosa,11-09-2023,05:38:53,Completed,516
4874,7,22,Masala Dosa,05-02-2023,16:13:52,Completed,336
4875,18,51,Chicken Biryani,20-03-2023,20:36:10,Completed,252
4876,21,32,Rajma Chawal,07-10-2023,20:07:20,Completed,508
4877,1,56,Chole Bhature,27-12-2023,11:53:50,Completed,569
4878,13,20,Butter Chicken,17-08-2023,21:43:10,Completed,462
4879,32,17,Samosa,16-03-2023,14:29:30,Completed,438
4880,5,14,Chicken Burger,20-05-2023,01:54:22,Completed,331
4881,15,21,Egg Curry,14-09-2023,22:05:13,Completed,505
4882,23,6,Chole Bhature,20-11-2023,22:11:40,Completed,504
4883,7,18,Masala Dosa,04-01-2023,19:05:09,Completed,219
4884,19,9,Paneer Butter Masala,06-01-2023,01:50:09,Completed,281
4885,32,56,Samosa,05-04-2023,19:46:47,Completed,296
4886,13,23,Prawn Masala,07-01-2023,07:57:25,Completed,162
4887,25,3,Egg Curry,06-01-2023,16:32:51,Completed,173
4888,22,4,Chicken Burger,31-01-2023,01:43:41,Completed,313
4889,21,50,Butter Chicken,11-03-2023,05:48:59,Completed,557
4890,14,23,Rajma Chawal,27-01-2023,05:01:35,Completed,532
4891,24,33,Paneer Lababdar,17-12-2023,13:03:57,Completed,166
4892,16,57,Butter Chicken,09-09-2023,14:16:12,Completed,162
4893,8,46,Masala Dosa,30-12-2023,09:22:12,Completed,280
4894,3,11,Paneer Butter Masala,27-03-2023,06:35:50,Completed,375
4895,24,54,Egg Curry,25-07-2023,07:53:21,Completed,420
4896,25,7,Veg Burger,24-04-2023,00:33:07,Completed,302
4897,29,4,Chole Bhature,07-06-2023,01:06:49,Completed,340
4898,11,57,Chicken Burger,06-11-2023,12:25:10,Completed,218
4899,29,14,Veg Biryani,07-02-2023,00:56:51,Completed,412
4900,5,46,Mutton Biryani,24-04-2023,13:48:50,Completed,297
4901,8,43,Butter Chicken,11-05-2023,19:54:57,Completed,575
4902,7,51,Butter Chicken,28-03-2023,10:21:33,Completed,509
4903,11,19,Butter Chicken,02-06-2023,09:21:45,Completed,562
4904,18,26,Paneer Butter Masala,01-08-2023,06:09:41,Completed,408
4905,9,32,Prawn Masala,03-04-2023,06:34:56,Completed,454
4906,18,12,Masala Dosa,01-03-2023,07:31:59,Completed,286
4907,11,49,Veg Burger,29-01-2023,01:17:10,Completed,513
4908,7,59,Chicken Burger,14-12-2023,00:46:15,Completed,156
4909,8,56,Samosa,19-09-2023,07:20:56,Completed,529
4910,6,12,Butter Chicken,02-06-2023,20:50:08,Completed,575
4911,13,60,Paneer Butter Masala,19-10-2023,03:59:55,Completed,288
4912,30,11,Chicken Biryani,05-04-2023,12:16:16,Completed,360
4913,2,13,Masala Dosa,18-02-2023,17:02:27,Completed,166
4914,11,41,Pasta Alfredo,23-02-2023,13:58:51,Completed,253
4915,32,33,Mutton Biryani,20-08-2023,09:39:14,Completed,167
4916,12,60,Veg Biryani,20-03-2023,02:04:36,Completed,264
4917,2,57,Samosa,26-03-2023,06:37:40,Completed,431
4918,8,6,Chicken Biryani,21-12-2023,02:34:05,Completed,529
4919,17,40,Rajma Chawal,29-04-2023,09:32:52,Completed,160
4920,9,59,Chicken Burger,07-08-2023,21:26:06,Completed,302
4921,9,15,Pasta Alfredo,17-11-2023,08:28:08,Completed,251
4922,6,42,Mutton Biryani,26-03-2023,11:20:31,Completed,323
4923,15,8,Veg Burger,27-06-2023,02:30:54,Completed,580
4924,15,30,Rajma Chawal,08-09-2023,22:53:23,Completed,289
4925,8,15,Veg Burger,12-12-2023,15:02:18,Completed,195
4926,15,53,Paneer Lababdar,29-09-2023,01:09:56,Completed,479
4927,28,56,Rajma Chawal,20-05-2023,08:07:41,Completed,403
4928,14,4,Butter Chicken,28-05-2023,12:16:22,Completed,450
4929,7,18,Egg Curry,14-02-2023,10:04:03,Completed,467
4930,2,19,Prawn Masala,31-08-2023,12:38:13,Completed,408
4931,29,58,Egg Curry,05-02-2023,18:03:49,Completed,344
4932,1,15,Veg Burger,23-09-2023,16:07:38,Completed,586
4933,6,57,Rajma Chawal,10-06-2023,13:36:38,Completed,229
4934,19,41,Chicken Burger,01-10-2023,19:58:56,Completed,200
4935,14,21,Egg Curry,15-11-2023,04:33:08,Completed,494
4936,8,18,Rajma Chawal,19-07-2023,21:08:48,Completed,449
4937,2,26,Rajma Chawal,27-01-2023,16:12:16,Completed,170
4938,30,59,Pasta Alfredo,04-03-2023,15:26:19,Completed,596
4939,25,59,Rajma Chawal,31-10-2023,01:56:18,Completed,203
4940,11,36,Butter Chicken,09-07-2023,07:18:27,Completed,419
4941,32,51,Chole Bhature,08-04-2023,10:34:30,Completed,166
4942,29,3,Masala Dosa,19-07-2023,22:44:48,Completed,238
4943,13,14,Veg Biryani,28-11-2023,05:49:08,Completed,183
4944,21,20,Prawn Masala,27-08-2023,12:49:26,Completed,559
4945,33,57,Rajma Chawal,10-08-2023,05:55:27,Completed,198
4946,22,8,Pasta Alfredo,20-07-2023,15:30:12,Completed,575
4947,6,13,Egg Curry,23-08-2023,08:30:55,Completed,507
4948,33,37,Paneer Lababdar,23-10-2023,10:14:36,Completed,273
4949,11,39,Veg Biryani,26-06-2023,04:38:09,Completed,277
4950,1,15,Mutton Biryani,12-06-2023,10:11:34,Completed,444
4951,23,41,Chole Bhature,23-09-2023,12:44:54,Completed,269
4952,31,44,Paneer Butter Masala,26-06-2023,22:37:59,Completed,348
4953,20,13,Samosa,10-11-2023,21:31:28,Completed,202
4954,9,49,Samosa,27-07-2023,20:46:42,Completed,477
4955,9,59,Prawn Masala,28-04-2023,07:09:31,Completed,240
4956,32,58,Chicken Biryani,03-02-2023,16:37:03,Completed,351
4957,15,38,Chicken Burger,08-03-2023,10:59:39,Completed,500
4958,21,38,Samosa,10-10-2023,22:11:21,Completed,387
4959,27,7,Pasta Alfredo,29-01-2023,16:46:36,Completed,360
4960,6,49,Chicken Biryani,07-03-2023,18:18:05,Completed,281
4961,10,40,Chicken Biryani,26-12-2023,20:34:03,Completed,224
4962,3,15,Egg Curry,23-04-2023,00:23:54,Completed,557
4963,23,45,Veg Burger,16-08-2023,18:59:25,Completed,463
4964,18,47,Chole Bhature,29-07-2023,22:30:26,Completed,315
4965,19,56,Paneer Lababdar,22-10-2023,11:30:37,Completed,237
4966,25,43,Pasta Alfredo,05-09-2023,20:59:11,Completed,563
4967,22,40,Mutton Biryani,16-04-2023,23:25:49,Completed,437
4968,24,42,Chole Bhature,23-12-2023,01:30:44,Completed,486
4969,15,17,Butter Chicken,06-11-2023,16:25:51,Completed,206
4970,33,31,Chicken Biryani,01-05-2023,23:25:57,Completed,593
4971,17,55,Butter Chicken,23-08-2023,12:19:00,Completed,256
4972,24,16,Mutton Biryani,14-09-2023,01:45:02,Completed,337
4973,29,36,Veg Burger,17-03-2023,01:30:34,Completed,367
4974,2,10,Paneer Butter Masala,14-12-2023,05:38:35,Completed,381
4975,20,42,Veg Biryani,19-09-2023,08:20:13,Completed,373
4976,5,50,Chole Bhature,30-04-2023,13:23:27,Completed,551
4977,3,39,Mutton Biryani,12-10-2023,03:23:50,Completed,209
4978,27,52,Chicken Burger,22-09-2023,01:11:57,Completed,314
4979,3,39,Veg Biryani,10-10-2023,17:52:38,Completed,575
4980,14,35,Paneer Butter Masala,20-03-2023,23:56:13,Completed,316
4981,8,31,Veg Biryani,19-12-2023,16:23:50,Completed,239
4982,18,58,Paneer Lababdar,15-09-2023,23:40:41,Completed,592
4983,16,44,Mutton Biryani,09-06-2023,11:44:20,Completed,325
4984,3,3,Veg Biryani,22-06-2023,00:09:11,Completed,567
4985,5,23,Chicken Burger,27-11-2023,05:20:13,Completed,562
4986,12,38,Prawn Masala,16-01-2023,16:16:11,Completed,158
4987,12,8,Masala Dosa,08-06-2023,02:42:09,Completed,152
4988,15,40,Paneer Butter Masala,25-02-2023,16:31:44,Completed,357
4989,27,4,Chole Bhature,20-04-2023,11:25:49,Completed,487
4990,12,40,Chicken Burger,06-12-2023,10:27:47,Completed,445
4991,7,43,Chicken Biryani,27-08-2023,04:28:23,Completed,347
4992,5,1,Paneer Lababdar,26-02-2023,03:40:11,Completed,536
4993,1,13,Butter Chicken,15-05-2023,08:53:59,Completed,154
4994,20,4,Chole Bhature,09-03-2023,22:05:45,Completed,524
4995,16,26,Chicken Biryani,06-08-2023,07:19:52,Completed,348
4996,8,12,Veg Biryani,30-10-2023,05:04:33,Completed,185
4997,5,52,Chole Bhature,14-12-2023,15:09:38,Completed,157
4998,29,42,Pasta Alfredo,02-08-2023,01:07:18,Completed,536
4999,26,3,Veg Biryani,12-05-2023,03:53:22,Completed,280
5000,16,58,Rajma Chawal,06-01-2023,18:12:45,Completed,450
5001,32,31,Masala Dosa,18-02-2023,12:38:31,Completed,418
5002,20,54,Samosa,17-06-2023,20:05:19,Completed,187
5003,17,27,Rajma Chawal,24-08-2023,07:41:22,Completed,265
5004,29,55,Chole Bhature,08-07-2023,03:26:30,Completed,322
5005,8,27,Prawn Masala,29-06-2023,05:22:12,Completed,528
5006,11,19,Egg Curry,20-08-2023,17:20:21,Completed,332
5007,9,51,Pasta Alfredo,19-10-2023,03:23:51,Completed,345
5008,21,34,Veg Biryani,22-04-2023,11:40:07,Completed,312
5009,32,34,Prawn Masala,10-08-2023,11:40:59,Completed,486
5010,15,47,Masala Dosa,25-12-2023,09:31:01,Completed,441
5011,32,26,Paneer Butter Masala,30-12-2023,08:57:42,Completed,269
5012,22,21,Rajma Chawal,16-04-2023,01:15:05,Completed,151
5013,14,47,Chicken Burger,12-09-2023,15:41:27,Completed,407
5014,19,42,Veg Burger,02-03-2023,22:58:19,Completed,251
5015,33,42,Pasta Alfredo,31-12-2023,10:49:26,Completed,599
5016,5,27,Chicken Biryani,24-09-2023,11:12:06,Completed,383
5017,14,5,Prawn Masala,25-12-2023,11:45:36,Completed,246
5018,22,47,Veg Biryani,10-07-2023,21:48:46,Completed,223
5019,19,11,Mutton Biryani,07-01-2023,16:37:25,Completed,315
5020,31,28,Mutton Biryani,20-12-2023,15:59:27,Completed,555
5021,22,2,Prawn Masala,08-04-2023,07:03:41,Completed,517
5022,19,37,Rajma Chawal,24-11-2023,09:23:54,Completed,543
5023,1,18,Egg Curry,24-05-2023,13:38:20,Completed,482
5024,28,45,Chicken Biryani,12-05-2023,18:31:54,Completed,490
5025,8,16,Prawn Masala,09-11-2023,07:23:10,Completed,498
5026,10,49,Veg Biryani,08-08-2023,22:17:28,Completed,302
5027,9,45,Paneer Lababdar,22-07-2023,18:22:13,Completed,482
5028,33,21,Butter Chicken,24-03-2023,16:06:28,Completed,417
5029,4,20,Rajma Chawal,13-02-2023,23:01:41,Completed,339
5030,11,14,Pasta Alfredo,17-07-2023,06:18:42,Completed,190
5031,14,23,Masala Dosa,10-07-2023,08:01:20,Completed,161
5032,24,4,Samosa,29-03-2023,18:19:27,Completed,212
5033,9,53,Paneer Lababdar,13-09-2023,10:45:50,Completed,428
5034,16,59,Pasta Alfredo,16-03-2023,10:57:48,Completed,337
5035,11,55,Rajma Chawal,25-03-2023,08:48:25,Completed,161
5036,3,24,Veg Biryani,25-09-2023,10:13:07,Completed,281
5037,10,36,Veg Biryani,11-07-2023,05:04:28,Completed,336
5038,5,1,Prawn Masala,23-11-2023,04:54:39,Completed,586
5039,25,36,Masala Dosa,02-08-2023,00:56:05,Completed,214
5040,30,1,Prawn Masala,25-03-2023,13:59:48,Completed,373
5041,27,28,Pasta Alfredo,26-10-2023,00:20:15,Completed,595
5042,24,18,Rajma Chawal,28-06-2023,15:44:07,Completed,272
5043,15,36,Veg Biryani,23-09-2023,00:52:57,Completed,473
5044,17,9,Egg Curry,02-05-2023,19:34:14,Completed,162
5045,1,11,Pasta Alfredo,15-06-2023,11:55:17,Completed,193
5046,31,49,Butter Chicken,07-01-2023,07:36:49,Completed,216
5047,21,57,Veg Biryani,20-12-2023,23:01:50,Completed,584
5048,7,46,Paneer Lababdar,07-02-2023,15:55:23,Completed,219
5049,33,53,Masala Dosa,19-06-2023,08:15:58,Completed,533
5050,26,14,Pasta Alfredo,05-12-2023,21:05:33,Completed,434
5051,7,53,Butter Chicken,08-10-2023,15:43:46,Completed,582
5052,4,1,Chicken Biryani,26-01-2023,20:50:14,Completed,557
5053,19,51,Mutton Biryani,12-10-2023,11:10:31,Completed,336
5054,32,28,Prawn Masala,23-07-2023,02:15:14,Completed,563
5055,22,55,Paneer Lababdar,02-03-2023,06:14:59,Completed,498
5056,6,7,Mutton Biryani,08-10-2023,13:24:49,Completed,541
5057,8,52,Samosa,28-08-2023,00:03:38,Completed,153
5058,24,54,Veg Biryani,23-03-2023,18:36:02,Completed,485
5059,25,28,Masala Dosa,14-01-2023,04:21:27,Completed,159
5060,30,36,Paneer Lababdar,20-01-2023,16:28:56,Completed,221
5061,29,15,Pasta Alfredo,18-07-2023,10:58:35,Completed,270
5062,30,54,Paneer Butter Masala,22-12-2023,07:47:48,Completed,366
5063,29,4,Pasta Alfredo,10-06-2023,15:04:30,Completed,404
5064,29,20,Chicken Biryani,22-05-2023,14:24:38,Completed,313
5065,30,25,Chole Bhature,14-10-2023,14:26:16,Completed,449
5066,16,12,Chicken Biryani,31-12-2023,22:00:48,Completed,433
5067,25,15,Egg Curry,16-05-2023,07:37:18,Completed,359
5068,27,50,Prawn Masala,04-07-2023,01:31:53,Completed,315
5069,33,57,Butter Chicken,30-08-2023,16:00:59,Completed,305
5070,25,5,Rajma Chawal,02-07-2023,18:51:56,Completed,487
5071,27,34,Rajma Chawal,16-01-2023,10:54:48,Completed,282
5072,27,39,Mutton Biryani,15-06-2023,07:31:02,Completed,286
5073,5,12,Veg Burger,22-04-2023,14:05:29,Completed,227
5074,27,54,Chole Bhature,13-06-2023,22:01:27,Completed,489
5075,31,18,Pasta Alfredo,22-09-2023,08:39:42,Completed,224
5076,14,23,Masala Dosa,05-04-2023,13:52:29,Completed,188
5077,2,47,Masala Dosa,14-02-2023,23:37:13,Completed,344
5078,5,10,Chole Bhature,14-08-2023,22:58:38,Completed,216
5079,6,1,Pasta Alfredo,27-03-2023,13:30:06,Completed,511
5080,27,16,Chole Bhature,25-06-2023,20:42:41,Completed,200
5081,32,26,Chicken Biryani,13-08-2023,06:22:25,Completed,586
5082,21,33,Rajma Chawal,12-01-2023,08:59:46,Completed,577
5083,21,37,Chicken Biryani,25-04-2023,01:33:40,Completed,354
5084,27,55,Mutton Biryani,10-02-2023,03:31:36,Completed,371
5085,13,45,Egg Curry,25-08-2023,18:59:55,Completed,283
5086,12,10,Veg Burger,30-10-2023,10:03:47,Completed,428
5087,16,42,Egg Curry,30-03-2023,14:48:53,Completed,532
5088,19,10,Veg Burger,22-06-2023,06:14:24,Completed,425
5089,19,41,Rajma Chawal,17-11-2023,04:01:35,Completed,323
5090,33,44,Samosa,15-09-2023,18:43:37,Completed,465
5091,33,35,Veg Burger,12-02-2023,01:40:40,Completed,441
5092,32,9,Chicken Biryani,01-04-2023,03:09:55,Completed,248
5093,31,17,Pasta Alfredo,26-01-2023,13:53:22,Completed,579
5094,9,25,Butter Chicken,06-03-2023,09:08:46,Completed,153
5095,10,40,Veg Burger,16-05-2023,20:48:42,Completed,365
5096,12,5,Masala Dosa,23-01-2023,18:13:34,Completed,466
5097,21,40,Veg Biryani,19-11-2023,15:18:09,Completed,176
5098,6,60,Prawn Masala,28-04-2023,05:35:46,Completed,399
5099,15,37,Masala Dosa,01-04-2023,22:55:43,Completed,427
5100,33,49,Prawn Masala,26-01-2023,10:15:32,Completed,582
5101,4,59,Paneer Butter Masala,25-04-2023,16:37:39,Completed,434
5102,5,34,Chole Bhature,24-09-2023,00:35:54,Completed,199
5103,19,33,Pasta Alfredo,08-09-2023,11:25:03,Completed,244
5104,7,55,Samosa,04-01-2023,16:59:58,Completed,270
5105,15,24,Paneer Butter Masala,15-01-2023,23:52:35,Completed,407
5106,8,33,Samosa,08-06-2023,20:41:21,Completed,234
5107,7,41,Veg Biryani,06-02-2023,19:20:33,Completed,349
5108,23,13,Masala Dosa,24-09-2023,23:31:19,Completed,521
5109,18,31,Egg Curry,26-07-2023,03:06:03,Completed,281
5110,24,22,Mutton Biryani,07-10-2023,22:29:22,Completed,491
5111,8,11,Paneer Lababdar,16-05-2023,00:38:58,Completed,151
5112,15,7,Samosa,16-12-2023,04:09:43,Completed,262
5113,7,45,Prawn Masala,28-10-2023,09:17:18,Completed,281
5114,23,18,Mutton Biryani,05-01-2023,18:26:35,Completed,346
5115,33,38,Paneer Butter Masala,01-04-2023,22:04:45,Completed,417
5116,31,46,Chole Bhature,07-07-2023,00:37:05,Completed,398
5117,16,60,Rajma Chawal,10-02-2023,02:50:26,Completed,579
5118,19,12,Pasta Alfredo,13-01-2023,02:39:23,Completed,496
5119,3,13,Pasta Alfredo,02-05-2023,22:14:38,Completed,162
5120,10,14,Samosa,18-09-2023,20:38:16,Completed,474
5121,21,37,Paneer Butter Masala,25-10-2023,08:39:43,Completed,531
5122,28,9,Rajma Chawal,31-05-2023,09:28:12,Completed,299
5123,13,25,Mutton Biryani,19-11-2023,22:31:00,Completed,278
5124,20,31,Egg Curry,23-06-2023,11:24:15,Completed,586
5125,24,60,Paneer Lababdar,03-03-2023,17:40:52,Completed,313
5126,29,50,Paneer Butter Masala,29-07-2023,14:58:50,Completed,462
5127,22,48,Chicken Burger,27-09-2023,23:12:14,Completed,499
5128,1,12,Chicken Burger,26-06-2023,02:22:22,Completed,156
5129,14,57,Paneer Butter Masala,22-06-2023,06:51:59,Completed,498
5130,11,32,Chicken Biryani,17-02-2023,05:11:05,Completed,176
5131,14,34,Pasta Alfredo,21-12-2023,23:22:36,Completed,313
5132,21,52,Chole Bhature,23-03-2023,14:19:10,Completed,290
5133,31,9,Paneer Lababdar,20-04-2023,03:39:09,Completed,519
5134,17,45,Samosa,20-02-2023,00:12:13,Completed,535
5135,27,56,Veg Biryani,28-12-2023,22:33:52,Completed,382
5136,16,46,Chole Bhature,06-06-2023,20:12:57,Completed,430
5137,12,28,Prawn Masala,28-10-2023,20:32:13,Completed,328
5138,15,53,Prawn Masala,24-03-2023,02:27:28,Completed,254
5139,9,54,Samosa,21-09-2023,19:39:39,Completed,361
5140,8,17,Prawn Masala,12-08-2023,18:58:50,Completed,555
5141,26,38,Masala Dosa,23-04-2023,05:02:16,Completed,235
5142,2,18,Samosa,17-03-2023,23:47:47,Completed,274
5143,14,11,Pasta Alfredo,30-11-2023,13:10:25,Completed,289
5144,7,17,Pasta Alfredo,24-10-2023,13:07:06,Completed,483
5145,26,52,Butter Chicken,15-04-2023,13:13:18,Completed,415
5146,31,35,Butter Chicken,09-07-2023,13:53:04,Completed,487
5147,1,19,Masala Dosa,12-12-2023,15:46:41,Completed,222
5148,32,12,Prawn Masala,20-12-2023,23:41:27,Completed,150
5149,4,57,Prawn Masala,05-04-2023,06:27:32,Completed,245
5150,10,11,Paneer Lababdar,21-04-2023,03:43:05,Completed,549
5151,5,21,Chicken Burger,04-10-2023,05:22:20,Completed,280
5152,32,18,Butter Chicken,25-05-2023,10:14:28,Completed,232
5153,1,24,Chole Bhature,10-06-2023,02:26:48,Completed,150
5154,6,48,Chicken Biryani,03-12-2023,14:26:42,Completed,306
5155,8,52,Paneer Butter Masala,05-07-2023,10:38:54,Completed,491
5156,1,40,Pasta Alfredo,21-10-2023,15:49:13,Completed,336
5157,10,4,Chole Bhature,02-01-2023,18:01:28,Completed,592
5158,14,47,Masala Dosa,11-02-2023,15:54:15,Completed,285
5159,29,8,Pasta Alfredo,17-01-2023,19:44:01,Completed,520
5160,17,41,Pasta Alfredo,04-12-2023,04:18:23,Completed,255
5161,10,57,Veg Biryani,07-08-2023,22:21:37,Completed,291
5162,16,10,Samosa,19-07-2023,01:04:43,Completed,163
5163,29,47,Mutton Biryani,30-08-2023,16:09:55,Completed,502
5164,9,10,Prawn Masala,30-04-2023,21:01:32,Completed,232
5165,14,38,Paneer Butter Masala,06-08-2023,16:51:33,Completed,230
5166,2,45,Veg Burger,10-11-2023,22:50:33,Completed,586
5167,12,24,Samosa,19-11-2023,22:56:12,Completed,588
5168,16,29,Rajma Chawal,08-10-2023,15:52:32,Completed,259
5169,24,5,Veg Biryani,05-05-2023,17:41:09,Completed,366
5170,6,27,Chole Bhature,18-04-2023,07:37:42,Completed,503
5171,10,17,Masala Dosa,06-05-2023,11:46:02,Completed,432
5172,33,53,Mutton Biryani,30-06-2023,12:48:48,Completed,199
5173,15,6,Chicken Biryani,18-09-2023,12:53:15,Completed,463
5174,9,21,Egg Curry,17-09-2023,09:01:13,Completed,458
5175,17,19,Chicken Burger,05-04-2023,10:55:21,Completed,355
5176,28,34,Veg Biryani,02-06-2023,10:35:47,Completed,301
5177,8,37,Paneer Lababdar,08-09-2023,02:19:20,Completed,452
5178,1,55,Chicken Biryani,29-09-2023,08:33:06,Completed,565
5179,21,1,Veg Burger,18-06-2023,08:53:48,Completed,590
5180,15,15,Masala Dosa,22-05-2023,06:07:56,Completed,362
5181,27,42,Mutton Biryani,21-09-2023,13:55:48,Completed,193
5182,12,44,Paneer Lababdar,17-04-2023,04:43:01,Completed,251
5183,3,8,Butter Chicken,12-04-2023,02:15:46,Completed,291
5184,13,40,Chicken Biryani,23-05-2023,22:29:18,Completed,462
5185,18,23,Egg Curry,17-04-2023,00:56:03,Completed,165
5186,13,6,Masala Dosa,07-11-2023,11:50:17,Completed,214
5187,20,34,Veg Biryani,07-06-2023,04:46:55,Completed,162
5188,21,31,Prawn Masala,11-09-2023,17:17:34,Completed,567
5189,33,24,Samosa,06-03-2023,09:23:13,Completed,261
5190,23,8,Mutton Biryani,13-03-2023,07:06:08,Completed,159
5191,32,14,Mutton Biryani,13-11-2023,09:09:39,Completed,491
5192,14,9,Chicken Biryani,10-03-2023,05:59:40,Completed,427
5193,14,42,Pasta Alfredo,05-06-2023,14:45:29,Completed,188
5194,7,43,Paneer Lababdar,16-02-2023,07:13:47,Completed,250
5195,25,19,Egg Curry,05-05-2023,18:17:41,Completed,585
5196,8,46,Chicken Biryani,31-07-2023,06:22:31,Completed,569
5197,20,10,Egg Curry,04-11-2023,01:31:55,Completed,482
5198,28,9,Samosa,06-08-2023,20:24:15,Completed,401
5199,4,29,Veg Burger,16-04-2023,01:58:54,Completed,338
5200,21,49,Samosa,29-12-2023,22:26:17,Completed,549
5201,14,45,Butter Chicken,17-09-2023,22:27:49,Completed,528
5202,25,44,Veg Biryani,15-02-2023,00:57:38,Completed,585
5203,4,1,Samosa,13-05-2023,01:32:31,Completed,265
5204,27,48,Butter Chicken,24-04-2023,01:29:23,Completed,502
5205,11,39,Prawn Masala,17-12-2023,12:21:43,Completed,528
5206,3,15,Chole Bhature,09-02-2023,10:53:09,Completed,209
5207,11,34,Prawn Masala,15-06-2023,22:50:19,Completed,309
5208,16,49,Butter Chicken,10-08-2023,06:43:57,Completed,216
5209,25,43,Butter Chicken,16-02-2023,23:11:18,Completed,580
5210,14,12,Egg Curry,25-04-2023,00:51:56,Completed,372
5211,33,37,Chicken Burger,29-06-2023,04:48:08,Completed,473
5212,33,37,Masala Dosa,22-01-2023,09:19:43,Completed,556
5213,1,55,Veg Biryani,11-05-2023,16:00:12,Completed,543
5214,21,33,Chole Bhature,17-11-2023,11:08:43,Completed,530
5215,10,54,Chicken Burger,16-03-2023,16:34:40,Completed,402
5216,5,59,Veg Burger,28-10-2023,01:06:41,Completed,222
5217,17,52,Chole Bhature,30-08-2023,16:09:56,Completed,516
5218,25,6,Butter Chicken,10-07-2023,15:41:42,Completed,435
5219,21,10,Butter Chicken,26-10-2023,03:14:43,Completed,479
5220,29,12,Masala Dosa,15-01-2023,05:15:30,Completed,538
5221,10,11,Egg Curry,12-10-2023,11:18:23,Completed,578
5222,20,46,Paneer Butter Masala,21-03-2023,18:05:47,Completed,329
5223,1,28,Mutton Biryani,11-04-2023,15:26:41,Completed,554
5224,25,45,Veg Biryani,28-02-2023,06:41:50,Completed,262
5225,27,21,Paneer Lababdar,18-09-2023,00:58:22,Completed,438
5226,16,3,Mutton Biryani,28-02-2023,20:50:23,Completed,427
5227,7,12,Chicken Burger,27-01-2023,09:19:00,Completed,347
5228,26,21,Egg Curry,17-02-2023,05:01:49,Completed,394
5229,14,38,Butter Chicken,28-12-2023,03:13:26,Completed,516
5230,19,11,Pasta Alfredo,23-11-2023,14:22:49,Completed,241
5231,6,55,Egg Curry,30-03-2023,21:46:52,Completed,209
5232,28,36,Mutton Biryani,26-05-2023,04:31:04,Completed,159
5233,26,22,Mutton Biryani,25-12-2023,09:49:57,Completed,504
5234,21,42,Paneer Butter Masala,07-09-2023,05:16:29,Completed,171
5235,25,21,Chicken Biryani,03-02-2023,17:48:45,Completed,556
5236,2,54,Chicken Burger,01-04-2023,18:09:29,Completed,485
5237,27,41,Chole Bhature,29-09-2023,11:33:30,Completed,344
5238,22,38,Veg Biryani,09-04-2023,13:21:36,Completed,467
5239,32,39,Mutton Biryani,30-01-2023,10:11:34,Completed,204
5240,13,59,Chicken Biryani,16-05-2023,22:21:25,Completed,598
5241,12,60,Paneer Butter Masala,19-08-2023,22:26:57,Completed,182
5242,6,31,Samosa,30-07-2023,10:51:04,Completed,445
5243,7,55,Chicken Biryani,09-03-2023,20:50:35,Completed,170
5244,4,28,Samosa,04-05-2023,13:27:46,Completed,440
5245,10,46,Rajma Chawal,07-06-2023,08:10:17,Completed,369
5246,30,35,Pasta Alfredo,13-03-2023,14:29:12,Completed,502
5247,21,21,Veg Biryani,31-12-2023,22:03:04,Completed,533
5248,16,22,Mutton Biryani,17-07-2023,01:44:16,Completed,284
5249,23,46,Chicken Burger,06-07-2023,15:59:51,Completed,480
5250,24,53,Masala Dosa,22-02-2023,08:50:05,Completed,361
5251,10,21,Chole Bhature,01-05-2023,18:09:20,Completed,497
5252,5,10,Prawn Masala,10-02-2023,08:04:13,Completed,461
5253,13,25,Chicken Burger,06-07-2023,12:48:42,Completed,425
5254,29,11,Samosa,11-11-2023,14:00:50,Completed,273
5255,12,15,Butter Chicken,03-04-2023,15:39:08,Completed,161
5256,6,54,Pasta Alfredo,20-03-2023,09:16:16,Completed,385
5257,7,10,Chole Bhature,20-11-2023,15:14:57,Completed,320
5258,3,30,Paneer Butter Masala,07-11-2023,13:21:56,Completed,172
5259,19,48,Veg Burger,01-01-2023,02:35:43,Completed,441
5260,12,15,Veg Biryani,28-04-2023,16:01:36,Completed,426
5261,4,25,Mutton Biryani,05-12-2023,21:18:19,Completed,273
5262,12,17,Rajma Chawal,27-01-2023,01:25:17,Completed,255
5263,22,7,Egg Curry,01-07-2023,17:10:27,Completed,459
5264,28,10,Chicken Burger,29-11-2023,06:07:23,Completed,548
5265,12,57,Chole Bhature,12-02-2023,15:37:37,Completed,448
5266,3,47,Paneer Lababdar,23-10-2023,02:28:58,Completed,547
5267,25,37,Masala Dosa,22-07-2023,08:41:50,Completed,545
5268,26,36,Chicken Burger,17-05-2023,18:35:12,Completed,502
5269,29,13,Chole Bhature,16-06-2023,05:40:02,Completed,387
5270,26,14,Paneer Lababdar,11-11-2023,18:47:00,Completed,330
5271,1,52,Veg Burger,08-06-2023,06:14:41,Completed,364
5272,33,32,Chicken Burger,08-08-2023,11:14:46,Completed,174
5273,30,22,Chicken Biryani,10-11-2023,02:40:13,Completed,310
5274,20,42,Chicken Biryani,16-02-2023,07:47:55,Completed,591
5275,18,39,Chicken Burger,15-04-2023,05:39:05,Completed,213
5276,6,30,Chicken Burger,10-10-2023,08:09:10,Completed,382
5277,21,59,Mutton Biryani,30-04-2023,11:54:50,Completed,425
5278,18,34,Chicken Biryani,24-08-2023,22:51:59,Completed,505
5279,33,32,Samosa,28-07-2023,11:02:36,Completed,330
5280,27,39,Rajma Chawal,02-03-2023,17:06:40,Completed,524
5281,28,31,Mutton Biryani,28-05-2023,09:24:58,Completed,514
5282,5,57,Prawn Masala,15-08-2023,03:06:42,Completed,460
5283,8,51,Mutton Biryani,28-06-2023,20:21:32,Completed,557
5284,30,4,Chicken Biryani,26-12-2023,17:16:29,Completed,239
5285,6,23,Prawn Masala,28-06-2023,08:33:51,Completed,217
5286,28,30,Samosa,03-07-2023,07:11:04,Completed,255
5287,22,52,Samosa,10-07-2023,19:00:39,Completed,312
5288,30,7,Masala Dosa,24-04-2023,13:37:58,Completed,255
5289,1,12,Butter Chicken,28-05-2023,18:17:44,Completed,284
5290,32,8,Paneer Butter Masala,14-06-2023,21:14:52,Completed,179
5291,19,31,Veg Biryani,27-09-2023,14:32:15,Completed,335
5292,10,19,Chicken Biryani,17-03-2023,20:39:29,Completed,151
5293,31,14,Samosa,22-08-2023,15:46:12,Completed,383
5294,2,30,Samosa,26-04-2023,20:24:30,Completed,208
5295,33,18,Veg Biryani,04-06-2023,17:25:48,Completed,320
5296,26,31,Butter Chicken,10-01-2023,19:18:46,Completed,449
5297,14,12,Rajma Chawal,21-04-2023,16:17:32,Completed,557
5298,30,49,Paneer Butter Masala,09-05-2023,19:56:40,Completed,444
5299,2,49,Chole Bhature,03-05-2023,07:02:19,Completed,159
5300,17,29,Veg Biryani,16-01-2023,19:40:57,Completed,459
5301,31,37,Chicken Burger,18-04-2023,11:17:45,Completed,255
5302,14,29,Paneer Lababdar,08-04-2023,04:46:57,Completed,319
5303,16,32,Veg Biryani,30-07-2023,10:09:32,Completed,398
5304,11,50,Chicken Biryani,23-11-2023,23:57:57,Completed,222
5305,20,25,Chole Bhature,29-05-2023,10:12:19,Completed,219
5306,24,31,Samosa,30-07-2023,20:42:49,Completed,542
5307,2,34,Paneer Butter Masala,01-02-2023,03:04:18,Completed,476
5308,19,15,Butter Chicken,09-11-2023,01:22:58,Completed,347
5309,25,23,Veg Burger,09-04-2023,09:55:40,Completed,159
5310,27,19,Egg Curry,05-05-2023,17:54:03,Completed,574
5311,22,49,Chicken Biryani,01-12-2023,05:21:56,Completed,318
5312,5,1,Pasta Alfredo,04-11-2023,23:23:45,Completed,191
5313,16,6,Mutton Biryani,19-12-2023,04:25:42,Completed,457
5314,25,55,Paneer Butter Masala,14-10-2023,18:15:42,Completed,243
5315,30,1,Pasta Alfredo,22-02-2023,21:06:36,Completed,215
5316,29,18,Chicken Biryani,28-12-2023,00:57:27,Completed,546
5317,24,13,Prawn Masala,15-02-2023,00:44:58,Completed,488
5318,33,53,Paneer Butter Masala,26-04-2023,16:20:48,Completed,430
5319,6,24,Veg Burger,17-06-2023,19:32:37,Completed,364
5320,6,47,Paneer Lababdar,09-08-2023,00:55:53,Completed,167
5321,31,55,Paneer Lababdar,03-03-2023,14:04:18,Completed,519
5322,25,27,Butter Chicken,16-11-2023,15:05:04,Completed,274
5323,27,52,Egg Curry,06-11-2023,15:09:52,Completed,218
5324,24,9,Masala Dosa,28-10-2023,16:39:33,Completed,600
5325,2,1,Masala Dosa,25-04-2023,04:41:44,Completed,247
5326,13,5,Veg Burger,06-07-2023,06:17:12,Completed,400
5327,24,26,Samosa,16-02-2023,06:29:38,Completed,595
5328,8,40,Rajma Chawal,14-03-2023,23:29:59,Completed,246
5329,33,28,Chicken Burger,10-02-2023,19:02:35,Completed,271
5330,21,27,Samosa,16-02-2023,13:50:19,Completed,586
5331,4,2,Samosa,18-05-2023,07:19:28,Completed,318
5332,29,11,Masala Dosa,29-01-2023,13:44:50,Completed,542
5333,26,33,Masala Dosa,03-09-2023,02:32:40,Completed,571
5334,7,51,Samosa,07-12-2023,02:49:10,Completed,579
5335,23,37,Veg Burger,10-09-2023,14:46:12,Completed,401
5336,9,28,Veg Burger,01-12-2023,16:43:38,Completed,571
5337,32,39,Veg Burger,10-04-2023,21:01:50,Completed,529
5338,13,24,Prawn Masala,22-03-2023,05:37:46,Completed,336
5339,1,29,Chole Bhature,01-08-2023,02:20:14,Completed,580
5340,8,29,Egg Curry,07-10-2023,21:52:18,Completed,407
5341,22,7,Chole Bhature,07-04-2023,00:32:49,Completed,231
5342,30,17,Paneer Butter Masala,14-04-2023,10:31:34,Completed,220
5343,9,15,Paneer Lababdar,29-12-2023,19:32:40,Completed,437
5344,23,50,Samosa,30-07-2023,04:58:21,Completed,446
5345,24,12,Samosa,13-07-2023,23:08:58,Completed,200
5346,2,33,Paneer Lababdar,23-11-2023,19:38:36,Completed,562
5347,29,34,Chicken Burger,21-02-2023,13:49:24,Completed,291
5348,2,47,Masala Dosa,26-07-2023,16:30:04,Completed,298
5349,22,52,Chicken Burger,26-10-2023,18:54:59,Completed,425
5350,18,8,Pasta Alfredo,14-05-2023,19:32:17,Completed,473
5351,4,15,Samosa,25-03-2023,10:42:37,Completed,427
5352,22,2,Mutton Biryani,28-02-2023,19:13:57,Completed,493
5353,20,52,Samosa,14-08-2023,22:32:37,Completed,446
5354,19,34,Rajma Chawal,13-04-2023,07:37:25,Completed,591
5355,23,60,Mutton Biryani,21-08-2023,04:00:55,Completed,577
5356,9,18,Chicken Biryani,08-06-2023,09:49:09,Completed,575
5357,16,39,Pasta Alfredo,12-06-2023,23:11:19,Completed,465
5358,11,53,Egg Curry,12-06-2023,06:29:08,Completed,454
5359,17,25,Pasta Alfredo,26-09-2023,10:09:46,Completed,262
5360,20,1,Veg Biryani,29-03-2023,01:29:39,Completed,480
5361,3,28,Pasta Alfredo,21-03-2023,22:05:55,Completed,276
5362,33,51,Samosa,19-07-2023,04:57:47,Completed,436
5363,31,16,Masala Dosa,21-01-2023,05:07:52,Completed,515
5364,8,28,Veg Burger,16-09-2023,21:28:23,Completed,312
5365,16,18,Mutton Biryani,05-07-2023,01:36:25,Completed,509
5366,4,23,Pasta Alfredo,06-10-2023,02:32:55,Completed,386
5367,22,4,Masala Dosa,25-04-2023,14:27:47,Completed,333
5368,30,10,Butter Chicken,24-02-2023,19:45:42,Completed,328
5369,6,7,Paneer Lababdar,28-09-2023,02:28:48,Completed,577
5370,2,42,Rajma Chawal,26-12-2023,07:02:58,Completed,353
5371,8,15,Rajma Chawal,01-10-2023,22:51:41,Completed,581
5372,23,3,Mutton Biryani,27-08-2023,20:54:37,Completed,409
5373,21,14,Chicken Biryani,12-07-2023,00:36:55,Completed,552
5374,3,35,Butter Chicken,17-06-2023,05:10:32,Completed,443
5375,6,14,Prawn Masala,08-05-2023,05:04:47,Completed,494
5376,3,17,Mutton Biryani,13-10-2023,09:17:20,Completed,550
5377,9,40,Pasta Alfredo,01-11-2023,22:46:42,Completed,244
5378,13,17,Masala Dosa,02-08-2023,16:47:06,Completed,171
5379,31,31,Chole Bhature,09-11-2023,17:16:29,Completed,296
5380,11,40,Rajma Chawal,13-12-2023,11:10:06,Completed,180
5381,22,8,Veg Biryani,05-07-2023,17:32:57,Completed,449
5382,29,50,Masala Dosa,12-08-2023,15:09:48,Completed,184
5383,3,31,Prawn Masala,10-01-2023,22:35:50,Completed,384
5384,12,44,Butter Chicken,25-10-2023,01:55:42,Completed,506
5385,9,13,Mutton Biryani,21-09-2023,05:31:59,Completed,429
5386,24,50,Mutton Biryani,04-07-2023,02:02:36,Completed,543
5387,19,2,Masala Dosa,03-11-2023,11:37:55,Completed,390
5388,30,1,Rajma Chawal,04-08-2023,06:55:03,Completed,168
5389,9,53,Chicken Biryani,20-04-2023,03:56:59,Completed,342
5390,32,19,Chole Bhature,13-01-2023,21:13:27,Completed,298
5391,25,53,Mutton Biryani,29-08-2023,07:07:50,Completed,204
5392,21,6,Veg Burger,20-05-2023,12:22:51,Completed,287
5393,4,11,Paneer Lababdar,12-07-2023,20:49:45,Completed,345
5394,26,11,Samosa,22-05-2023,10:04:14,Completed,519
5395,7,1,Rajma Chawal,18-03-2023,05:21:32,Completed,494
5396,9,4,Egg Curry,06-08-2023,21:23:42,Completed,583
5397,13,51,Chicken Biryani,28-07-2023,15:34:59,Completed,481
5398,25,12,Egg Curry,22-11-2023,12:40:35,Completed,285
5399,8,58,Egg Curry,18-03-2023,11:43:36,Completed,447
5400,33,8,Samosa,20-07-2023,18:47:17,Completed,478
5401,20,59,Mutton Biryani,24-11-2023,01:18:07,Completed,207
5402,27,24,Butter Chicken,09-09-2023,06:39:05,Completed,202
5403,16,25,Masala Dosa,19-07-2023,10:59:14,Completed,507
5404,30,50,Chicken Burger,15-07-2023,10:50:11,Completed,552
5405,32,13,Egg Curry,11-11-2023,11:24:54,Completed,200
5406,9,55,Masala Dosa,11-02-2023,15:39:34,Completed,176
5407,31,27,Prawn Masala,01-01-2023,19:51:26,Completed,177
5408,5,23,Chicken Biryani,17-06-2023,23:59:09,Completed,524
5409,9,32,Pasta Alfredo,15-03-2023,20:00:48,Completed,198
5410,22,28,Pasta Alfredo,20-05-2023,07:39:05,Completed,313
5411,3,32,Chicken Burger,14-12-2023,00:38:15,Completed,201
5412,28,26,Samosa,09-12-2023,03:31:35,Completed,564
5413,24,52,Chicken Burger,12-07-2023,04:19:58,Completed,272
5414,31,2,Chicken Burger,17-11-2023,11:15:46,Completed,234
5415,33,25,Samosa,21-07-2023,16:43:30,Completed,198
5416,1,29,Rajma Chawal,25-06-2023,17:14:19,Completed,304
5417,32,55,Masala Dosa,12-01-2023,04:53:23,Completed,486
5418,9,50,Chicken Biryani,03-09-2023,12:54:15,Completed,572
5419,25,36,Chicken Biryani,25-05-2023,02:35:41,Completed,519
5420,3,12,Rajma Chawal,16-09-2023,10:05:10,Completed,158
5421,6,57,Veg Biryani,19-09-2023,10:31:47,Completed,169
5422,19,47,Butter Chicken,04-06-2023,00:45:29,Completed,337
5423,12,42,Paneer Lababdar,14-08-2023,18:59:53,Completed,541
5424,1,50,Masala Dosa,03-02-2023,19:37:04,Completed,219
5425,17,45,Chicken Biryani,04-12-2023,21:52:22,Completed,530
5426,16,11,Rajma Chawal,29-12-2023,19:53:20,Completed,580
5427,18,21,Egg Curry,03-01-2023,13:44:54,Completed,418
5428,30,9,Chicken Burger,26-12-2023,18:18:57,Completed,168
5429,5,8,Pasta Alfredo,30-09-2023,06:08:18,Completed,584
5430,10,35,Chicken Biryani,09-11-2023,09:03:33,Completed,529
5431,30,43,Veg Burger,24-11-2023,20:33:02,Completed,585
5432,20,48,Samosa,16-06-2023,06:24:06,Completed,283
5433,19,59,Chicken Burger,22-06-2023,19:07:37,Completed,584
5434,29,59,Butter Chicken,08-05-2023,13:49:35,Completed,448
5435,22,25,Prawn Masala,13-08-2023,11:04:43,Completed,567
5436,29,44,Paneer Butter Masala,17-11-2023,15:43:11,Completed,352
5437,13,58,Pasta Alfredo,27-09-2023,04:49:36,Completed,154
5438,1,33,Paneer Lababdar,22-03-2023,18:07:20,Completed,500
5439,3,24,Paneer Lababdar,10-11-2023,00:33:21,Completed,200
5440,21,37,Egg Curry,09-12-2023,23:20:02,Completed,177
5441,31,28,Rajma Chawal,07-08-2023,05:38:52,Completed,501
5442,7,24,Butter Chicken,17-02-2023,00:00:24,Completed,555
5443,7,18,Masala Dosa,18-06-2023,13:37:29,Completed,221
5444,29,38,Butter Chicken,25-03-2023,23:22:47,Completed,568
5445,25,42,Veg Burger,30-04-2023,08:38:14,Completed,427
5446,13,2,Chicken Biryani,24-07-2023,22:53:48,Completed,249
5447,6,40,Chole Bhature,27-03-2023,16:28:00,Completed,224
5448,16,43,Prawn Masala,27-06-2023,10:12:12,Completed,154
5449,29,2,Paneer Butter Masala,09-05-2023,14:48:01,Completed,303
5450,4,18,Chicken Burger,03-09-2023,08:19:11,Completed,425
5451,19,48,Samosa,23-07-2023,00:20:06,Completed,359
5452,24,24,Chole Bhature,20-11-2023,05:59:22,Completed,556
5453,20,57,Veg Burger,21-03-2023,16:16:59,Completed,513
5454,22,59,Chicken Biryani,10-07-2023,08:02:06,Completed,365
5455,27,31,Chicken Biryani,31-07-2023,03:52:05,Completed,371
5456,4,50,Chicken Biryani,20-12-2023,03:54:21,Completed,584
5457,27,2,Veg Biryani,22-04-2023,03:09:39,Completed,438
5458,9,23,Chicken Burger,04-06-2023,02:46:28,Completed,183
5459,10,45,Mutton Biryani,06-10-2023,16:20:31,Completed,268
5460,4,13,Chole Bhature,30-01-2023,22:10:13,Completed,532
5461,4,15,Pasta Alfredo,25-10-2023,19:16:42,Completed,373
5462,24,58,Egg Curry,15-07-2023,23:54:33,Completed,246
5463,29,45,Chicken Biryani,24-01-2023,04:40:53,Completed,230
5464,1,49,Masala Dosa,17-03-2023,20:11:26,Completed,238
5465,32,38,Chicken Biryani,25-07-2023,09:45:48,Completed,440
5466,20,32,Paneer Butter Masala,24-04-2023,19:36:32,Completed,306
5467,4,25,Chole Bhature,24-09-2023,04:39:03,Completed,305
5468,29,46,Veg Biryani,08-12-2023,16:40:50,Completed,490
5469,13,44,Prawn Masala,27-05-2023,15:02:27,Completed,528
5470,31,32,Veg Burger,01-05-2023,06:45:04,Completed,532
5471,8,33,Samosa,22-05-2023,22:47:51,Completed,595
5472,27,49,Mutton Biryani,13-01-2023,03:44:40,Completed,211
5473,23,19,Samosa,21-06-2023,14:36:09,Completed,180
5474,22,3,Mutton Biryani,15-06-2023,12:25:37,Completed,227
5475,14,25,Paneer Lababdar,07-09-2023,03:35:51,Completed,299
5476,7,57,Pasta Alfredo,11-01-2023,14:45:22,Completed,592
5477,32,40,Butter Chicken,21-06-2023,02:01:19,Completed,595
5478,30,52,Veg Burger,24-09-2023,03:06:37,Completed,360
5479,26,49,Masala Dosa,10-06-2023,09:23:02,Completed,461
5480,19,59,Veg Burger,05-01-2023,07:41:40,Completed,275
5481,11,30,Prawn Masala,12-12-2023,16:44:54,Completed,430
5482,31,35,Samosa,10-09-2023,18:29:33,Completed,304
5483,21,25,Chole Bhature,21-04-2023,16:49:18,Completed,562
5484,22,13,Paneer Butter Masala,21-05-2023,22:03:15,Completed,401
5485,5,34,Paneer Butter Masala,22-03-2023,22:39:54,Completed,180
5486,2,41,Prawn Masala,25-10-2023,06:21:04,Completed,225
5487,16,27,Pasta Alfredo,28-05-2023,05:44:29,Completed,387
5488,8,8,Paneer Lababdar,01-06-2023,07:06:56,Completed,197
5489,28,34,Paneer Lababdar,04-12-2023,13:33:06,Completed,332
5490,21,34,Chicken Biryani,16-04-2023,19:41:49,Completed,596
5491,1,40,Butter Chicken,21-04-2023,15:36:37,Completed,359
5492,16,37,Chicken Biryani,20-11-2023,11:07:48,Completed,156
5493,10,5,Paneer Butter Masala,08-06-2023,22:17:31,Completed,478
5494,8,40,Pasta Alfredo,02-03-2023,06:15:34,Completed,451
5495,19,17,Prawn Masala,17-03-2023,05:27:37,Completed,572
5496,9,31,Chole Bhature,13-10-2023,14:47:18,Completed,341
5497,33,10,Chicken Burger,19-08-2023,21:15:40,Completed,327
5498,4,52,Rajma Chawal,13-10-2023,03:18:18,Completed,578
5499,9,21,Masala Dosa,27-01-2023,00:01:53,Completed,229
5500,23,31,Paneer Butter Masala,19-03-2023,08:53:07,Completed,408
5501,31,50,Rajma Chawal,05-03-2023,17:16:08,Completed,512
5502,24,48,Chole Bhature,03-05-2023,00:13:08,Completed,453
5503,12,59,Masala Dosa,23-05-2023,16:15:21,Completed,364
5504,25,22,Prawn Masala,01-02-2023,22:02:24,Completed,306
5505,14,7,Chole Bhature,27-12-2023,18:51:08,Completed,242
5506,14,26,Egg Curry,03-12-2023,05:30:26,Completed,591
5507,19,45,Chicken Burger,26-07-2023,16:41:23,Completed,492
5508,14,43,Chicken Biryani,24-08-2023,03:59:21,Completed,408
5509,25,48,Mutton Biryani,02-06-2023,04:08:53,Completed,504
5510,29,58,Veg Biryani,08-11-2023,18:07:18,Completed,228
5511,14,29,Veg Biryani,09-01-2023,18:57:13,Completed,248
5512,17,42,Veg Burger,12-03-2023,13:38:45,Completed,204
5513,14,13,Mutton Biryani,24-10-2023,17:58:59,Completed,410
5514,27,40,Paneer Lababdar,12-01-2023,02:05:14,Completed,425
5515,18,29,Chole Bhature,02-07-2023,06:28:04,Completed,414
5516,33,12,Veg Biryani,18-03-2023,16:55:13,Completed,244
5517,30,30,Paneer Butter Masala,25-02-2023,02:16:05,Completed,421
5518,1,59,Paneer Lababdar,08-04-2023,13:38:44,Completed,473
5519,5,51,Chicken Biryani,13-05-2023,12:12:12,Completed,387
5520,28,32,Mutton Biryani,18-09-2023,09:23:35,Completed,455
5521,32,60,Mutton Biryani,18-07-2023,14:30:32,Completed,476
5522,20,8,Egg Curry,01-11-2023,11:32:11,Completed,455
5523,27,27,Paneer Butter Masala,30-01-2023,23:12:41,Completed,314
5524,20,55,Chicken Biryani,15-03-2023,00:45:18,Completed,297
5525,16,38,Chicken Biryani,21-01-2023,16:23:46,Completed,189
5526,25,54,Chole Bhature,17-02-2023,22:59:38,Completed,549
5527,3,47,Chole Bhature,24-10-2023,10:05:29,Completed,182
5528,32,28,Paneer Butter Masala,25-01-2023,12:00:46,Completed,227
5529,8,49,Paneer Lababdar,16-06-2023,18:09:53,Completed,426
5530,27,1,Chicken Burger,18-02-2023,11:08:54,Completed,454
5531,22,16,Veg Burger,09-06-2023,15:17:17,Completed,324
5532,17,36,Mutton Biryani,12-02-2023,14:44:01,Completed,203
5533,22,26,Pasta Alfredo,08-12-2023,15:59:16,Completed,286
5534,10,44,Masala Dosa,15-05-2023,17:38:35,Completed,517
5535,17,53,Paneer Lababdar,13-03-2023,04:45:52,Completed,516
5536,31,1,Chicken Burger,25-05-2023,06:06:14,Completed,332
5537,4,22,Chicken Biryani,11-09-2023,14:49:22,Completed,408
5538,20,47,Butter Chicken,08-08-2023,12:00:38,Completed,360
5539,32,60,Veg Burger,08-06-2023,00:21:07,Completed,438
5540,25,47,Chole Bhature,20-10-2023,23:00:43,Completed,188
5541,8,33,Veg Biryani,14-12-2023,07:51:33,Completed,214
5542,9,52,Prawn Masala,02-05-2023,13:35:00,Completed,433
5543,30,30,Samosa,18-08-2023,00:26:29,Completed,384
5544,12,51,Mutton Biryani,12-09-2023,19:48:42,Completed,172
5545,8,31,Masala Dosa,22-07-2023,14:36:20,Completed,498
5546,3,23,Mutton Biryani,12-05-2023,08:29:30,Completed,350
5547,25,13,Mutton Biryani,18-05-2023,22:21:59,Completed,361
5548,5,21,Veg Biryani,23-02-2023,04:50:15,Completed,244
5549,1,37,Veg Biryani,28-08-2023,23:49:23,Completed,426
5550,3,16,Chole Bhature,13-04-2023,16:14:27,Completed,579
5551,7,8,Paneer Lababdar,09-04-2023,16:42:46,Completed,383
5552,20,7,Rajma Chawal,24-06-2023,15:24:32,Completed,438
5553,9,15,Butter Chicken,12-01-2023,11:18:46,Completed,507
5554,18,19,Veg Burger,19-04-2023,22:49:19,Completed,590
5555,22,9,Egg Curry,17-05-2023,18:40:29,Completed,400
5556,1,32,Mutton Biryani,07-05-2023,00:47:17,Completed,565
5557,18,23,Paneer Butter Masala,04-02-2023,11:47:37,Completed,166
5558,33,46,Pasta Alfredo,26-10-2023,15:46:34,Completed,254
5559,14,45,Chicken Burger,20-12-2023,06:02:47,Completed,420
5560,33,31,Chicken Biryani,07-05-2023,20:13:01,Completed,502
5561,15,22,Masala Dosa,26-12-2023,10:14:59,Completed,329
5562,4,37,Mutton Biryani,16-06-2023,11:36:21,Completed,359
5563,24,56,Chicken Biryani,09-03-2023,23:27:52,Completed,460
5564,12,21,Paneer Butter Masala,23-12-2023,16:26:08,Completed,459
5565,26,35,Masala Dosa,09-08-2023,16:12:08,Completed,557
5566,9,48,Prawn Masala,26-09-2023,14:41:22,Completed,261
5567,20,3,Veg Burger,07-08-2023,18:57:53,Completed,197
5568,19,50,Chole Bhature,30-10-2023,08:49:49,Completed,382
5569,5,16,Chicken Burger,16-05-2023,19:58:00,Completed,504
5570,19,6,Egg Curry,12-06-2023,12:07:23,Completed,263
5571,20,29,Butter Chicken,25-04-2023,00:33:28,Completed,291
5572,21,42,Egg Curry,12-11-2023,14:46:11,Completed,321
5573,19,48,Chicken Burger,06-10-2023,00:29:49,Completed,301
5574,5,50,Chicken Biryani,29-06-2023,14:56:29,Completed,333
5575,9,24,Egg Curry,06-11-2023,05:48:36,Completed,439
5576,25,15,Paneer Butter Masala,02-03-2023,06:11:54,Completed,570
5577,2,33,Prawn Masala,16-12-2023,18:10:28,Completed,368
5578,26,39,Rajma Chawal,18-08-2023,02:41:50,Completed,543
5579,3,53,Prawn Masala,14-06-2023,15:37:11,Completed,537
5580,21,18,Egg Curry,20-09-2023,08:03:00,Completed,373
5581,2,29,Chicken Burger,29-04-2023,23:58:28,Completed,449
5582,26,38,Chicken Biryani,02-06-2023,17:27:44,Completed,253
5583,9,15,Pasta Alfredo,04-01-2023,09:16:07,Completed,198
5584,11,27,Pasta Alfredo,09-04-2023,20:32:16,Completed,305
5585,21,31,Chicken Biryani,30-09-2023,12:36:27,Completed,334
5586,5,18,Butter Chicken,07-06-2023,21:51:28,Completed,600
5587,16,18,Pasta Alfredo,12-01-2023,14:40:37,Completed,160
5588,15,48,Veg Burger,04-05-2023,18:14:10,Completed,451
5589,7,41,Butter Chicken,09-02-2023,02:02:50,Completed,566
5590,13,15,Masala Dosa,02-10-2023,06:58:49,Completed,312
5591,5,22,Masala Dosa,10-01-2023,22:35:36,Completed,590
5592,20,13,Egg Curry,05-05-2023,17:47:16,Completed,568
5593,21,33,Chicken Burger,24-05-2023,22:40:19,Completed,507
5594,21,17,Paneer Lababdar,02-04-2023,05:45:18,Completed,282
5595,26,45,Paneer Butter Masala,18-05-2023,10:16:52,Completed,401
5596,20,31,Egg Curry,21-07-2023,16:00:54,Completed,528
5597,26,33,Chole Bhature,27-06-2023,22:46:35,Completed,152
5598,11,2,Pasta Alfredo,06-11-2023,01:27:34,Completed,302
5599,16,50,Veg Biryani,24-07-2023,06:11:50,Completed,290
5600,31,12,Chole Bhature,30-04-2023,13:15:15,Completed,276
5601,6,8,Chicken Burger,19-11-2023,14:47:06,Completed,288
5602,32,9,Samosa,08-07-2023,08:14:25,Completed,388
5603,14,43,Veg Burger,09-01-2023,02:30:45,Completed,188
5604,12,5,Rajma Chawal,25-05-2023,04:34:08,Completed,576
5605,31,52,Veg Burger,20-11-2023,18:13:48,Completed,340
5606,27,45,Chicken Biryani,19-11-2023,19:46:55,Completed,271
5607,31,53,Samosa,04-03-2023,09:03:32,Completed,411
5608,19,52,Paneer Butter Masala,06-12-2023,18:02:28,Completed,245
5609,16,45,Veg Burger,01-07-2023,21:40:10,Completed,564
5610,32,44,Masala Dosa,10-11-2023,03:15:58,Completed,245
5611,27,8,Paneer Lababdar,24-09-2023,23:11:31,Completed,302
5612,33,54,Prawn Masala,07-12-2023,08:11:21,Completed,312
5613,26,31,Prawn Masala,10-08-2023,16:11:28,Completed,498
5614,17,12,Veg Burger,12-01-2023,13:42:50,Completed,573
5615,28,48,Pasta Alfredo,17-04-2023,03:45:03,Completed,540
5616,26,59,Rajma Chawal,18-01-2023,14:31:01,Completed,435
5617,1,10,Chicken Biryani,16-08-2023,08:16:46,Completed,543
5618,21,51,Samosa,05-12-2023,22:34:36,Completed,511
5619,27,17,Mutton Biryani,24-04-2023,13:16:43,Completed,590
5620,22,17,Samosa,06-02-2023,00:57:29,Completed,454
5621,13,33,Chicken Burger,04-10-2023,03:37:06,Completed,447
5622,8,40,Pasta Alfredo,03-10-2023,20:18:43,Completed,273
5623,26,50,Chicken Burger,14-11-2023,18:24:13,Completed,364
5624,33,22,Egg Curry,27-10-2023,03:37:55,Completed,598
5625,29,2,Masala Dosa,26-09-2023,07:42:46,Completed,463
5626,4,13,Veg Biryani,09-07-2023,16:23:10,Completed,235
5627,21,39,Rajma Chawal,15-08-2023,17:26:00,Completed,427
5628,11,25,Paneer Butter Masala,25-05-2023,06:23:21,Completed,363
5629,7,53,Chicken Biryani,18-07-2023,14:46:35,Completed,179
5630,4,55,Egg Curry,19-10-2023,17:46:23,Completed,250
5631,21,39,Rajma Chawal,02-05-2023,06:24:22,Completed,184
5632,14,37,Mutton Biryani,11-03-2023,10:38:39,Completed,416
5633,11,1,Chole Bhature,28-11-2023,03:05:01,Completed,582
5634,3,2,Egg Curry,18-12-2023,18:00:45,Completed,171
5635,13,12,Butter Chicken,08-07-2023,02:09:22,Completed,223
5636,33,53,Pasta Alfredo,12-12-2023,12:10:15,Completed,359
5637,26,8,Rajma Chawal,10-04-2023,08:30:17,Completed,573
5638,30,21,Paneer Butter Masala,12-05-2023,12:54:50,Completed,367
5639,20,57,Pasta Alfredo,03-05-2023,09:19:13,Completed,360
5640,12,55,Pasta Alfredo,11-02-2023,04:59:40,Completed,163
5641,2,18,Butter Chicken,28-05-2023,18:23:53,Completed,566
5642,10,39,Masala Dosa,05-01-2023,01:58:42,Completed,212
5643,26,7,Samosa,09-01-2023,09:25:51,Completed,592
5644,3,9,Prawn Masala,22-01-2023,05:35:13,Completed,219
5645,15,60,Paneer Butter Masala,19-07-2023,02:12:41,Completed,333
5646,17,18,Chole Bhature,28-10-2023,15:33:59,Completed,256
5647,13,14,Prawn Masala,09-09-2023,01:22:11,Completed,244
5648,21,44,Paneer Butter Masala,30-09-2023,04:25:09,Completed,209
5649,29,10,Paneer Lababdar,19-06-2023,00:05:55,Completed,270
5650,7,59,Prawn Masala,25-11-2023,11:49:45,Completed,226
5651,29,43,Egg Curry,19-06-2023,07:43:49,Completed,245
5652,30,6,Mutton Biryani,01-12-2023,16:29:08,Completed,283
5653,11,33,Mutton Biryani,08-12-2023,22:40:54,Completed,515
5654,2,60,Rajma Chawal,19-09-2023,17:13:53,Completed,411
5655,2,46,Chicken Burger,15-03-2023,17:52:34,Completed,296
5656,17,48,Pasta Alfredo,17-10-2023,08:35:37,Completed,434
5657,25,60,Egg Curry,12-08-2023,15:31:18,Completed,504
5658,22,56,Egg Curry,26-02-2023,19:16:35,Completed,400
5659,13,39,Paneer Butter Masala,19-08-2023,19:11:28,Completed,328
5660,24,37,Egg Curry,05-05-2023,06:26:34,Completed,406
5661,17,13,Samosa,07-05-2023,14:21:46,Completed,167
5662,24,56,Veg Biryani,26-03-2023,13:31:22,Completed,365
5663,27,45,Mutton Biryani,19-01-2023,15:46:24,Completed,310
5664,26,29,Chole Bhature,20-07-2023,15:43:04,Completed,211
5665,25,46,Chole Bhature,16-05-2023,17:51:27,Completed,461
5666,3,4,Butter Chicken,25-10-2023,13:43:06,Completed,324
5667,5,10,Mutton Biryani,25-12-2023,02:50:34,Completed,165
5668,11,36,Rajma Chawal,24-07-2023,15:49:22,Completed,251
5669,2,36,Pasta Alfredo,26-04-2023,10:54:14,Completed,372
5670,5,59,Chicken Burger,08-08-2023,09:08:51,Completed,437
5671,8,42,Chicken Biryani,12-06-2023,18:41:28,Completed,351
5672,1,24,Paneer Butter Masala,13-02-2023,11:53:03,Completed,189
5673,24,33,Paneer Lababdar,07-10-2023,01:31:32,Completed,400
5674,28,49,Masala Dosa,05-02-2023,21:37:28,Completed,437
5675,7,53,Paneer Butter Masala,08-01-2023,16:09:14,Completed,496
5676,18,18,Chole Bhature,02-06-2023,15:15:17,Completed,412
5677,22,13,Pasta Alfredo,08-10-2023,23:39:01,Completed,394
5678,33,60,Veg Burger,11-08-2023,13:53:46,Completed,239
5679,14,10,Veg Burger,15-07-2023,06:46:39,Completed,296
5680,30,13,Paneer Butter Masala,07-09-2023,10:33:53,Completed,182
5681,30,9,Veg Burger,31-12-2023,11:36:09,Completed,422
5682,24,23,Butter Chicken,03-10-2023,20:45:26,Completed,279
5683,17,20,Paneer Lababdar,11-03-2023,08:37:59,Completed,334
5684,33,56,Butter Chicken,28-09-2023,22:50:10,Completed,442
5685,18,1,Mutton Biryani,17-09-2023,13:24:11,Completed,416
5686,21,52,Chicken Biryani,09-03-2023,19:05:12,Completed,479
5687,24,6,Butter Chicken,28-06-2023,22:06:47,Completed,247
5688,7,33,Butter Chicken,27-01-2023,06:02:02,Completed,474
5689,19,9,Prawn Masala,21-01-2023,07:57:03,Completed,566
5690,21,13,Egg Curry,22-10-2023,10:29:43,Completed,389
5691,22,37,Paneer Butter Masala,09-11-2023,19:12:52,Completed,548
5692,2,3,Chicken Biryani,26-03-2023,14:57:30,Completed,210
5693,33,25,Chicken Biryani,28-07-2023,17:45:03,Completed,399
5694,15,10,Samosa,02-08-2023,01:37:21,Completed,199
5695,27,1,Chicken Biryani,20-08-2023,21:21:08,Completed,407
5696,7,30,Masala Dosa,07-07-2023,14:34:19,Completed,476
5697,7,59,Butter Chicken,19-07-2023,23:26:55,Completed,424
5698,24,18,Chicken Burger,03-05-2023,14:40:26,Completed,402
5699,8,37,Paneer Lababdar,19-12-2023,15:18:11,Completed,166
5700,15,45,Veg Biryani,01-10-2023,19:52:32,Completed,180
5701,8,20,Chole Bhature,13-03-2023,06:31:25,Completed,325
5702,24,1,Butter Chicken,11-11-2023,09:27:55,Completed,187
5703,19,19,Butter Chicken,27-07-2023,16:23:47,Completed,293
5704,9,38,Chole Bhature,28-03-2023,15:59:03,Completed,164
5705,29,57,Rajma Chawal,09-10-2023,10:21:22,Completed,445
5706,27,48,Rajma Chawal,10-12-2023,09:19:56,Completed,506
5707,26,10,Samosa,08-11-2023,14:07:25,Completed,218
5708,20,24,Veg Biryani,19-07-2023,23:47:43,Completed,231
5709,6,16,Chicken Biryani,10-08-2023,21:52:46,Completed,481
5710,21,6,Prawn Masala,29-06-2023,00:37:06,Completed,401
5711,19,43,Rajma Chawal,15-08-2023,21:20:38,Completed,217
5712,1,25,Rajma Chawal,18-05-2023,10:51:51,Completed,383
5713,32,36,Pasta Alfredo,30-11-2023,11:17:52,Completed,464
5714,15,17,Chole Bhature,05-09-2023,19:52:02,Completed,292
5715,19,22,Chole Bhature,18-05-2023,22:42:39,Completed,555
5716,4,36,Veg Biryani,07-05-2023,10:57:47,Completed,429
5717,14,59,Prawn Masala,28-05-2023,07:15:14,Completed,582
5718,29,55,Rajma Chawal,29-03-2023,15:50:54,Completed,531
5719,27,8,Paneer Lababdar,15-10-2023,20:01:54,Completed,537
5720,27,14,Chole Bhature,09-03-2023,06:10:11,Completed,370
5721,7,24,Chicken Biryani,22-02-2023,14:20:14,Completed,278
5722,12,2,Rajma Chawal,05-08-2023,01:12:38,Completed,351
5723,27,48,Pasta Alfredo,19-02-2023,13:49:53,Completed,207
5724,7,33,Rajma Chawal,15-05-2023,13:33:30,Completed,449
5725,21,38,Veg Burger,07-06-2023,21:36:02,Completed,153
5726,23,42,Egg Curry,03-02-2023,16:43:08,Completed,397
5727,28,36,Veg Burger,19-10-2023,19:47:30,Completed,272
5728,18,37,Prawn Masala,19-05-2023,20:57:53,Completed,344
5729,25,34,Butter Chicken,27-09-2023,21:53:53,Completed,453
5730,11,26,Mutton Biryani,12-09-2023,21:09:44,Completed,398
5731,24,8,Mutton Biryani,05-04-2023,14:53:11,Completed,237
5732,6,30,Chole Bhature,01-12-2023,23:58:57,Completed,503
5733,16,6,Egg Curry,07-06-2023,02:46:35,Completed,589
5734,27,44,Butter Chicken,25-12-2023,10:59:32,Completed,545
5735,4,52,Prawn Masala,07-11-2023,20:19:36,Completed,182
5736,22,34,Egg Curry,21-11-2023,20:39:00,Completed,443
5737,4,21,Chole Bhature,30-10-2023,03:14:30,Completed,400
5738,24,16,Butter Chicken,06-02-2023,00:31:07,Completed,441
5739,8,41,Chole Bhature,10-04-2023,03:06:10,Completed,479
5740,2,30,Chole Bhature,31-12-2023,07:52:05,Completed,271
5741,6,14,Mutton Biryani,24-01-2023,05:01:23,Completed,543
5742,3,5,Mutton Biryani,27-03-2023,04:48:23,Completed,282
5743,16,19,Chole Bhature,24-07-2023,02:36:15,Completed,163
5744,16,39,Rajma Chawal,27-03-2023,22:25:59,Completed,538
5745,23,50,Chicken Burger,16-04-2023,23:42:12,Completed,179
5746,33,22,Rajma Chawal,17-06-2023,23:37:16,Completed,577
5747,15,32,Pasta Alfredo,07-05-2023,10:39:51,Completed,167
5748,7,33,Chicken Biryani,07-10-2023,10:20:50,Completed,583
5749,28,46,Chicken Biryani,17-01-2023,21:42:37,Completed,416
5750,10,37,Paneer Lababdar,14-07-2023,10:28:06,Completed,524
5751,18,34,Masala Dosa,08-07-2023,03:21:39,Completed,545
5752,27,4,Prawn Masala,25-12-2023,19:55:55,Completed,303
5753,20,54,Chicken Biryani,05-10-2023,22:12:04,Completed,302
5754,16,55,Chicken Biryani,23-07-2023,05:13:58,Completed,408
5755,28,49,Paneer Butter Masala,29-11-2023,14:47:01,Completed,301
5756,13,32,Butter Chicken,01-11-2023,05:02:22,Completed,348
5757,3,5,Samosa,08-02-2023,03:57:04,Completed,403
5758,8,40,Paneer Lababdar,08-11-2023,20:16:08,Completed,178
5759,8,2,Samosa,26-07-2023,02:40:51,Completed,265
5760,32,42,Butter Chicken,24-12-2023,09:52:11,Completed,345
5761,24,8,Veg Biryani,13-02-2023,10:11:50,Completed,221
5762,4,8,Pasta Alfredo,04-12-2023,12:43:05,Completed,487
5763,28,35,Mutton Biryani,13-08-2023,05:33:21,Completed,218
5764,14,46,Prawn Masala,20-07-2023,21:03:19,Completed,276
5765,25,12,Pasta Alfredo,03-02-2023,22:13:30,Completed,434
5766,20,49,Butter Chicken,19-10-2023,10:01:25,Completed,322
5767,18,6,Rajma Chawal,27-09-2023,05:01:23,Completed,334
5768,10,24,Paneer Lababdar,22-05-2023,15:51:33,Completed,492
5769,23,20,Masala Dosa,21-02-2023,17:06:46,Completed,596
5770,14,58,Chole Bhature,25-11-2023,23:04:24,Completed,333
5771,8,48,Rajma Chawal,02-01-2023,07:37:34,Completed,287
5772,32,1,Egg Curry,16-05-2023,19:29:55,Completed,562
5773,17,52,Butter Chicken,20-06-2023,22:38:30,Completed,480
5774,33,21,Masala Dosa,30-07-2023,18:09:49,Completed,337
5775,27,19,Paneer Lababdar,27-12-2023,23:09:37,Completed,589
5776,26,55,Masala Dosa,08-03-2023,03:01:51,Completed,150
5777,1,33,Chole Bhature,01-03-2023,15:43:13,Completed,580
5778,24,48,Chicken Burger,05-10-2023,05:11:43,Completed,178
5779,12,22,Veg Burger,28-01-2023,13:05:42,Completed,161
5780,19,40,Rajma Chawal,16-07-2023,11:13:02,Completed,304
5781,24,44,Chole Bhature,29-09-2023,21:37:04,Completed,244
5782,10,40,Samosa,03-03-2023,09:26:15,Completed,457
5783,25,18,Samosa,21-02-2023,20:37:11,Completed,574
5784,13,15,Veg Biryani,30-01-2023,18:47:00,Completed,433
5785,5,28,Masala Dosa,19-08-2023,20:08:17,Completed,400
5786,9,50,Prawn Masala,08-04-2023,18:16:01,Completed,384
5787,12,30,Paneer Lababdar,25-09-2023,17:04:56,Completed,216
5788,24,6,Masala Dosa,24-12-2023,23:12:27,Completed,426
5789,33,3,Chole Bhature,10-02-2023,06:36:54,Completed,209
5790,7,32,Egg Curry,12-03-2023,00:10:50,Completed,245
5791,24,36,Masala Dosa,12-05-2023,03:08:29,Completed,167
5792,27,44,Chicken Burger,01-05-2023,18:06:28,Completed,309
5793,7,14,Pasta Alfredo,10-02-2023,20:25:28,Completed,380
5794,24,15,Egg Curry,19-08-2023,14:52:46,Completed,273
5795,20,40,Samosa,05-05-2023,18:45:20,Completed,403
5796,5,50,Paneer Lababdar,16-12-2023,09:41:45,Completed,440
5797,6,39,Rajma Chawal,23-09-2023,03:40:58,Completed,321
5798,30,29,Mutton Biryani,06-11-2023,18:47:05,Completed,510
5799,23,10,Mutton Biryani,27-11-2023,01:52:57,Completed,548
5800,16,13,Chole Bhature,28-08-2023,04:22:54,Completed,322
5801,28,31,Veg Biryani,05-03-2023,07:11:52,Completed,512
5802,28,10,Butter Chicken,26-02-2023,12:32:04,Completed,339
5803,28,2,Samosa,02-11-2023,15:37:02,Completed,504
5804,5,18,Prawn Masala,06-07-2023,09:41:35,Completed,323
5805,33,27,Egg Curry,06-09-2023,03:00:50,Completed,196
5806,9,26,Masala Dosa,05-11-2023,21:54:15,Completed,411
5807,5,45,Prawn Masala,23-09-2023,10:50:07,Completed,188
5808,23,47,Veg Biryani,17-10-2023,05:53:43,Completed,548
5809,22,19,Paneer Lababdar,28-08-2023,15:27:27,Completed,397
5810,4,1,Egg Curry,25-05-2023,04:31:14,Completed,503
5811,13,46,Prawn Masala,09-04-2023,10:35:40,Completed,305
5812,20,8,Prawn Masala,16-11-2023,21:09:16,Completed,404
5813,32,59,Chicken Burger,23-03-2023,14:26:25,Completed,250
5814,3,54,Rajma Chawal,01-11-2023,22:12:48,Completed,202
5815,20,36,Prawn Masala,30-06-2023,18:43:20,Completed,445
5816,16,42,Prawn Masala,02-11-2023,07:49:16,Completed,261
5817,16,36,Paneer Lababdar,15-02-2023,10:15:25,Completed,379
5818,4,1,Veg Burger,28-09-2023,04:48:12,Completed,532
5819,10,12,Prawn Masala,29-10-2023,03:15:19,Completed,210
5820,21,29,Paneer Lababdar,20-11-2023,17:31:07,Completed,494
5821,6,16,Paneer Butter Masala,23-01-2023,02:57:33,Completed,254
5822,22,17,Prawn Masala,03-03-2023,06:17:28,Completed,182
5823,13,23,Chicken Biryani,29-01-2023,09:11:44,Completed,530
5824,21,59,Chicken Burger,10-12-2023,23:31:08,Completed,566
5825,16,6,Chole Bhature,29-03-2023,00:49:32,Completed,545
5826,19,40,Prawn Masala,08-06-2023,12:00:00,Completed,347
5827,22,49,Prawn Masala,18-04-2023,15:04:07,Completed,434
5828,24,39,Masala Dosa,05-10-2023,03:32:38,Completed,543
5829,13,1,Chole Bhature,03-04-2023,21:28:11,Completed,225
5830,33,49,Prawn Masala,08-06-2023,21:57:21,Completed,359
5831,31,4,Chicken Biryani,20-03-2023,12:18:23,Completed,446
5832,30,14,Masala Dosa,22-08-2023,21:48:54,Completed,573
5833,11,22,Chicken Burger,06-05-2023,04:45:50,Completed,281
5834,24,24,Prawn Masala,21-10-2023,05:08:04,Completed,452
5835,19,38,Prawn Masala,27-06-2023,02:52:20,Completed,537
5836,26,15,Rajma Chawal,17-09-2023,23:13:24,Completed,509
5837,7,44,Rajma Chawal,02-07-2023,13:55:02,Completed,520
5838,4,22,Chicken Biryani,21-07-2023,20:58:52,Completed,579
5839,14,38,Veg Burger,23-10-2023,01:00:31,Completed,248
5840,30,49,Paneer Lababdar,17-12-2023,10:11:48,Completed,436
5841,15,10,Veg Burger,12-03-2023,04:13:33,Completed,272
5842,33,4,Prawn Masala,05-01-2023,22:08:59,Completed,531
5843,22,5,Mutton Biryani,28-12-2023,15:47:03,Completed,204
5844,16,6,Prawn Masala,10-11-2023,23:25:59,Completed,464
5845,9,35,Egg Curry,31-05-2023,22:17:46,Completed,461
5846,20,15,Veg Burger,30-10-2023,09:59:38,Completed,340
5847,1,2,Rajma Chawal,19-04-2023,16:54:41,Completed,482
5848,21,45,Paneer Butter Masala,22-01-2023,21:07:06,Completed,598
5849,6,45,Paneer Lababdar,03-01-2023,18:01:31,Completed,542
5850,1,29,Egg Curry,19-02-2023,14:34:21,Completed,269
5851,20,56,Rajma Chawal,14-05-2023,10:49:17,Completed,306
5852,13,29,Veg Biryani,29-03-2023,02:57:12,Completed,582
5853,15,46,Chole Bhature,09-02-2023,13:54:20,Completed,420
5854,28,12,Masala Dosa,01-07-2023,15:54:30,Completed,171
5855,16,10,Veg Burger,30-03-2023,05:22:52,Completed,269
5856,29,41,Masala Dosa,18-03-2023,10:04:11,Completed,503
5857,16,12,Egg Curry,02-12-2023,01:03:05,Completed,329
5858,18,3,Paneer Butter Masala,03-12-2023,14:13:54,Completed,314
5859,20,4,Samosa,06-06-2023,06:02:16,Completed,485
5860,9,36,Egg Curry,17-11-2023,15:12:38,Completed,369
5861,21,14,Veg Burger,25-03-2023,17:46:28,Completed,305
5862,24,46,Egg Curry,13-08-2023,10:46:31,Completed,221
5863,20,51,Egg Curry,26-02-2023,01:51:49,Completed,250
5864,17,25,Chole Bhature,17-04-2023,07:06:15,Completed,483
5865,12,25,Chicken Burger,07-09-2023,04:47:13,Completed,524
5866,11,45,Chicken Burger,07-12-2023,03:34:20,Completed,263
5867,23,59,Prawn Masala,26-11-2023,02:56:33,Completed,322
5868,22,1,Mutton Biryani,05-01-2023,11:45:59,Completed,589
5869,28,49,Prawn Masala,02-06-2023,12:14:35,Completed,246
5870,8,59,Paneer Lababdar,10-06-2023,11:07:36,Completed,401
5871,10,52,Chicken Biryani,24-08-2023,11:07:35,Completed,557
5872,21,34,Pasta Alfredo,24-12-2023,06:12:41,Completed,477
5873,11,21,Masala Dosa,12-08-2023,18:09:12,Completed,474
5874,28,35,Rajma Chawal,17-04-2023,17:02:36,Completed,489
5875,18,1,Egg Curry,14-01-2023,12:48:03,Completed,583
5876,29,19,Chole Bhature,04-12-2023,13:00:40,Completed,453
5877,27,39,Mutton Biryani,12-01-2023,10:40:11,Completed,164
5878,25,6,Egg Curry,23-07-2023,11:19:54,Completed,470
5879,24,26,Paneer Butter Masala,12-06-2023,15:23:07,Completed,445
5880,7,29,Chicken Biryani,11-05-2023,23:45:59,Completed,203
5881,5,2,Veg Biryani,02-04-2023,22:16:21,Completed,407
5882,18,8,Mutton Biryani,15-02-2023,09:54:56,Completed,544
5883,10,39,Masala Dosa,30-07-2023,08:45:08,Completed,505
5884,7,30,Veg Burger,15-11-2023,08:32:07,Completed,354
5885,22,18,Egg Curry,11-04-2023,09:39:58,Completed,243
5886,24,19,Veg Biryani,03-05-2023,13:45:35,Completed,439
5887,25,1,Veg Burger,20-10-2023,07:48:25,Completed,548
5888,10,18,Rajma Chawal,23-06-2023,03:47:58,Completed,546
5889,25,54,Pasta Alfredo,18-08-2023,09:03:00,Completed,585
5890,10,59,Chole Bhature,15-02-2023,00:11:47,Completed,534
5891,10,26,Chicken Burger,27-01-2023,09:53:37,Completed,171
5892,22,37,Chicken Burger,12-11-2023,08:41:43,Completed,367
5893,9,45,Rajma Chawal,03-10-2023,00:49:35,Completed,210
5894,26,3,Pasta Alfredo,12-07-2023,00:58:32,Completed,287
5895,13,43,Masala Dosa,21-06-2023,16:13:24,Completed,429
5896,27,30,Veg Biryani,29-12-2023,05:18:27,Completed,499
5897,17,50,Chicken Burger,12-12-2023,09:00:31,Completed,213
5898,25,17,Pasta Alfredo,09-07-2023,02:27:45,Completed,599
5899,19,17,Veg Burger,10-09-2023,19:05:36,Completed,276
5900,25,48,Chicken Burger,23-04-2023,12:06:20,Completed,483
5901,15,1,Egg Curry,30-01-2023,11:35:20,Completed,423
5902,19,31,Pasta Alfredo,23-11-2023,23:45:11,Completed,220
5903,7,13,Egg Curry,02-01-2023,01:13:21,Completed,333
5904,31,49,Prawn Masala,06-07-2023,16:58:32,Completed,573
5905,31,3,Paneer Lababdar,23-11-2023,21:40:56,Completed,254
5906,11,34,Pasta Alfredo,21-10-2023,07:57:30,Completed,260
5907,2,16,Paneer Butter Masala,02-09-2023,13:30:27,Completed,161
5908,11,57,Samosa,16-08-2023,08:01:42,Completed,512
5909,12,45,Butter Chicken,07-05-2023,08:04:05,Completed,320
5910,3,1,Paneer Butter Masala,27-12-2023,16:07:08,Completed,309
5911,32,33,Veg Burger,07-10-2023,23:32:57,Completed,367
5912,29,41,Pasta Alfredo,03-11-2023,00:57:27,Completed,203
5913,33,55,Veg Biryani,14-06-2023,23:37:16,Completed,487
5914,2,29,Masala Dosa,11-06-2023,10:49:36,Completed,593
5915,30,23,Rajma Chawal,11-10-2023,16:24:50,Completed,577
5916,5,31,Masala Dosa,20-10-2023,06:15:35,Completed,569
5917,21,38,Veg Burger,02-02-2023,02:55:16,Completed,551
5918,3,56,Pasta Alfredo,24-08-2023,13:59:18,Completed,568
5919,28,8,Rajma Chawal,11-09-2023,16:36:31,Completed,232
5920,4,25,Chole Bhature,18-10-2023,22:16:45,Completed,520
5921,14,22,Egg Curry,30-04-2023,06:49:11,Completed,454
5922,31,2,Chicken Biryani,03-02-2023,16:53:05,Completed,559
5923,32,10,Butter Chicken,16-07-2023,23:26:36,Completed,269
5924,17,25,Samosa,25-08-2023,21:09:37,Completed,188
5925,31,18,Paneer Lababdar,07-08-2023,18:07:42,Completed,353
5926,16,22,Pasta Alfredo,14-05-2023,08:28:06,Completed,306
5927,20,17,Chole Bhature,13-06-2023,02:25:48,Completed,512
5928,13,26,Veg Biryani,15-09-2023,05:16:20,Completed,263
5929,25,53,Butter Chicken,16-12-2023,11:09:23,Completed,572
5930,16,26,Pasta Alfredo,19-02-2023,00:47:59,Completed,200
5931,14,3,Paneer Butter Masala,22-07-2023,13:25:36,Completed,541
5932,16,1,Samosa,29-04-2023,07:48:47,Completed,239
5933,7,39,Paneer Lababdar,30-01-2023,14:42:22,Completed,407
5934,26,21,Egg Curry,01-02-2023,09:44:07,Completed,391
5935,10,8,Prawn Masala,10-12-2023,01:42:47,Completed,388
5936,19,20,Veg Biryani,02-04-2023,12:35:54,Completed,204
5937,11,37,Chicken Biryani,24-11-2023,11:49:49,Completed,551
5938,26,41,Mutton Biryani,27-09-2023,06:31:15,Completed,410
5939,5,57,Veg Biryani,05-05-2023,21:25:40,Completed,373
5940,3,3,Masala Dosa,19-02-2023,21:30:11,Completed,368
5941,22,1,Chicken Biryani,28-10-2023,19:28:01,Completed,429
5942,28,51,Chole Bhature,27-05-2023,08:39:38,Completed,579
5943,23,52,Rajma Chawal,11-12-2023,15:09:16,Completed,245
5944,28,32,Rajma Chawal,27-06-2023,17:34:01,Completed,302
5945,8,18,Paneer Lababdar,30-01-2023,01:20:03,Completed,157
5946,4,58,Butter Chicken,12-06-2023,20:30:50,Completed,573
5947,3,9,Egg Curry,27-11-2023,07:00:45,Completed,415
5948,16,39,Masala Dosa,23-04-2023,08:16:01,Completed,584
5949,26,57,Chicken Biryani,08-03-2023,12:57:36,Completed,571
5950,11,54,Veg Burger,30-08-2023,14:43:46,Completed,295
5951,20,17,Pasta Alfredo,04-06-2023,04:43:25,Completed,356
5952,14,9,Veg Burger,30-04-2023,07:57:57,Completed,303
5953,29,15,Prawn Masala,31-10-2023,08:46:48,Completed,221
5954,24,20,Prawn Masala,02-03-2023,10:16:55,Completed,425
5955,28,3,Veg Burger,19-05-2023,14:42:01,Completed,226
5956,33,28,Masala Dosa,03-09-2023,05:14:03,Completed,390
5957,29,5,Egg Curry,13-11-2023,23:56:43,Completed,388
5958,3,16,Chole Bhature,18-03-2023,04:05:47,Completed,180
5959,21,51,Chicken Biryani,09-06-2023,15:54:42,Completed,321
5960,26,41,Veg Burger,29-08-2023,13:43:15,Completed,308
5961,17,9,Mutton Biryani,29-03-2023,09:28:11,Completed,325
5962,10,37,Paneer Lababdar,03-04-2023,21:04:07,Completed,384
5963,22,51,Chicken Burger,18-02-2023,12:48:44,Completed,422
5964,12,56,Samosa,11-03-2023,01:57:36,Completed,151
5965,17,16,Chicken Biryani,29-12-2023,12:16:46,Completed,405
5966,19,33,Veg Burger,14-08-2023,00:58:41,Completed,387
5967,19,36,Paneer Butter Masala,19-09-2023,14:40:16,Completed,563
5968,27,46,Mutton Biryani,05-09-2023,19:06:09,Completed,170
5969,33,43,Veg Biryani,07-09-2023,15:44:55,Completed,257
5970,16,56,Veg Burger,19-11-2023,10:36:54,Completed,528
5971,31,31,Masala Dosa,02-11-2023,20:20:53,Completed,435
5972,12,56,Mutton Biryani,31-03-2023,17:47:26,Completed,160
5973,15,54,Masala Dosa,16-09-2023,16:27:17,Completed,209
5974,2,37,Egg Curry,20-11-2023,06:03:23,Completed,479
5975,31,23,Samosa,10-02-2023,17:42:39,Completed,369
5976,28,28,Rajma Chawal,28-06-2023,05:17:33,Completed,183
5977,11,28,Chole Bhature,15-07-2023,19:13:39,Completed,189
5978,32,13,Paneer Lababdar,22-02-2023,09:00:06,Completed,319
5979,21,60,Chicken Burger,08-11-2023,06:15:46,Completed,260
5980,9,55,Butter Chicken,25-11-2023,16:31:31,Completed,335
5981,23,48,Samosa,26-06-2023,02:50:49,Completed,263
5982,26,10,Veg Burger,20-06-2023,17:37:41,Completed,565
5983,32,22,Paneer Butter Masala,18-08-2023,00:39:03,Completed,414
5984,25,9,Egg Curry,03-05-2023,17:01:46,Completed,233
5985,21,5,Chicken Biryani,20-01-2023,02:23:42,Completed,416
5986,8,17,Paneer Lababdar,14-07-2023,04:37:51,Completed,216
5987,9,36,Mutton Biryani,05-03-2023,10:02:49,Completed,277
5988,14,7,Chicken Biryani,24-01-2023,00:04:56,Completed,459
5989,11,11,Butter Chicken,07-11-2023,07:40:01,Completed,287
5990,2,57,Rajma Chawal,11-07-2023,05:22:51,Completed,433
5991,33,11,Chicken Burger,15-06-2023,16:55:20,Completed,413
5992,13,20,Butter Chicken,18-05-2023,03:49:42,Completed,409
5993,9,18,Paneer Butter Masala,23-11-2023,14:45:25,Completed,532
5994,21,10,Paneer Lababdar,03-03-2023,20:55:00,Completed,588
5995,23,36,Mutton Biryani,03-06-2023,04:50:54,Completed,153
5996,11,22,Veg Burger,22-08-2023,21:15:44,Completed,212
5997,26,7,Chole Bhature,11-08-2023,18:41:16,Completed,563
5998,14,30,Veg Burger,27-08-2023,11:30:11,Completed,577
5999,10,49,Paneer Butter Masala,11-09-2023,02:01:26,Completed,378
6000,6,11,Egg Curry,21-02-2023,09:44:34,Completed,253
6001,5,46,Egg Curry,20-10-2023,00:55:27,Completed,596
6002,31,48,Chole Bhature,14-04-2023,19:12:32,Completed,219
6003,22,8,Mutton Biryani,14-08-2023,09:08:11,Completed,271
6004,11,48,Chicken Biryani,03-04-2023,11:32:45,Completed,403
6005,8,21,Paneer Butter Masala,21-07-2023,05:38:26,Completed,277
6006,29,7,Veg Burger,22-09-2023,17:32:23,Completed,271
6007,6,52,Chicken Burger,07-03-2023,09:55:52,Completed,559
6008,3,34,Chicken Burger,26-07-2023,11:37:37,Completed,169
6009,28,7,Mutton Biryani,07-01-2023,16:09:16,Completed,490
6010,31,24,Rajma Chawal,30-12-2023,03:17:40,Completed,402
6011,27,3,Rajma Chawal,19-12-2023,18:00:23,Completed,578
6012,3,52,Pasta Alfredo,02-06-2023,23:46:29,Completed,206
6013,28,57,Prawn Masala,31-05-2023,11:51:24,Completed,445
6014,25,51,Samosa,15-07-2023,20:45:43,Completed,216
6015,25,28,Veg Biryani,05-10-2023,00:11:02,Completed,560
6016,11,38,Paneer Butter Masala,12-11-2023,13:19:51,Completed,339
6017,14,36,Paneer Lababdar,14-08-2023,07:02:03,Completed,265
6018,32,50,Veg Burger,31-08-2023,11:03:35,Completed,302
6019,4,11,Chicken Biryani,12-02-2023,05:00:22,Completed,195
6020,7,22,Paneer Butter Masala,06-11-2023,20:47:33,Completed,578
6021,2,43,Prawn Masala,24-03-2023,05:07:30,Completed,493
6022,16,40,Veg Biryani,18-06-2023,06:23:35,Completed,301
6023,7,7,Pasta Alfredo,17-02-2023,18:19:34,Completed,225
6024,3,52,Egg Curry,13-01-2023,05:14:10,Completed,412
6025,6,23,Veg Burger,19-07-2023,10:31:38,Completed,355
6026,16,38,Veg Burger,11-09-2023,22:34:36,Completed,431
6027,15,58,Rajma Chawal,31-08-2023,04:17:09,Completed,460
6028,7,5,Chole Bhature,12-02-2023,15:38:48,Completed,379
6029,32,17,Veg Burger,27-04-2023,03:20:45,Completed,324
6030,3,10,Chicken Burger,02-05-2023,09:46:50,Completed,233
6031,28,35,Rajma Chawal,05-07-2023,00:07:42,Completed,303
6032,4,47,Chicken Biryani,31-07-2023,14:44:00,Completed,357
6033,6,25,Veg Burger,14-03-2023,23:57:08,Completed,532
6034,25,15,Paneer Lababdar,01-03-2023,04:26:14,Completed,326
6035,31,58,Chole Bhature,09-02-2023,09:53:22,Completed,557
6036,22,25,Chole Bhature,08-01-2023,02:57:59,Completed,334
6037,16,23,Chole Bhature,24-08-2023,17:30:44,Completed,247
6038,12,54,Paneer Butter Masala,08-08-2023,00:54:19,Completed,530
6039,14,57,Chicken Burger,13-11-2023,11:04:35,Completed,523
6040,7,47,Chicken Burger,26-12-2023,06:54:08,Completed,179
6041,8,31,Chole Bhature,10-10-2023,23:31:16,Completed,358
6042,26,6,Paneer Lababdar,13-06-2023,07:33:08,Completed,199
6043,3,15,Veg Biryani,28-12-2023,12:54:46,Completed,514
6044,20,58,Chicken Burger,22-11-2023,06:50:23,Completed,497
6045,12,3,Veg Biryani,23-11-2023,20:38:58,Completed,315
6046,17,55,Butter Chicken,10-12-2023,02:20:32,Completed,437
6047,13,51,Egg Curry,30-07-2023,20:10:01,Completed,419
6048,14,3,Veg Burger,08-05-2023,13:26:57,Completed,349
6049,5,33,Egg Curry,25-03-2023,02:49:00,Completed,545
6050,12,4,Paneer Lababdar,11-06-2023,17:00:54,Completed,390
6051,1,49,Chicken Biryani,18-10-2023,10:56:32,Completed,243
6052,30,44,Paneer Butter Masala,27-02-2023,16:11:20,Completed,386
6053,17,21,Egg Curry,03-12-2023,19:37:31,Completed,572
6054,32,13,Samosa,10-05-2023,14:40:59,Completed,451
6055,29,8,Chole Bhature,28-01-2023,18:54:00,Completed,406
6056,32,19,Chole Bhature,18-05-2023,11:57:40,Completed,283
6057,33,5,Paneer Butter Masala,20-09-2023,14:00:38,Completed,362
6058,5,15,Prawn Masala,10-08-2023,08:59:46,Completed,365
6059,31,6,Chole Bhature,17-04-2023,17:41:50,Completed,303
6060,9,32,Chicken Biryani,19-05-2023,06:43:35,Completed,414
6061,27,5,Paneer Butter Masala,29-12-2023,21:12:37,Completed,408
6062,16,50,Chole Bhature,04-12-2023,19:10:39,Completed,266
6063,21,18,Pasta Alfredo,20-08-2023,11:33:26,Completed,549
6064,15,38,Veg Biryani,26-01-2023,13:17:01,Completed,383
6065,12,12,Samosa,10-04-2023,17:24:40,Completed,255
6066,21,11,Samosa,15-01-2023,18:02:47,Completed,488
6067,18,24,Veg Biryani,20-07-2023,17:00:06,Completed,401
6068,13,47,Mutton Biryani,25-02-2023,05:21:45,Completed,370
6069,24,21,Samosa,23-09-2023,08:15:46,Completed,571
6070,1,5,Chicken Biryani,25-06-2023,00:43:14,Completed,295
6071,14,6,Mutton Biryani,21-11-2023,18:18:52,Completed,216
6072,18,17,Samosa,17-11-2023,13:31:13,Completed,276
6073,18,18,Chole Bhature,27-01-2023,19:32:46,Completed,261
6074,14,15,Mutton Biryani,12-04-2023,06:32:41,Completed,432
6075,29,32,Prawn Masala,01-02-2023,13:20:10,Completed,188
6076,32,47,Paneer Lababdar,10-10-2023,17:06:14,Completed,423
6077,21,25,Egg Curry,30-11-2023,09:04:35,Completed,466
6078,24,29,Veg Burger,24-08-2023,03:48:11,Completed,315
6079,9,14,Chole Bhature,25-12-2023,18:22:17,Completed,188
6080,4,53,Veg Burger,02-09-2023,20:39:33,Completed,321
6081,30,46,Paneer Butter Masala,11-07-2023,09:16:38,Completed,243
6082,18,14,Chicken Biryani,14-12-2023,09:01:52,Completed,567
6083,26,42,Rajma Chawal,26-08-2023,18:02:48,Completed,356
6084,30,12,Veg Burger,30-12-2023,14:20:39,Completed,469
6085,19,16,Samosa,13-02-2023,17:05:53,Completed,255
6086,7,54,Mutton Biryani,21-02-2023,20:28:39,Completed,380
6087,29,47,Chicken Biryani,08-08-2023,10:54:59,Completed,320
6088,30,38,Butter Chicken,30-06-2023,22:19:11,Completed,595
6089,30,53,Veg Biryani,04-03-2023,20:42:55,Completed,476
6090,21,31,Mutton Biryani,08-08-2023,19:31:37,Completed,531
6091,28,59,Mutton Biryani,10-09-2023,12:20:03,Completed,185
6092,13,25,Veg Burger,14-01-2023,09:27:38,Completed,429
6093,1,33,Rajma Chawal,09-02-2023,07:40:35,Completed,308
6094,13,39,Chicken Biryani,14-01-2023,11:39:11,Completed,369
6095,5,53,Veg Burger,13-12-2023,12:49:07,Completed,411
6096,16,22,Samosa,22-02-2023,18:55:21,Completed,290
6097,6,47,Veg Biryani,05-12-2023,23:56:50,Completed,176
6098,14,53,Pasta Alfredo,29-07-2023,02:37:23,Completed,152
6099,10,30,Chicken Burger,15-11-2023,19:39:11,Completed,562
6100,26,31,Veg Biryani,10-10-2023,08:00:44,Completed,578
6101,9,16,Veg Burger,30-09-2023,08:44:06,Completed,531
6102,3,48,Samosa,09-03-2023,04:05:00,Completed,590
6103,9,14,Pasta Alfredo,24-04-2023,09:32:53,Completed,544
6104,27,21,Egg Curry,03-08-2023,18:35:37,Completed,270
6105,10,22,Masala Dosa,15-12-2023,11:10:04,Completed,382
6106,17,54,Paneer Lababdar,20-10-2023,05:43:43,Completed,362
6107,3,60,Pasta Alfredo,29-06-2023,18:04:56,Completed,388
6108,28,54,Paneer Butter Masala,30-12-2023,11:44:37,Completed,552
6109,11,21,Butter Chicken,01-07-2023,13:48:53,Completed,399
6110,3,35,Butter Chicken,01-10-2023,02:01:57,Completed,484
6111,18,46,Egg Curry,24-01-2023,10:12:15,Completed,399
6112,21,36,Paneer Lababdar,05-06-2023,04:23:11,Completed,274
6113,19,28,Prawn Masala,12-10-2023,23:16:20,Completed,168
6114,11,10,Chicken Burger,24-03-2023,05:06:50,Completed,285
6115,28,35,Chole Bhature,09-01-2023,08:32:53,Completed,490
6116,19,43,Pasta Alfredo,04-09-2023,21:50:14,Completed,440
6117,32,14,Chicken Burger,14-12-2023,08:19:04,Completed,222
6118,32,44,Pasta Alfredo,19-02-2023,13:07:17,Completed,400
6119,25,12,Pasta Alfredo,22-07-2023,03:03:36,Completed,410
6120,20,26,Pasta Alfredo,29-08-2023,15:30:31,Completed,260
6121,8,47,Mutton Biryani,05-04-2023,15:24:08,Completed,335
6122,26,23,Chicken Burger,16-02-2023,14:20:44,Completed,244
6123,2,16,Paneer Lababdar,29-05-2023,11:06:17,Completed,266
6124,26,57,Butter Chicken,04-01-2023,14:21:25,Completed,196
6125,4,35,Pasta Alfredo,25-04-2023,16:49:06,Completed,510
6126,15,48,Egg Curry,12-02-2023,01:13:07,Completed,179
6127,20,48,Butter Chicken,31-07-2023,12:57:01,Completed,218
6128,4,30,Egg Curry,26-03-2023,00:36:43,Completed,501
6129,22,33,Mutton Biryani,11-06-2023,20:54:12,Completed,390
6130,33,5,Samosa,16-07-2023,11:07:47,Completed,483
6131,4,42,Chicken Biryani,25-09-2023,21:27:10,Completed,291
6132,23,43,Chicken Burger,30-06-2023,07:51:42,Completed,427
6133,14,5,Veg Biryani,28-05-2023,16:39:21,Completed,318
6134,13,5,Samosa,22-12-2023,16:08:49,Completed,268
6135,14,19,Chicken Biryani,27-06-2023,13:03:00,Completed,265
6136,12,9,Mutton Biryani,27-07-2023,03:32:25,Completed,159
6137,16,19,Veg Burger,24-12-2023,15:57:52,Completed,196
6138,30,57,Rajma Chawal,20-03-2023,07:11:15,Completed,170
6139,31,55,Chicken Burger,31-12-2023,19:54:24,Completed,528
6140,19,34,Samosa,29-08-2023,13:31:23,Completed,543
6141,1,11,Samosa,06-04-2023,07:15:13,Completed,315
6142,25,17,Chole Bhature,01-11-2023,21:36:25,Completed,589
6143,7,13,Chicken Biryani,24-02-2023,00:40:29,Completed,375
6144,11,48,Chicken Burger,30-11-2023,00:29:31,Completed,234
6145,29,33,Egg Curry,06-01-2023,13:02:39,Completed,374
6146,1,37,Samosa,30-08-2023,17:09:30,Completed,440
6147,9,41,Chicken Biryani,09-07-2023,01:41:46,Completed,469
6148,30,30,Mutton Biryani,28-01-2023,04:05:03,Completed,434
6149,17,42,Egg Curry,22-03-2023,10:23:27,Completed,288
6150,3,36,Samosa,19-01-2023,00:04:10,Completed,379
6151,29,51,Chicken Biryani,07-11-2023,17:35:32,Completed,512
6152,25,58,Rajma Chawal,28-01-2023,07:49:13,Completed,393
6153,31,33,Rajma Chawal,13-02-2023,05:07:45,Completed,551
6154,22,58,Prawn Masala,02-04-2023,02:49:11,Completed,559
6155,29,36,Samosa,23-09-2023,15:09:56,Completed,589
6156,27,18,Pasta Alfredo,16-05-2023,22:35:01,Completed,270
6157,23,28,Mutton Biryani,11-09-2023,23:09:03,Completed,204
6158,6,57,Chicken Burger,27-08-2023,20:00:39,Completed,161
6159,4,57,Paneer Butter Masala,24-06-2023,02:28:27,Completed,290
6160,13,11,Paneer Lababdar,10-04-2023,07:29:42,Completed,541
6161,21,10,Butter Chicken,04-06-2023,05:32:31,Completed,234
6162,19,22,Prawn Masala,29-03-2023,20:39:51,Completed,512
6163,7,28,Chicken Burger,17-11-2023,15:48:54,Completed,408
6164,1,59,Butter Chicken,04-12-2023,22:24:30,Completed,482
6165,10,52,Samosa,03-07-2023,17:27:40,Completed,301
6166,7,16,Veg Biryani,01-11-2023,18:36:47,Completed,402
6167,1,9,Paneer Lababdar,02-01-2023,06:41:59,Completed,354
6168,27,19,Paneer Butter Masala,24-10-2023,08:53:35,Completed,342
6169,22,29,Chole Bhature,20-09-2023,16:27:42,Completed,356
6170,14,55,Paneer Butter Masala,15-06-2023,14:31:14,Completed,163
6171,22,43,Veg Burger,05-03-2023,17:25:05,Completed,275
6172,7,53,Mutton Biryani,23-02-2023,20:46:28,Completed,292
6173,31,22,Samosa,19-07-2023,18:52:11,Completed,439
6174,15,42,Rajma Chawal,02-05-2023,05:16:17,Completed,174
6175,28,60,Egg Curry,16-09-2023,18:07:42,Completed,501
6176,22,1,Egg Curry,23-06-2023,22:57:26,Completed,533
6177,32,4,Pasta Alfredo,28-07-2023,02:12:05,Completed,274
6178,22,24,Egg Curry,12-02-2023,17:17:54,Completed,465
6179,13,6,Egg Curry,20-06-2023,13:12:08,Completed,541
6180,26,2,Masala Dosa,21-09-2023,18:11:16,Completed,164
6181,16,27,Paneer Lababdar,12-05-2023,02:18:16,Completed,382
6182,26,6,Mutton Biryani,23-09-2023,04:51:20,Completed,337
6183,26,44,Paneer Lababdar,09-02-2023,01:58:20,Completed,171
6184,1,59,Prawn Masala,10-06-2023,04:16:13,Completed,426
6185,1,34,Mutton Biryani,07-09-2023,01:29:15,Completed,283
6186,10,16,Masala Dosa,05-12-2023,05:09:29,Completed,422
6187,20,57,Masala Dosa,30-05-2023,11:59:00,Completed,299
6188,1,2,Rajma Chawal,21-03-2023,17:08:40,Completed,593
6189,28,31,Veg Burger,13-12-2023,19:50:12,Completed,426
6190,33,33,Butter Chicken,24-05-2023,12:44:09,Completed,214
6191,18,28,Veg Biryani,27-02-2023,07:35:02,Completed,376
6192,1,5,Veg Biryani,22-04-2023,11:25:24,Completed,569
6193,1,18,Chole Bhature,05-01-2023,13:12:05,Completed,343
6194,11,35,Masala Dosa,03-06-2023,00:13:27,Completed,406
6195,9,50,Veg Burger,23-01-2023,22:29:44,Completed,349
6196,28,38,Masala Dosa,04-10-2023,09:33:28,Completed,505
6197,3,54,Veg Biryani,05-05-2023,01:02:23,Completed,162
6198,8,1,Pasta Alfredo,08-11-2023,09:11:27,Completed,401
6199,23,23,Mutton Biryani,26-10-2023,14:00:30,Completed,579
6200,2,43,Chicken Biryani,29-11-2023,21:25:28,Completed,565
6201,2,10,Veg Burger,07-03-2023,22:16:31,Completed,441
6202,10,6,Prawn Masala,23-07-2023,04:43:48,Completed,389
6203,15,19,Veg Biryani,12-12-2023,08:57:40,Completed,588
6204,14,44,Pasta Alfredo,10-08-2023,16:47:36,Completed,412
6205,33,52,Egg Curry,16-06-2023,18:27:41,Completed,262
6206,4,45,Paneer Butter Masala,13-06-2023,12:11:57,Completed,448
6207,29,3,Mutton Biryani,17-11-2023,02:45:40,Completed,182
6208,26,35,Mutton Biryani,16-02-2023,10:58:05,Completed,296
6209,5,7,Pasta Alfredo,19-02-2023,11:21:10,Completed,306
6210,29,40,Prawn Masala,06-08-2023,21:12:53,Completed,559
6211,19,22,Chole Bhature,13-05-2023,11:59:21,Completed,403
6212,21,15,Mutton Biryani,28-01-2023,20:33:27,Completed,202
6213,13,3,Butter Chicken,19-12-2023,03:37:44,Completed,288
6214,9,19,Samosa,12-11-2023,23:03:12,Completed,313
6215,28,50,Veg Biryani,29-03-2023,10:09:33,Completed,325
6216,22,50,Veg Biryani,02-03-2023,01:22:56,Completed,258
6217,28,28,Veg Biryani,03-07-2023,16:10:39,Completed,406
6218,13,42,Chicken Biryani,22-02-2023,06:38:00,Completed,150
6219,13,48,Pasta Alfredo,26-07-2023,01:39:09,Completed,208
6220,28,10,Butter Chicken,17-09-2023,00:30:06,Completed,564
6221,8,56,Masala Dosa,27-01-2023,06:07:36,Completed,534
6222,26,47,Veg Burger,17-05-2023,04:22:35,Completed,363
6223,22,51,Veg Burger,26-10-2023,16:34:16,Completed,555
6224,6,53,Rajma Chawal,29-03-2023,05:12:46,Completed,163
6225,32,47,Pasta Alfredo,01-05-2023,04:53:22,Completed,454
6226,24,9,Samosa,05-04-2023,09:40:43,Completed,255
6227,10,59,Pasta Alfredo,11-01-2023,16:33:42,Completed,385
6228,14,1,Veg Biryani,28-02-2023,22:24:16,Completed,426
6229,18,40,Mutton Biryani,07-07-2023,04:01:37,Completed,514
6230,30,10,Masala Dosa,10-09-2023,08:16:17,Completed,193
6231,3,5,Rajma Chawal,25-10-2023,18:09:31,Completed,427
6232,21,12,Chicken Burger,18-12-2023,01:37:31,Completed,519
6233,9,32,Prawn Masala,21-10-2023,10:37:44,Completed,300
6234,22,35,Veg Biryani,02-11-2023,08:08:42,Completed,402
6235,30,43,Samosa,03-11-2023,15:30:55,Completed,452
6236,27,31,Masala Dosa,05-04-2023,10:41:43,Completed,285
6237,20,7,Pasta Alfredo,31-08-2023,03:01:30,Completed,475
6238,8,10,Paneer Butter Masala,19-06-2023,03:00:31,Completed,232
6239,31,33,Masala Dosa,05-03-2023,08:58:10,Completed,519
6240,2,42,Prawn Masala,01-08-2023,10:49:59,Completed,173
6241,26,20,Chicken Burger,28-11-2023,11:06:11,Completed,570
6242,20,57,Mutton Biryani,25-10-2023,04:16:39,Completed,196
6243,5,47,Veg Biryani,18-03-2023,01:17:45,Completed,581
6244,18,17,Masala Dosa,26-07-2023,10:15:11,Completed,456
6245,6,27,Veg Burger,09-06-2023,18:43:45,Completed,307
6246,30,16,Veg Biryani,19-06-2023,06:38:05,Completed,313
6247,18,11,Butter Chicken,12-09-2023,04:42:51,Completed,206
6248,21,38,Chole Bhature,18-01-2023,10:05:28,Completed,536
6249,9,3,Chicken Burger,12-07-2023,05:29:12,Completed,455
6250,24,14,Prawn Masala,08-08-2023,13:33:16,Completed,150
6251,4,47,Rajma Chawal,16-07-2023,19:26:43,Completed,300
6252,12,4,Paneer Butter Masala,24-06-2023,09:33:17,Completed,249
6253,21,20,Paneer Lababdar,08-07-2023,03:31:03,Completed,174
6254,30,35,Egg Curry,08-02-2023,18:18:55,Completed,571
6255,15,23,Rajma Chawal,09-09-2023,05:44:24,Completed,368
6256,32,22,Prawn Masala,25-07-2023,21:06:33,Completed,517
6257,8,37,Chicken Biryani,04-02-2023,06:28:40,Completed,343
6258,3,32,Chicken Biryani,10-01-2023,02:27:53,Completed,267
6259,30,38,Egg Curry,17-02-2023,12:38:12,Completed,490
6260,16,53,Mutton Biryani,01-09-2023,00:38:06,Completed,371
6261,32,8,Veg Burger,19-11-2023,16:30:47,Completed,546
6262,16,53,Chicken Biryani,28-10-2023,02:32:57,Completed,517
6263,14,35,Egg Curry,23-09-2023,19:53:16,Completed,178
6264,7,35,Veg Burger,11-12-2023,04:40:44,Completed,575
6265,2,9,Prawn Masala,26-06-2023,20:16:39,Completed,248
6266,31,46,Chicken Biryani,14-04-2023,01:29:47,Completed,401
6267,19,13,Chicken Biryani,15-12-2023,17:47:28,Completed,400
6268,15,44,Rajma Chawal,14-05-2023,18:20:20,Completed,246
6269,15,18,Egg Curry,26-02-2023,13:51:44,Completed,578
6270,30,9,Paneer Butter Masala,08-11-2023,08:02:19,Completed,242
6271,7,1,Egg Curry,05-05-2023,14:04:07,Completed,513
6272,7,2,Butter Chicken,06-02-2023,22:42:43,Completed,367
6273,16,25,Egg Curry,21-07-2023,08:59:44,Completed,245
6274,19,55,Rajma Chawal,21-02-2023,12:29:09,Completed,321
6275,19,37,Paneer Butter Masala,19-07-2023,23:32:35,Completed,339
6276,7,48,Veg Biryani,04-08-2023,04:21:23,Completed,338
6277,27,35,Chicken Biryani,09-09-2023,11:04:22,Completed,502
6278,12,55,Prawn Masala,31-05-2023,22:12:31,Completed,588
6279,7,8,Masala Dosa,30-04-2023,02:11:01,Completed,235
6280,8,11,Egg Curry,06-02-2023,18:37:37,Completed,160
6281,16,43,Samosa,08-07-2023,06:03:31,Completed,234
6282,33,41,Veg Biryani,02-09-2023,04:41:05,Completed,495
6283,18,21,Egg Curry,29-05-2023,15:20:07,Completed,282
6284,25,55,Butter Chicken,03-03-2023,13:00:20,Completed,472
6285,7,59,Butter Chicken,11-10-2023,16:01:16,Completed,260
6286,9,30,Prawn Masala,01-05-2023,19:24:43,Completed,567
6287,28,30,Paneer Butter Masala,26-09-2023,14:58:28,Completed,192
6288,26,7,Masala Dosa,07-09-2023,20:48:35,Completed,401
6289,28,14,Prawn Masala,15-03-2023,22:48:27,Completed,504
6290,2,39,Egg Curry,07-02-2023,09:49:16,Completed,308
6291,2,52,Chicken Biryani,14-02-2023,09:26:14,Completed,186
6292,15,39,Egg Curry,06-09-2023,13:43:31,Completed,535
6293,16,38,Prawn Masala,17-04-2023,14:11:33,Completed,536
6294,14,38,Prawn Masala,22-06-2023,19:38:45,Completed,280
6295,3,24,Paneer Butter Masala,10-09-2023,00:39:55,Completed,375
6296,17,6,Veg Biryani,08-10-2023,08:52:21,Completed,439
6297,29,41,Veg Biryani,11-12-2023,17:06:02,Completed,198
6298,13,40,Pasta Alfredo,25-03-2023,16:37:12,Completed,491
6299,23,19,Prawn Masala,03-02-2023,15:13:07,Completed,238
6300,24,24,Veg Burger,28-09-2023,02:17:05,Completed,279
6301,19,25,Masala Dosa,05-09-2023,02:03:07,Completed,338
6302,14,36,Pasta Alfredo,16-10-2023,17:22:58,Completed,525
6303,25,45,Samosa,23-02-2023,11:53:54,Completed,358
6304,32,31,Rajma Chawal,13-06-2023,12:47:06,Completed,304
6305,14,1,Masala Dosa,18-06-2023,01:49:26,Completed,167
6306,30,13,Prawn Masala,26-10-2023,19:48:27,Completed,206
6307,5,3,Chicken Burger,16-12-2023,20:30:44,Completed,399
6308,18,44,Chole Bhature,19-11-2023,07:09:52,Completed,347
6309,5,8,Paneer Lababdar,24-09-2023,14:35:53,Completed,398
6310,9,32,Rajma Chawal,06-03-2023,18:57:29,Completed,513
6311,33,19,Prawn Masala,25-01-2023,12:13:43,Completed,298
6312,8,10,Butter Chicken,15-09-2023,06:14:45,Completed,278
6313,4,46,Mutton Biryani,13-12-2023,23:04:22,Completed,520
6314,25,8,Chicken Burger,11-11-2023,05:56:08,Completed,385
6315,1,58,Samosa,15-07-2023,08:41:01,Completed,343
6316,20,32,Prawn Masala,16-02-2023,03:09:23,Completed,580
6317,22,14,Chicken Biryani,07-09-2023,03:35:06,Completed,480
6318,4,53,Samosa,10-03-2023,12:51:16,Completed,348
6319,1,16,Egg Curry,23-05-2023,16:38:46,Completed,538
6320,20,31,Chole Bhature,02-10-2023,04:52:55,Completed,411
6321,6,25,Mutton Biryani,11-01-2023,02:54:32,Completed,242
6322,3,30,Egg Curry,06-06-2023,12:48:11,Completed,550
6323,28,56,Mutton Biryani,04-12-2023,13:45:23,Completed,599
6324,4,29,Paneer Butter Masala,04-02-2023,18:58:22,Completed,185
6325,9,17,Egg Curry,08-08-2023,00:55:52,Completed,468
6326,13,49,Pasta Alfredo,22-11-2023,20:32:55,Completed,356
6327,5,21,Veg Burger,23-07-2023,04:57:31,Completed,385
6328,5,13,Butter Chicken,08-12-2023,21:59:48,Completed,438
6329,30,31,Veg Biryani,16-02-2023,06:23:15,Completed,419
6330,25,10,Rajma Chawal,29-12-2023,09:25:01,Completed,379
6331,8,44,Samosa,30-05-2023,21:20:41,Completed,511
6332,26,15,Chole Bhature,28-09-2023,12:25:02,Completed,288
6333,4,32,Chicken Biryani,16-04-2023,13:27:07,Completed,304
6334,32,5,Chicken Burger,26-07-2023,19:23:54,Completed,428
6335,23,40,Rajma Chawal,11-07-2023,13:04:05,Completed,252
6336,33,11,Mutton Biryani,13-08-2023,01:30:52,Completed,380
6337,4,21,Masala Dosa,16-09-2023,00:09:25,Completed,401
6338,29,51,Paneer Butter Masala,20-12-2023,06:13:23,Completed,555
6339,4,50,Prawn Masala,21-02-2023,03:25:20,Completed,447
6340,1,34,Veg Biryani,28-02-2023,01:00:27,Completed,254
6341,13,24,Butter Chicken,27-04-2023,11:36:33,Completed,406
6342,14,43,Butter Chicken,14-12-2023,02:19:04,Completed,200
6343,32,48,Paneer Butter Masala,26-09-2023,09:06:50,Completed,532
6344,5,53,Paneer Butter Masala,16-06-2023,14:19:39,Completed,156
6345,28,10,Prawn Masala,13-11-2023,15:04:24,Completed,201
6346,17,20,Egg Curry,22-09-2023,01:40:30,Completed,582
6347,4,57,Chole Bhature,04-09-2023,03:26:32,Completed,427
6348,8,20,Samosa,03-12-2023,16:08:29,Completed,386
6349,6,13,Paneer Butter Masala,30-06-2023,22:02:08,Completed,510
6350,33,31,Egg Curry,07-04-2023,17:34:06,Completed,223
6351,30,43,Veg Burger,23-06-2023,05:00:27,Completed,275
6352,1,2,Mutton Biryani,16-11-2023,12:56:00,Completed,355
6353,15,18,Paneer Butter Masala,08-11-2023,10:39:39,Completed,235
6354,31,59,Veg Burger,25-09-2023,00:45:12,Completed,579
6355,28,55,Prawn Masala,25-05-2023,07:37:45,Completed,565
6356,3,32,Samosa,15-03-2023,10:40:12,Completed,268
6357,17,27,Mutton Biryani,23-04-2023,09:55:34,Completed,184
6358,27,30,Rajma Chawal,31-01-2023,09:05:36,Completed,480
6359,18,3,Prawn Masala,02-06-2023,15:33:58,Completed,302
6360,17,32,Rajma Chawal,16-09-2023,03:15:23,Completed,403
6361,10,13,Samosa,07-02-2023,15:13:48,Completed,329
6362,18,34,Chicken Burger,01-02-2023,11:14:39,Completed,477
6363,25,44,Paneer Butter Masala,14-09-2023,12:19:44,Completed,309
6364,31,60,Prawn Masala,26-03-2023,06:37:13,Completed,446
6365,12,58,Chicken Biryani,18-02-2023,09:43:48,Completed,220
6366,3,19,Chicken Biryani,01-03-2023,03:20:55,Completed,340
6367,12,13,Chicken Biryani,03-09-2023,14:03:19,Completed,495
6368,30,4,Prawn Masala,04-12-2023,15:20:14,Completed,300
6369,6,43,Chole Bhature,22-11-2023,17:24:24,Completed,218
6370,32,55,Rajma Chawal,11-05-2023,21:11:42,Completed,421
6371,7,29,Chole Bhature,25-03-2023,15:57:27,Completed,355
6372,13,8,Pasta Alfredo,17-01-2023,12:54:07,Completed,522
6373,9,22,Chole Bhature,05-04-2023,19:41:27,Completed,208
6374,16,22,Butter Chicken,13-08-2023,09:21:11,Completed,172
6375,11,12,Rajma Chawal,12-08-2023,16:55:29,Completed,311
6376,28,5,Chicken Biryani,26-10-2023,05:49:23,Completed,498
6377,17,50,Veg Biryani,23-02-2023,00:50:59,Completed,409
6378,20,40,Pasta Alfredo,13-12-2023,08:09:55,Completed,159
6379,13,29,Mutton Biryani,18-10-2023,10:57:28,Completed,452
6380,26,41,Chole Bhature,20-06-2023,04:09:49,Completed,468
6381,16,43,Paneer Butter Masala,07-06-2023,19:32:35,Completed,534
6382,8,6,Pasta Alfredo,13-12-2023,15:46:59,Completed,539
6383,17,24,Paneer Butter Masala,09-04-2023,16:40:12,Completed,502
6384,13,17,Veg Biryani,01-12-2023,00:00:26,Completed,260
6385,11,48,Rajma Chawal,04-01-2023,09:58:02,Completed,227
6386,23,23,Chicken Burger,06-11-2023,13:01:46,Completed,442
6387,29,55,Samosa,22-06-2023,12:52:37,Completed,591
6388,9,5,Masala Dosa,23-05-2023,15:27:08,Completed,351
6389,32,60,Chicken Biryani,27-04-2023,17:10:12,Completed,357
6390,15,51,Samosa,22-01-2023,08:30:59,Completed,156
6391,20,53,Paneer Lababdar,26-10-2023,23:46:16,Completed,454
6392,33,17,Chole Bhature,17-05-2023,07:49:20,Completed,542
6393,7,15,Chole Bhature,06-04-2023,21:34:25,Completed,449
6394,24,53,Chicken Burger,23-03-2023,05:05:10,Completed,501
6395,5,4,Chole Bhature,19-05-2023,22:26:31,Completed,317
6396,8,12,Egg Curry,24-06-2023,17:50:48,Completed,378
6397,4,5,Prawn Masala,29-10-2023,00:28:27,Completed,346
6398,11,41,Rajma Chawal,31-03-2023,04:39:23,Completed,356
6399,27,58,Prawn Masala,11-02-2023,06:13:57,Completed,254
6400,16,59,Prawn Masala,24-06-2023,23:00:28,Completed,355
6401,4,39,Chicken Biryani,10-05-2023,04:29:52,Completed,230
6402,9,41,Chicken Biryani,22-06-2023,05:28:24,Completed,365
6403,19,6,Mutton Biryani,07-07-2023,00:33:48,Completed,350
6404,32,15,Chicken Burger,17-08-2023,17:21:24,Completed,548
6405,10,54,Chicken Burger,29-06-2023,11:47:34,Completed,227
6406,25,46,Veg Burger,05-04-2023,05:11:26,Completed,548
6407,21,49,Pasta Alfredo,25-08-2023,15:50:32,Completed,390
6408,22,7,Paneer Butter Masala,24-08-2023,06:41:49,Completed,523
6409,13,24,Mutton Biryani,09-07-2023,04:46:56,Completed,533
6410,2,31,Masala Dosa,28-01-2023,22:08:58,Completed,340
6411,26,58,Prawn Masala,29-06-2023,21:36:05,Completed,538
6412,25,45,Pasta Alfredo,17-10-2023,15:51:41,Completed,576
6413,4,31,Mutton Biryani,15-12-2023,09:07:01,Completed,323
6414,4,36,Prawn Masala,06-05-2023,09:23:12,Completed,457
6415,33,8,Veg Biryani,06-10-2023,05:02:55,Completed,326
6416,32,47,Chole Bhature,31-07-2023,00:34:01,Completed,405
6417,15,12,Paneer Butter Masala,12-11-2023,09:46:39,Completed,407
6418,33,39,Veg Burger,10-02-2023,13:02:06,Completed,165
6419,23,25,Chicken Biryani,15-05-2023,01:45:32,Completed,200
6420,20,21,Paneer Butter Masala,31-07-2023,00:58:39,Completed,421
6421,15,59,Paneer Butter Masala,18-02-2023,22:10:39,Completed,514
6422,20,15,Egg Curry,21-03-2023,12:27:51,Completed,496
6423,25,28,Mutton Biryani,26-02-2023,06:01:00,Completed,285
6424,25,16,Paneer Butter Masala,04-04-2023,03:37:12,Completed,551
6425,29,59,Paneer Butter Masala,01-01-2023,09:25:01,Completed,453
6426,27,39,Mutton Biryani,31-10-2023,03:54:27,Completed,441
6427,19,36,Pasta Alfredo,17-08-2023,11:58:48,Completed,182
6428,24,57,Masala Dosa,29-09-2023,17:50:41,Completed,575
6429,9,27,Egg Curry,19-06-2023,21:11:55,Completed,589
6430,20,22,Veg Burger,03-07-2023,10:33:24,Completed,551
6431,10,9,Masala Dosa,17-12-2023,15:47:30,Completed,163
6432,6,19,Masala Dosa,03-06-2023,00:11:20,Completed,455
6433,1,40,Prawn Masala,16-01-2023,10:11:51,Completed,232
6434,30,21,Egg Curry,25-12-2023,19:11:58,Completed,321
6435,20,59,Chole Bhature,31-08-2023,23:57:33,Completed,567
6436,16,30,Chicken Burger,13-02-2023,22:32:47,Completed,393
6437,16,52,Mutton Biryani,20-03-2023,01:57:13,Completed,550
6438,11,33,Rajma Chawal,17-08-2023,15:50:20,Completed,159
6439,20,60,Samosa,11-11-2023,11:45:32,Completed,221
6440,21,25,Masala Dosa,10-02-2023,17:04:17,Completed,520
6441,29,8,Samosa,03-08-2023,19:08:35,Completed,238
6442,13,51,Samosa,21-03-2023,09:51:42,Completed,461
6443,27,53,Butter Chicken,16-06-2023,19:14:30,Completed,316
6444,7,49,Egg Curry,17-04-2023,14:51:36,Completed,197
6445,1,60,Masala Dosa,07-03-2023,14:53:31,Completed,528
6446,29,53,Mutton Biryani,14-07-2023,18:10:42,Completed,550
6447,24,34,Paneer Lababdar,05-04-2023,14:47:50,Completed,230
6448,5,48,Masala Dosa,27-03-2023,14:59:14,Completed,523
6449,28,47,Rajma Chawal,19-11-2023,14:11:07,Completed,171
6450,6,19,Chole Bhature,09-08-2023,00:17:34,Completed,570
6451,30,8,Chicken Biryani,22-04-2023,09:03:46,Completed,477
6452,1,58,Chicken Biryani,23-02-2023,03:38:11,Completed,403
6453,2,54,Veg Biryani,13-06-2023,08:45:36,Completed,403
6454,21,9,Prawn Masala,02-01-2023,15:49:13,Completed,571
6455,23,5,Egg Curry,11-09-2023,03:48:13,Completed,362
6456,1,46,Paneer Butter Masala,30-12-2023,00:31:36,Completed,367
6457,1,33,Butter Chicken,10-12-2023,10:17:57,Completed,406
6458,12,3,Masala Dosa,07-02-2023,10:04:16,Completed,567
6459,26,60,Masala Dosa,13-08-2023,11:16:49,Completed,222
6460,23,2,Pasta Alfredo,23-04-2023,07:29:52,Completed,324
6461,22,1,Pasta Alfredo,03-05-2023,03:50:03,Completed,326
6462,33,12,Rajma Chawal,01-07-2023,11:32:55,Completed,246
6463,11,13,Chicken Biryani,28-08-2023,23:19:50,Completed,583
6464,23,4,Paneer Lababdar,21-12-2023,08:24:46,Completed,174
6465,20,31,Rajma Chawal,15-11-2023,11:05:16,Completed,467
6466,9,40,Chole Bhature,19-07-2023,22:49:57,Completed,190
6467,17,36,Veg Biryani,16-07-2023,23:01:53,Completed,456
6468,26,33,Butter Chicken,19-06-2023,22:43:16,Completed,534
6469,10,45,Chicken Biryani,29-10-2023,23:59:20,Completed,353
6470,16,58,Veg Biryani,24-10-2023,23:19:33,Completed,273
6471,16,40,Paneer Butter Masala,22-08-2023,02:12:47,Completed,240
6472,28,8,Chicken Biryani,30-01-2023,23:05:44,Completed,380
6473,28,2,Mutton Biryani,16-11-2023,10:21:52,Completed,336
6474,32,24,Egg Curry,18-01-2023,13:04:36,Completed,329
6475,7,52,Samosa,07-06-2023,14:54:26,Completed,474
6476,25,57,Veg Biryani,09-09-2023,21:38:47,Completed,372
6477,10,40,Chole Bhature,12-07-2023,12:35:56,Completed,252
6478,10,47,Rajma Chawal,04-12-2023,04:39:26,Completed,367
6479,26,15,Chicken Biryani,21-10-2023,19:14:28,Completed,314
6480,27,15,Masala Dosa,16-03-2023,09:15:31,Completed,331
6481,21,31,Chole Bhature,18-11-2023,21:29:54,Completed,458
6482,33,49,Butter Chicken,02-06-2023,20:36:06,Completed,332
6483,7,58,Masala Dosa,04-08-2023,01:35:30,Completed,226
6484,21,14,Paneer Lababdar,10-03-2023,07:49:31,Completed,490
6485,33,54,Rajma Chawal,12-10-2023,05:10:41,Completed,299
6486,22,9,Paneer Butter Masala,22-10-2023,21:22:30,Completed,487
6487,6,14,Pasta Alfredo,21-10-2023,16:40:29,Completed,488
6488,18,39,Masala Dosa,05-06-2023,10:57:05,Completed,423
6489,12,20,Chicken Burger,11-08-2023,16:33:33,Completed,422
6490,6,15,Veg Burger,23-02-2023,00:25:47,Completed,386
6491,12,5,Chole Bhature,13-02-2023,10:18:22,Completed,526
6492,10,31,Veg Biryani,28-01-2023,04:04:26,Completed,367
6493,3,23,Prawn Masala,30-08-2023,08:22:34,Completed,548
6494,25,13,Samosa,02-07-2023,02:25:22,Completed,163
6495,18,36,Rajma Chawal,11-07-2023,22:57:52,Completed,336
6496,18,56,Paneer Butter Masala,14-09-2023,20:02:09,Completed,223
6497,14,23,Mutton Biryani,04-10-2023,09:47:24,Completed,227
6498,2,42,Rajma Chawal,06-03-2023,16:42:42,Completed,494
6499,25,46,Samosa,11-04-2023,12:29:15,Completed,202
6500,24,17,Veg Biryani,06-02-2023,04:17:42,Completed,278
6501,3,35,Chicken Biryani,12-11-2023,03:45:30,Completed,417
6502,12,8,Veg Biryani,13-09-2023,15:26:26,Completed,269
6503,5,10,Chole Bhature,01-12-2023,16:06:05,Completed,581
6504,4,27,Butter Chicken,21-06-2023,01:23:46,Completed,323
6505,28,44,Chicken Burger,26-02-2023,17:22:41,Completed,559
6506,22,12,Prawn Masala,12-06-2023,12:19:04,Completed,338
6507,7,40,Paneer Butter Masala,06-09-2023,02:50:54,Completed,320
6508,14,20,Butter Chicken,19-06-2023,03:53:14,Completed,361
6509,6,49,Masala Dosa,28-09-2023,13:17:49,Completed,399
6510,25,38,Mutton Biryani,21-05-2023,22:37:02,Completed,401
6511,28,37,Chicken Biryani,15-05-2023,22:43:24,Completed,362
6512,22,12,Paneer Lababdar,31-01-2023,01:36:58,Completed,548
6513,30,40,Rajma Chawal,19-03-2023,12:18:25,Completed,505
6514,4,3,Egg Curry,26-12-2023,16:01:53,Completed,486
6515,10,8,Butter Chicken,28-03-2023,14:58:02,Completed,257
6516,17,33,Chole Bhature,24-05-2023,12:03:20,Completed,462
6517,4,27,Egg Curry,17-10-2023,13:46:29,Completed,301
6518,25,27,Mutton Biryani,17-10-2023,20:20:40,Completed,245
6519,1,26,Chole Bhature,28-04-2023,20:15:29,Completed,571
6520,3,33,Paneer Butter Masala,06-09-2023,04:48:51,Completed,442
6521,22,26,Chole Bhature,01-05-2023,01:31:14,Completed,474
6522,13,32,Veg Biryani,18-04-2023,12:15:38,Completed,593
6523,5,25,Samosa,25-04-2023,18:00:30,Completed,573
6524,26,52,Rajma Chawal,16-12-2023,04:55:09,Completed,201
6525,16,28,Egg Curry,21-11-2023,09:57:22,Completed,530
6526,29,18,Pasta Alfredo,23-06-2023,10:30:48,Completed,285
6527,30,22,Egg Curry,27-08-2023,12:49:05,Completed,534
6528,7,31,Veg Burger,28-02-2023,02:18:31,Completed,359
6529,30,40,Prawn Masala,22-03-2023,21:32:01,Completed,183
6530,5,37,Butter Chicken,10-08-2023,04:37:29,Completed,301
6531,5,22,Masala Dosa,07-12-2023,03:06:59,Completed,393
6532,19,30,Paneer Butter Masala,01-03-2023,04:05:13,Completed,340
6533,17,55,Prawn Masala,02-05-2023,02:17:50,Completed,524
6534,18,51,Butter Chicken,13-06-2023,08:16:50,Completed,275
6535,2,29,Paneer Butter Masala,06-11-2023,13:10:14,Completed,150
6536,24,56,Mutton Biryani,27-08-2023,16:37:17,Completed,371
6537,28,59,Veg Burger,10-07-2023,16:59:50,Completed,317
6538,19,23,Rajma Chawal,01-03-2023,02:21:41,Completed,455
6539,22,4,Chole Bhature,25-06-2023,09:35:33,Completed,378
6540,11,54,Paneer Butter Masala,28-03-2023,15:27:37,Completed,317
6541,18,16,Chicken Biryani,24-11-2023,16:37:17,Completed,243
6542,26,35,Masala Dosa,18-05-2023,14:15:57,Completed,400
6543,32,25,Samosa,12-01-2023,01:27:42,Completed,377
6544,30,19,Egg Curry,31-08-2023,17:58:28,Completed,561
6545,27,47,Rajma Chawal,30-12-2023,06:24:38,Completed,305
6546,6,27,Chicken Biryani,05-04-2023,02:49:06,Completed,388
6547,11,37,Paneer Lababdar,21-12-2023,02:34:57,Completed,526
6548,15,2,Samosa,17-01-2023,16:57:18,Completed,443
6549,12,23,Prawn Masala,26-02-2023,08:44:18,Completed,507
6550,3,20,Veg Burger,12-06-2023,12:52:54,Completed,412
6551,15,14,Chicken Burger,17-02-2023,17:25:52,Completed,522
6552,12,36,Veg Burger,16-03-2023,22:41:21,Completed,442
6553,32,49,Masala Dosa,15-11-2023,19:29:59,Completed,556
6554,30,8,Veg Burger,29-07-2023,09:04:17,Completed,538
6555,32,24,Veg Biryani,06-06-2023,12:48:48,Completed,187
6556,26,55,Butter Chicken,12-09-2023,02:33:18,Completed,241
6557,25,14,Paneer Lababdar,11-06-2023,03:28:05,Completed,401
6558,24,55,Paneer Butter Masala,16-08-2023,10:11:04,Completed,265
6559,14,35,Chicken Biryani,16-11-2023,18:13:49,Completed,161
6560,31,48,Chole Bhature,08-07-2023,11:09:19,Completed,344
6561,31,2,Butter Chicken,15-08-2023,02:05:10,Completed,235
6562,7,1,Pasta Alfredo,31-03-2023,07:42:49,Completed,186
6563,12,45,Chicken Biryani,16-06-2023,11:09:18,Completed,594
6564,15,58,Pasta Alfredo,20-10-2023,06:45:41,Completed,567
6565,24,15,Mutton Biryani,08-09-2023,12:39:45,Completed,257
6566,25,46,Mutton Biryani,21-06-2023,06:03:55,Completed,516
6567,5,14,Samosa,06-02-2023,14:55:02,Completed,266
6568,25,53,Chole Bhature,05-06-2023,03:00:40,Completed,286
6569,13,30,Chicken Burger,15-11-2023,07:08:06,Completed,572
6570,7,50,Chicken Biryani,25-07-2023,00:01:36,Completed,424
6571,10,38,Chicken Biryani,24-03-2023,18:00:28,Completed,384
6572,22,56,Masala Dosa,29-07-2023,18:15:54,Completed,535
6573,3,50,Veg Biryani,29-10-2023,03:39:42,Completed,436
6574,31,19,Chicken Burger,14-05-2023,19:10:53,Completed,423
6575,18,54,Chicken Biryani,02-03-2023,01:31:48,Completed,230
6576,26,52,Veg Biryani,19-10-2023,12:17:36,Completed,220
6577,31,31,Mutton Biryani,05-10-2023,18:31:27,Completed,401
6578,18,17,Egg Curry,02-02-2023,23:15:20,Completed,374
6579,33,37,Chicken Biryani,04-11-2023,16:20:08,Completed,538
6580,4,1,Prawn Masala,20-07-2023,01:12:53,Completed,180
6581,7,13,Rajma Chawal,02-03-2023,21:53:41,Completed,422
6582,2,44,Veg Burger,04-03-2023,17:23:31,Completed,547
6583,7,5,Butter Chicken,13-05-2023,03:29:51,Completed,592
6584,28,57,Butter Chicken,20-01-2023,09:10:10,Completed,520
6585,32,41,Mutton Biryani,20-08-2023,21:42:26,Completed,426
6586,6,58,Samosa,10-02-2023,07:40:13,Completed,175
6587,6,57,Pasta Alfredo,30-10-2023,01:38:03,Completed,260
6588,28,10,Prawn Masala,09-08-2023,05:26:52,Completed,577
6589,17,17,Veg Burger,30-11-2023,23:53:15,Completed,192
6590,10,2,Chole Bhature,14-05-2023,18:23:11,Completed,450
6591,12,41,Rajma Chawal,14-04-2023,05:59:15,Completed,275
6592,23,16,Butter Chicken,13-01-2023,00:17:42,Completed,595
6593,4,20,Butter Chicken,14-01-2023,08:28:10,Completed,162
6594,27,11,Pasta Alfredo,12-06-2023,14:03:00,Completed,551
6595,9,55,Mutton Biryani,23-01-2023,04:08:33,Completed,443
6596,12,26,Mutton Biryani,17-12-2023,05:02:56,Completed,421
6597,9,10,Chole Bhature,03-01-2023,18:12:31,Completed,493
6598,23,39,Butter Chicken,31-08-2023,22:38:25,Completed,285
6599,1,40,Samosa,07-07-2023,14:36:06,Completed,352
6600,19,39,Egg Curry,20-02-2023,15:46:18,Completed,473
6601,5,3,Veg Burger,13-03-2023,22:38:37,Completed,236
6602,16,55,Pasta Alfredo,01-03-2023,10:26:49,Completed,550
6603,10,29,Paneer Butter Masala,10-11-2023,10:02:39,Completed,423
6604,14,42,Mutton Biryani,23-02-2023,12:06:24,Completed,332
6605,28,33,Egg Curry,27-02-2023,22:52:12,Completed,380
6606,3,46,Mutton Biryani,22-08-2023,19:27:41,Completed,574
6607,9,25,Chicken Burger,24-10-2023,00:22:56,Completed,578
6608,8,8,Veg Burger,26-11-2023,09:02:35,Completed,293
6609,2,17,Egg Curry,12-12-2023,05:01:51,Completed,342
6610,4,36,Chicken Burger,14-05-2023,11:55:51,Completed,564
6611,16,34,Paneer Lababdar,29-05-2023,16:00:38,Completed,242
6612,31,10,Egg Curry,11-01-2023,06:15:44,Completed,581
6613,5,44,Egg Curry,13-05-2023,03:58:09,Completed,165
6614,29,38,Samosa,09-09-2023,05:03:52,Completed,234
6615,23,29,Butter Chicken,12-04-2023,23:53:30,Completed,388
6616,26,35,Veg Burger,12-01-2023,02:27:50,Completed,590
6617,29,59,Chicken Burger,05-08-2023,10:57:58,Completed,378
6618,6,6,Prawn Masala,05-06-2023,04:57:30,Completed,198
6619,33,59,Veg Biryani,18-09-2023,11:18:51,Completed,428
6620,32,10,Prawn Masala,14-09-2023,20:23:02,Completed,575
6621,24,39,Egg Curry,03-05-2023,19:53:42,Completed,445
6622,14,55,Paneer Lababdar,23-03-2023,20:50:51,Completed,210
6623,29,28,Butter Chicken,15-05-2023,09:50:29,Completed,255
6624,7,28,Paneer Lababdar,22-10-2023,16:19:06,Completed,240
6625,30,6,Chole Bhature,04-06-2023,18:29:59,Completed,411
6626,33,22,Mutton Biryani,16-07-2023,19:27:07,Completed,577
6627,8,4,Paneer Lababdar,18-02-2023,02:54:16,Completed,553
6628,10,52,Masala Dosa,17-04-2023,01:41:40,Completed,401
6629,8,26,Rajma Chawal,27-08-2023,18:28:10,Completed,504
6630,20,59,Butter Chicken,24-07-2023,18:38:03,Completed,585
6631,23,52,Mutton Biryani,02-05-2023,06:04:29,Completed,499
6632,24,6,Mutton Biryani,27-01-2023,06:24:36,Completed,429
6633,25,41,Veg Burger,26-08-2023,02:10:24,Completed,188
6634,18,44,Paneer Butter Masala,16-12-2023,09:24:17,Completed,514
6635,28,24,Mutton Biryani,07-10-2023,18:03:19,Completed,576
6636,20,54,Butter Chicken,02-11-2023,13:41:48,Completed,328
6637,19,40,Masala Dosa,06-01-2023,05:33:56,Completed,346
6638,13,60,Paneer Butter Masala,12-06-2023,09:02:22,Completed,555
6639,29,1,Paneer Lababdar,07-02-2023,17:43:29,Completed,517
6640,4,28,Paneer Lababdar,10-10-2023,15:34:43,Completed,441
6641,20,7,Rajma Chawal,18-12-2023,17:47:37,Completed,581
6642,25,3,Egg Curry,17-12-2023,11:59:18,Completed,395
6643,13,59,Veg Burger,09-05-2023,16:24:30,Completed,472
6644,22,7,Chicken Burger,01-09-2023,00:45:48,Completed,575
6645,15,31,Prawn Masala,19-10-2023,02:01:44,Completed,206
6646,19,58,Veg Biryani,10-10-2023,01:36:40,Completed,190
6647,9,55,Chole Bhature,23-10-2023,21:43:56,Completed,240
6648,17,58,Samosa,01-04-2023,16:24:45,Completed,213
6649,13,7,Rajma Chawal,25-02-2023,05:48:28,Completed,558
6650,27,58,Rajma Chawal,06-08-2023,17:42:49,Completed,554
6651,2,11,Chicken Biryani,20-07-2023,17:28:57,Completed,470
6652,1,41,Butter Chicken,09-04-2023,09:38:49,Completed,574
6653,14,54,Butter Chicken,14-07-2023,20:45:05,Completed,176
6654,21,30,Chole Bhature,29-04-2023,21:26:44,Completed,489
6655,15,1,Chicken Burger,11-04-2023,15:45:25,Completed,579
6656,4,24,Veg Biryani,17-10-2023,07:58:27,Completed,445
6657,33,23,Pasta Alfredo,16-06-2023,15:45:03,Completed,567
6658,3,16,Paneer Lababdar,17-06-2023,11:38:40,Completed,515
6659,1,7,Masala Dosa,04-01-2023,14:35:57,Completed,325
6660,27,22,Paneer Butter Masala,19-04-2023,11:57:58,Completed,405
6661,20,52,Veg Biryani,12-11-2023,04:30:51,Completed,166
6662,3,1,Paneer Butter Masala,25-06-2023,11:12:30,Completed,253
6663,8,40,Paneer Butter Masala,08-12-2023,12:29:26,Completed,151
6664,3,8,Mutton Biryani,03-01-2023,05:06:37,Completed,177
6665,21,34,Prawn Masala,29-04-2023,02:51:52,Completed,184
6666,29,7,Chole Bhature,23-04-2023,15:11:02,Completed,334
6667,33,52,Pasta Alfredo,25-05-2023,19:11:57,Completed,549
6668,21,55,Chole Bhature,25-09-2023,23:03:22,Completed,402
6669,20,9,Chole Bhature,06-11-2023,23:37:19,Completed,414
6670,23,9,Chole Bhature,24-04-2023,20:30:33,Completed,503
6671,16,23,Rajma Chawal,26-02-2023,18:18:22,Completed,420
6672,31,29,Rajma Chawal,15-11-2023,08:48:10,Completed,378
6673,26,5,Chicken Biryani,20-03-2023,00:28:03,Completed,510
6674,32,3,Egg Curry,04-01-2023,01:30:57,Completed,274
6675,24,8,Chicken Burger,06-06-2023,05:42:37,Completed,572
6676,11,31,Samosa,05-07-2023,20:45:04,Completed,273
6677,1,40,Veg Biryani,06-08-2023,08:07:14,Completed,524
6678,11,39,Rajma Chawal,27-02-2023,21:44:14,Completed,542
6679,27,57,Paneer Butter Masala,02-03-2023,01:47:30,Completed,583
6680,2,28,Pasta Alfredo,29-07-2023,19:14:43,Completed,408
6681,27,59,Veg Burger,10-09-2023,15:01:45,Completed,279
6682,26,40,Prawn Masala,28-10-2023,05:39:02,Completed,255
6683,11,8,Chicken Biryani,25-01-2023,20:07:37,Completed,538
6684,10,47,Masala Dosa,06-09-2023,21:29:12,Completed,211
6685,17,23,Rajma Chawal,27-11-2023,21:55:18,Completed,555
6686,4,7,Butter Chicken,12-01-2023,02:36:31,Completed,485
6687,29,14,Rajma Chawal,07-08-2023,19:27:25,Completed,227
6688,12,48,Paneer Lababdar,20-01-2023,14:50:45,Completed,152
6689,32,1,Samosa,07-04-2023,03:53:03,Completed,158
6690,11,57,Mutton Biryani,11-10-2023,15:56:47,Completed,263
6691,22,55,Prawn Masala,07-06-2023,09:15:03,Completed,352
6692,9,6,Veg Biryani,10-02-2023,16:06:49,Completed,162
6693,21,4,Chole Bhature,30-07-2023,19:00:40,Completed,284
6694,30,46,Veg Biryani,25-02-2023,19:47:47,Completed,578
6695,33,9,Egg Curry,15-06-2023,00:32:23,Completed,549
6696,28,6,Pasta Alfredo,25-10-2023,21:16:13,Completed,473
6697,33,38,Paneer Butter Masala,19-06-2023,16:55:51,Completed,335
6698,4,45,Chole Bhature,22-09-2023,14:44:46,Completed,521
6699,10,50,Paneer Lababdar,08-11-2023,16:49:31,Completed,237
6700,28,21,Samosa,06-05-2023,01:12:46,Completed,296
6701,2,17,Paneer Butter Masala,06-10-2023,17:44:52,Completed,296
6702,11,49,Butter Chicken,30-06-2023,13:12:25,Completed,521
6703,30,16,Rajma Chawal,10-01-2023,10:21:30,Completed,440
6704,10,24,Chole Bhature,23-11-2023,14:01:37,Completed,542
6705,29,12,Butter Chicken,30-11-2023,15:53:04,Completed,374
6706,12,3,Chicken Biryani,03-01-2023,09:55:22,Completed,448
6707,16,11,Chole Bhature,23-02-2023,00:20:33,Completed,349
6708,32,6,Rajma Chawal,24-06-2023,01:53:32,Completed,541
6709,9,27,Chicken Burger,06-08-2023,07:28:54,Completed,582
6710,6,37,Samosa,02-04-2023,18:41:09,Completed,206
6711,10,1,Rajma Chawal,01-05-2023,03:09:30,Completed,397
6712,3,58,Paneer Butter Masala,01-03-2023,07:28:19,Completed,180
6713,5,1,Paneer Butter Masala,23-09-2023,20:33:35,Completed,428
6714,20,54,Masala Dosa,30-05-2023,10:02:46,Completed,570
6715,28,42,Egg Curry,07-06-2023,15:10:30,Completed,355
6716,3,11,Veg Burger,12-09-2023,15:17:55,Completed,437
6717,10,56,Mutton Biryani,25-01-2023,19:29:12,Completed,321
6718,14,45,Prawn Masala,29-07-2023,08:56:08,Completed,189
6719,5,41,Rajma Chawal,31-12-2023,05:37:47,Completed,413
6720,12,45,Masala Dosa,17-05-2023,20:18:36,Completed,484
6721,27,11,Butter Chicken,26-12-2023,17:38:59,Completed,264
6722,4,1,Paneer Lababdar,03-04-2023,19:07:43,Completed,177
6723,29,35,Rajma Chawal,24-07-2023,02:41:29,Completed,582
6724,22,38,Chicken Burger,06-12-2023,21:33:24,Completed,198
6725,18,54,Masala Dosa,22-11-2023,11:49:16,Completed,305
6726,1,18,Pasta Alfredo,17-07-2023,12:31:06,Completed,214
6727,11,48,Pasta Alfredo,14-05-2023,05:40:26,Completed,285
6728,5,11,Pasta Alfredo,17-01-2023,18:44:17,Completed,372
6729,10,53,Paneer Butter Masala,20-08-2023,18:57:40,Completed,191
6730,11,18,Rajma Chawal,08-12-2023,03:10:45,Completed,403
6731,15,2,Veg Burger,05-09-2023,09:17:11,Completed,413
6732,22,10,Butter Chicken,25-09-2023,07:53:23,Completed,539
6733,3,21,Chicken Burger,24-07-2023,18:49:50,Completed,569
6734,33,41,Veg Biryani,07-08-2023,22:06:20,Completed,296
6735,7,23,Butter Chicken,13-02-2023,03:08:30,Completed,562
6736,27,46,Chicken Biryani,14-11-2023,13:11:26,Completed,326
6737,12,56,Paneer Lababdar,03-06-2023,23:41:13,Completed,318
6738,15,38,Chicken Burger,06-04-2023,22:06:19,Completed,444
6739,30,51,Prawn Masala,25-01-2023,17:12:10,Completed,531
6740,31,26,Egg Curry,21-09-2023,21:06:06,Completed,394
6741,3,4,Samosa,05-09-2023,06:15:05,Completed,257
6742,14,23,Veg Burger,17-11-2023,23:44:26,Completed,263
6743,5,49,Paneer Butter Masala,13-12-2023,20:35:27,Completed,245
6744,24,28,Pasta Alfredo,20-02-2023,22:56:29,Completed,439
6745,10,27,Butter Chicken,07-08-2023,05:31:44,Completed,227
6746,10,21,Chicken Burger,03-09-2023,18:30:28,Completed,341
6747,14,14,Butter Chicken,23-10-2023,22:38:45,Completed,168
6748,4,17,Chicken Biryani,02-11-2023,00:24:36,Completed,542
6749,10,35,Prawn Masala,13-12-2023,18:14:38,Completed,284
6750,19,27,Pasta Alfredo,14-09-2023,11:57:09,Completed,419
6751,30,33,Mutton Biryani,26-03-2023,01:17:38,Completed,184
6752,9,6,Chicken Burger,19-04-2023,03:57:30,Completed,406
6753,21,38,Paneer Butter Masala,18-09-2023,07:36:38,Completed,589
6754,24,2,Butter Chicken,09-02-2023,13:04:20,Completed,191
6755,11,48,Rajma Chawal,29-04-2023,04:57:56,Completed,168
6756,19,54,Chicken Burger,12-06-2023,08:56:53,Completed,244
6757,28,11,Chicken Biryani,20-08-2023,08:09:57,Completed,178
6758,14,13,Mutton Biryani,10-12-2023,20:16:58,Completed,285
6759,16,43,Chole Bhature,08-01-2023,02:16:49,Completed,374
6760,4,51,Pasta Alfredo,01-10-2023,11:05:50,Completed,557
6761,12,28,Paneer Lababdar,26-02-2023,06:28:22,Completed,508
6762,12,50,Prawn Masala,16-04-2023,16:24:20,Completed,522
6763,29,2,Chole Bhature,05-12-2023,19:00:16,Completed,401
6764,19,45,Prawn Masala,17-09-2023,12:51:53,Completed,415
6765,2,42,Paneer Butter Masala,24-05-2023,13:39:40,Completed,453
6766,19,30,Rajma Chawal,17-08-2023,09:39:00,Completed,471
6767,13,11,Egg Curry,30-07-2023,13:45:31,Completed,188
6768,8,10,Chicken Burger,09-07-2023,21:55:08,Completed,504
6769,18,10,Samosa,28-02-2023,12:29:25,Completed,209
6770,3,30,Pasta Alfredo,24-10-2023,02:56:49,Completed,486
6771,13,58,Chicken Burger,26-03-2023,05:35:04,Completed,456
6772,2,17,Samosa,30-10-2023,11:48:03,Completed,374
6773,20,23,Masala Dosa,03-06-2023,00:54:22,Completed,599
6774,23,44,Rajma Chawal,30-10-2023,04:16:08,Completed,579
6775,17,48,Egg Curry,24-01-2023,10:09:43,Completed,455
6776,12,47,Veg Burger,20-08-2023,06:56:31,Completed,283
6777,3,13,Chicken Burger,13-04-2023,03:00:09,Completed,321
6778,5,19,Mutton Biryani,07-03-2023,14:01:51,Completed,584
6779,31,58,Egg Curry,01-10-2023,00:15:13,Completed,274
6780,13,19,Masala Dosa,02-02-2023,12:58:46,Completed,528
6781,22,22,Chole Bhature,26-01-2023,20:37:03,Completed,502
6782,3,60,Veg Biryani,17-06-2023,07:53:54,Completed,289
6783,32,25,Chole Bhature,24-05-2023,09:40:07,Completed,503
6784,28,36,Prawn Masala,14-07-2023,06:02:02,Completed,194
6785,20,24,Pasta Alfredo,07-01-2023,05:55:23,Completed,559
6786,11,11,Chicken Biryani,13-08-2023,15:03:49,Completed,418
6787,9,45,Prawn Masala,26-07-2023,20:27:54,Completed,198
6788,32,53,Paneer Lababdar,29-12-2023,07:08:14,Completed,367
6789,26,31,Samosa,23-02-2023,22:27:07,Completed,263
6790,20,34,Egg Curry,11-06-2023,00:45:48,Completed,599
6791,26,35,Rajma Chawal,02-02-2023,03:26:40,Completed,158
6792,3,21,Prawn Masala,05-08-2023,22:13:32,Completed,539
6793,26,26,Rajma Chawal,03-01-2023,11:43:32,Completed,175
6794,20,12,Chicken Biryani,30-11-2023,22:28:51,Completed,351
6795,3,52,Chicken Burger,02-09-2023,10:15:54,Completed,526
6796,5,54,Veg Biryani,27-03-2023,06:55:45,Completed,402
6797,4,35,Pasta Alfredo,02-06-2023,09:11:13,Completed,406
6798,1,20,Samosa,20-06-2023,22:12:56,Completed,435
6799,33,3,Veg Burger,02-11-2023,15:34:07,Completed,544
6800,28,49,Samosa,26-07-2023,12:03:22,Completed,206
6801,1,31,Chole Bhature,23-05-2023,07:33:09,Completed,182
6802,11,55,Butter Chicken,19-01-2023,05:50:48,Completed,420
6803,25,9,Mutton Biryani,14-04-2023,05:54:35,Completed,472
6804,6,44,Rajma Chawal,20-09-2023,10:10:38,Completed,358
6805,14,45,Rajma Chawal,22-05-2023,20:24:53,Completed,526
6806,17,39,Mutton Biryani,05-04-2023,07:27:11,Completed,209
6807,16,38,Mutton Biryani,30-06-2023,02:50:45,Completed,458
6808,18,51,Paneer Butter Masala,23-12-2023,06:16:57,Completed,583
6809,24,29,Chicken Biryani,18-06-2023,06:03:05,Completed,445
6810,27,17,Mutton Biryani,15-03-2023,17:41:20,Completed,349
6811,1,53,Chole Bhature,07-02-2023,00:09:40,Completed,369
6812,12,33,Paneer Lababdar,13-04-2023,22:36:09,Completed,481
6813,23,52,Pasta Alfredo,19-11-2023,08:06:55,Completed,282
6814,19,60,Mutton Biryani,20-08-2023,08:53:03,Completed,599
6815,28,25,Chicken Biryani,26-11-2023,06:20:35,Completed,279
6816,1,25,Masala Dosa,05-08-2023,15:33:36,Completed,414
6817,3,30,Rajma Chawal,08-08-2023,08:00:03,Completed,249
6818,31,22,Rajma Chawal,04-12-2023,11:19:28,Completed,383
6819,6,43,Masala Dosa,27-06-2023,03:45:22,Completed,437
6820,12,32,Samosa,17-04-2023,11:43:12,Completed,375
6821,30,48,Chicken Biryani,14-02-2023,06:44:25,Completed,339
6822,22,51,Chicken Burger,06-02-2023,04:08:56,Completed,522
6823,1,37,Masala Dosa,14-06-2023,05:11:58,Completed,369
6824,24,22,Chicken Burger,13-01-2023,18:39:12,Completed,369
6825,6,7,Prawn Masala,17-11-2023,06:47:07,Completed,176
6826,19,31,Prawn Masala,24-03-2023,23:48:52,Completed,533
6827,29,9,Chicken Burger,02-11-2023,21:27:23,Completed,405
6828,15,8,Paneer Butter Masala,29-09-2023,11:50:07,Completed,494
6829,20,27,Pasta Alfredo,02-06-2023,09:00:03,Completed,496
6830,9,50,Butter Chicken,31-10-2023,19:27:25,Completed,568
6831,17,59,Pasta Alfredo,28-08-2023,03:22:50,Completed,272
6832,20,31,Chicken Burger,20-10-2023,07:39:13,Completed,477
6833,6,15,Chicken Biryani,01-12-2023,07:31:53,Completed,160
6834,29,60,Chicken Burger,14-07-2023,22:22:11,Completed,381
6835,27,7,Egg Curry,28-08-2023,22:52:53,Completed,457
6836,33,45,Egg Curry,03-11-2023,22:23:13,Completed,445
6837,26,9,Veg Biryani,08-06-2023,14:35:08,Completed,526
6838,10,30,Samosa,07-09-2023,09:46:31,Completed,498
6839,3,22,Egg Curry,05-02-2023,16:35:42,Completed,434
6840,31,36,Butter Chicken,18-06-2023,12:10:17,Completed,419
6841,22,57,Butter Chicken,04-04-2023,12:26:32,Completed,301
6842,9,57,Egg Curry,02-12-2023,12:50:47,Completed,270
6843,6,22,Chole Bhature,13-10-2023,15:26:38,Completed,581
6844,7,27,Pasta Alfredo,13-11-2023,12:40:27,Completed,492
6845,17,1,Egg Curry,12-05-2023,03:27:38,Completed,217
6846,19,4,Chicken Burger,13-02-2023,05:03:14,Completed,253
6847,10,24,Masala Dosa,25-02-2023,17:49:01,Completed,552
6848,16,16,Rajma Chawal,10-07-2023,10:56:16,Completed,553
6849,9,18,Veg Burger,28-03-2023,08:12:52,Completed,553
6850,11,31,Chicken Burger,24-12-2023,19:09:30,Completed,251
6851,8,13,Butter Chicken,18-11-2023,15:25:24,Completed,385
6852,6,52,Butter Chicken,02-05-2023,16:54:43,Completed,203
6853,20,36,Mutton Biryani,10-06-2023,06:41:57,Completed,224
6854,9,19,Mutton Biryani,02-02-2023,09:39:52,Completed,291
6855,22,7,Paneer Butter Masala,12-03-2023,21:32:51,Completed,270
6856,1,4,Egg Curry,19-04-2023,11:31:40,Completed,157
6857,5,25,Rajma Chawal,25-09-2023,08:50:06,Completed,319
6858,3,1,Samosa,18-03-2023,03:45:45,Completed,410
6859,27,11,Masala Dosa,29-04-2023,22:31:45,Completed,451
6860,17,35,Butter Chicken,23-01-2023,11:11:02,Completed,343
6861,33,38,Butter Chicken,10-08-2023,22:14:27,Completed,429
6862,8,26,Butter Chicken,07-06-2023,12:52:22,Completed,331
6863,8,55,Rajma Chawal,25-12-2023,16:22:13,Completed,473
6864,29,1,Rajma Chawal,17-10-2023,09:00:16,Completed,460
6865,10,37,Paneer Lababdar,21-11-2023,22:43:53,Completed,418
6866,14,52,Rajma Chawal,31-07-2023,23:50:46,Completed,297
6867,3,32,Paneer Lababdar,16-04-2023,13:11:28,Completed,150
6868,27,26,Rajma Chawal,15-04-2023,13:13:25,Completed,239
6869,11,6,Veg Biryani,08-10-2023,17:16:34,Completed,442
6870,23,37,Veg Biryani,26-11-2023,06:52:46,Completed,576
6871,28,54,Samosa,31-10-2023,20:29:33,Completed,264
6872,15,48,Chole Bhature,05-12-2023,20:34:53,Completed,197
6873,1,50,Pasta Alfredo,17-11-2023,04:03:59,Completed,151
6874,32,3,Masala Dosa,18-07-2023,02:33:19,Completed,175
6875,3,13,Veg Burger,23-06-2023,13:35:36,Completed,254
6876,16,55,Butter Chicken,08-01-2023,23:48:07,Completed,340
6877,23,6,Pasta Alfredo,13-05-2023,12:52:27,Completed,340
6878,31,36,Paneer Butter Masala,15-08-2023,12:57:29,Completed,228
6879,33,14,Masala Dosa,21-08-2023,01:58:47,Completed,357
6880,25,6,Rajma Chawal,14-04-2023,04:48:30,Completed,524
6881,23,41,Rajma Chawal,14-06-2023,06:40:07,Completed,247
6882,28,17,Chole Bhature,27-02-2023,16:12:15,Completed,352
6883,19,32,Chicken Burger,31-08-2023,11:03:07,Completed,326
6884,10,13,Paneer Lababdar,07-02-2023,22:30:42,Completed,228
6885,3,58,Rajma Chawal,21-05-2023,05:04:38,Completed,342
6886,29,30,Mutton Biryani,30-10-2023,04:36:36,Completed,262
6887,12,15,Veg Biryani,05-04-2023,08:03:34,Completed,549
6888,6,8,Veg Biryani,22-02-2023,20:38:00,Completed,589
6889,28,22,Rajma Chawal,13-12-2023,03:56:24,Completed,466
6890,15,35,Rajma Chawal,02-03-2023,21:28:52,Completed,485
6891,27,34,Chicken Biryani,31-10-2023,14:10:10,Completed,270
6892,6,15,Mutton Biryani,02-02-2023,14:37:49,Completed,514
6893,5,54,Chicken Biryani,24-11-2023,20:11:36,Completed,198
6894,23,45,Pasta Alfredo,03-02-2023,16:29:19,Completed,344
6895,18,13,Chicken Burger,14-06-2023,16:43:29,Completed,307
6896,24,11,Veg Biryani,11-08-2023,13:53:07,Completed,367
6897,33,32,Chole Bhature,21-07-2023,03:11:27,Completed,592
6898,24,51,Paneer Lababdar,18-08-2023,22:49:15,Completed,382
6899,9,30,Chicken Burger,22-06-2023,06:58:23,Completed,431
6900,23,56,Paneer Butter Masala,30-05-2023,04:51:18,Completed,299
6901,9,34,Chicken Burger,14-06-2023,12:48:34,Completed,413
6902,33,60,Butter Chicken,01-02-2023,09:03:40,Completed,574
6903,4,48,Veg Burger,18-06-2023,03:05:19,Completed,439
6904,23,9,Veg Biryani,30-10-2023,21:42:00,Completed,164
6905,6,56,Veg Burger,25-08-2023,06:12:43,Completed,429
6906,15,56,Paneer Lababdar,30-07-2023,06:47:29,Completed,250
6907,21,24,Paneer Lababdar,16-03-2023,09:26:49,Completed,160
6908,26,8,Paneer Lababdar,06-05-2023,23:02:51,Completed,198
6909,22,44,Mutton Biryani,13-05-2023,13:07:24,Completed,265
6910,7,14,Chole Bhature,20-01-2023,00:32:26,Completed,231
6911,13,35,Masala Dosa,03-10-2023,00:38:13,Completed,403
6912,11,9,Masala Dosa,20-08-2023,08:23:47,Completed,442
6913,32,50,Chicken Biryani,09-09-2023,19:52:00,Completed,472
6914,13,46,Paneer Butter Masala,23-05-2023,07:24:26,Completed,580
6915,28,1,Chicken Biryani,31-05-2023,06:43:38,Completed,382
6916,9,57,Paneer Lababdar,14-07-2023,02:36:13,Completed,331
6917,10,53,Chicken Burger,18-12-2023,09:50:09,Completed,470
6918,29,18,Butter Chicken,03-02-2023,15:45:15,Completed,246
6919,6,28,Butter Chicken,14-05-2023,23:20:54,Completed,220
6920,30,57,Veg Burger,25-12-2023,14:26:26,Completed,589
6921,31,31,Chole Bhature,11-03-2023,05:18:56,Completed,203
6922,21,9,Butter Chicken,15-02-2023,09:35:21,Completed,483
6923,20,12,Pasta Alfredo,19-01-2023,11:20:37,Completed,384
6924,20,36,Egg Curry,03-09-2023,13:31:52,Completed,319
6925,16,22,Chicken Burger,24-08-2023,09:30:03,Completed,277
6926,10,18,Chicken Biryani,16-07-2023,06:18:27,Completed,578
6927,1,18,Veg Biryani,28-01-2023,01:55:57,Completed,369
6928,18,1,Veg Biryani,03-10-2023,20:30:24,Completed,251
6929,24,48,Egg Curry,20-07-2023,21:48:16,Completed,509
6930,26,9,Paneer Lababdar,21-09-2023,16:25:01,Completed,462
6931,27,23,Veg Biryani,19-12-2023,05:09:26,Completed,467
6932,7,58,Rajma Chawal,24-03-2023,12:11:24,Completed,373
6933,23,29,Rajma Chawal,19-12-2023,18:14:20,Completed,503
6934,3,14,Paneer Butter Masala,13-02-2023,12:38:16,Completed,526
6935,33,40,Chole Bhature,21-09-2023,22:37:16,Completed,220
6936,27,39,Chole Bhature,13-05-2023,10:14:40,Completed,376
6937,6,19,Paneer Butter Masala,05-05-2023,13:16:30,Completed,473
6938,8,34,Samosa,09-03-2023,23:36:49,Completed,499
6939,10,7,Pasta Alfredo,14-07-2023,21:50:46,Completed,293
6940,24,27,Paneer Butter Masala,02-04-2023,00:31:45,Completed,265
6941,20,50,Prawn Masala,28-03-2023,19:12:46,Completed,188
6942,25,15,Samosa,18-10-2023,19:58:47,Completed,337
6943,7,58,Butter Chicken,08-04-2023,05:14:10,Completed,364
6944,1,7,Chole Bhature,16-02-2023,23:12:20,Completed,437
6945,27,12,Rajma Chawal,22-11-2023,06:17:12,Completed,582
6946,21,20,Veg Burger,30-08-2023,05:20:20,Completed,444
6947,22,9,Chicken Burger,18-01-2023,12:37:06,Completed,237
6948,23,27,Butter Chicken,21-12-2023,20:11:07,Completed,246
6949,15,52,Pasta Alfredo,30-10-2023,08:42:33,Completed,191
6950,27,52,Veg Biryani,09-03-2023,06:55:26,Completed,326
6951,33,51,Prawn Masala,04-06-2023,07:21:04,Completed,181
6952,28,23,Rajma Chawal,24-07-2023,02:17:20,Completed,378
6953,27,24,Chole Bhature,26-02-2023,12:51:28,Completed,487
6954,33,52,Prawn Masala,12-12-2023,10:06:20,Completed,292
6955,30,44,Mutton Biryani,13-10-2023,02:26:20,Completed,342
6956,13,58,Masala Dosa,30-03-2023,05:07:35,Completed,518
6957,26,10,Chicken Biryani,06-05-2023,04:51:28,Completed,320
6958,6,6,Rajma Chawal,25-08-2023,09:58:16,Completed,563
6959,6,36,Pasta Alfredo,28-02-2023,00:54:27,Completed,412
6960,11,35,Rajma Chawal,05-11-2023,02:26:40,Completed,582
6961,12,30,Pasta Alfredo,23-04-2023,11:27:18,Completed,510
6962,28,4,Masala Dosa,20-11-2023,22:03:12,Completed,167
6963,24,1,Prawn Masala,20-02-2023,15:36:08,Completed,469
6964,9,50,Chicken Biryani,29-06-2023,09:14:42,Completed,527
6965,18,24,Masala Dosa,23-12-2023,17:44:50,Completed,342
6966,26,29,Paneer Lababdar,14-04-2023,07:44:09,Completed,266
6967,21,55,Egg Curry,17-07-2023,19:30:48,Completed,344
6968,18,11,Rajma Chawal,22-09-2023,05:51:50,Completed,331
6969,31,19,Veg Burger,01-01-2023,14:42:02,Completed,473
6970,3,14,Chicken Biryani,26-04-2023,21:01:25,Completed,577
6971,17,14,Butter Chicken,30-03-2023,12:05:45,Completed,236
6972,4,52,Prawn Masala,15-01-2023,07:15:13,Completed,276
6973,28,2,Mutton Biryani,16-06-2023,23:09:59,Completed,193
6974,21,54,Masala Dosa,20-05-2023,12:52:48,Completed,395
6975,27,20,Butter Chicken,28-03-2023,12:16:30,Completed,264
6976,28,42,Chole Bhature,27-10-2023,13:10:36,Completed,289
6977,29,3,Masala Dosa,21-05-2023,00:32:55,Completed,510
6978,10,37,Veg Burger,29-09-2023,18:53:07,Completed,420
6979,22,47,Samosa,30-12-2023,19:38:48,Completed,565
6980,20,57,Samosa,09-06-2023,11:22:20,Completed,353
6981,8,7,Pasta Alfredo,11-04-2023,00:12:19,Completed,450
6982,10,16,Rajma Chawal,25-03-2023,00:32:47,Completed,184
6983,20,54,Masala Dosa,11-03-2023,12:45:02,Completed,436
6984,8,54,Prawn Masala,27-11-2023,11:01:22,Completed,254
6985,8,58,Chole Bhature,30-06-2023,21:01:05,Completed,457
6986,4,43,Paneer Lababdar,26-02-2023,17:28:45,Completed,528
6987,1,24,Veg Burger,17-11-2023,18:53:32,Completed,591
6988,4,55,Paneer Butter Masala,12-03-2023,02:20:16,Completed,314
6989,5,36,Veg Biryani,11-06-2023,16:55:54,Completed,338
6990,15,46,Chole Bhature,21-04-2023,22:51:34,Completed,300
6991,24,13,Rajma Chawal,30-03-2023,04:33:11,Completed,289
6992,7,18,Pasta Alfredo,01-01-2024,04:49:27,Completed,211
6993,14,6,Paneer Lababdar,25-02-2023,18:10:26,Completed,372
6994,9,40,Chole Bhature,01-01-2023,13:49:10,Completed,260
6995,33,37,Prawn Masala,08-05-2023,00:43:38,Completed,396
6996,27,44,Chole Bhature,30-08-2023,12:40:00,Completed,597
6997,29,10,Chicken Biryani,18-07-2023,10:32:30,Completed,558
6998,8,10,Samosa,09-01-2023,17:59:28,Completed,331
6999,33,4,Paneer Lababdar,26-06-2023,11:23:50,Completed,174
7000,27,23,Rajma Chawal,09-06-2023,14:39:25,Completed,290
7001,13,55,Masala Dosa,28-12-2023,10:09:10,Completed,207
7002,11,36,Chole Bhature,28-12-2023,18:07:43,Completed,380
7003,13,36,Pasta Alfredo,08-06-2023,16:07:56,Completed,229
7004,24,56,Pasta Alfredo,17-05-2023,08:02:07,Completed,439
7005,31,57,Paneer Lababdar,09-12-2023,13:16:55,Completed,159
7006,6,33,Egg Curry,28-08-2023,05:59:57,Completed,467
7007,18,48,Chole Bhature,26-12-2023,16:53:18,Completed,337
7008,20,35,Paneer Lababdar,31-12-2023,07:34:14,Completed,388
7009,5,34,Veg Burger,23-06-2023,13:09:48,Completed,209
7010,9,8,Chicken Burger,04-11-2023,02:59:50,Completed,204
7011,3,4,Paneer Lababdar,12-01-2023,23:56:27,Completed,438
7012,17,42,Butter Chicken,14-05-2023,05:59:28,Completed,288
7013,19,25,Butter Chicken,17-12-2023,18:09:56,Completed,554
7014,26,24,Rajma Chawal,13-08-2023,04:22:24,Completed,548
7015,6,30,Chicken Burger,02-02-2023,12:40:19,Completed,156
7016,11,19,Veg Biryani,10-05-2023,08:35:07,Completed,395
7017,19,2,Egg Curry,11-05-2023,01:29:36,Completed,311
7018,24,18,Samosa,27-04-2023,10:18:27,Completed,297
7019,23,45,Samosa,02-07-2023,17:10:00,Completed,530
7020,30,21,Butter Chicken,29-06-2023,11:13:36,Completed,211
7021,19,60,Veg Biryani,07-03-2023,00:38:10,Completed,205
7022,31,8,Masala Dosa,15-10-2023,10:54:38,Completed,583
7023,1,29,Veg Burger,21-09-2023,19:40:17,Completed,348
7024,29,54,Mutton Biryani,09-07-2023,02:08:41,Completed,289
7025,33,4,Mutton Biryani,26-12-2023,04:17:45,Completed,259
7026,5,21,Paneer Lababdar,07-05-2023,10:03:24,Completed,185
7027,6,27,Paneer Lababdar,05-05-2023,09:05:29,Completed,157
7028,11,30,Prawn Masala,05-08-2023,04:11:24,Completed,571
7029,28,24,Chicken Biryani,08-07-2023,07:58:52,Completed,555
7030,30,34,Veg Biryani,19-12-2023,15:38:44,Completed,288
7031,7,58,Chicken Burger,24-12-2023,00:52:27,Completed,362
7032,16,30,Chicken Biryani,23-11-2023,15:51:31,Completed,410
7033,6,42,Egg Curry,11-01-2023,13:22:49,Completed,430
7034,25,18,Mutton Biryani,08-07-2023,14:50:01,Completed,509
7035,5,37,Prawn Masala,01-11-2023,19:52:56,Completed,511
7036,15,30,Paneer Lababdar,28-02-2023,01:18:45,Completed,236
7037,26,52,Veg Burger,25-11-2023,19:00:25,Completed,312
7038,25,32,Egg Curry,23-04-2023,06:25:30,Completed,571
7039,12,57,Samosa,12-02-2023,06:42:11,Completed,233
7040,29,29,Mutton Biryani,17-09-2023,22:51:05,Completed,404
7041,28,52,Veg Biryani,09-11-2023,21:52:36,Completed,324
7042,27,52,Chole Bhature,01-07-2023,03:52:16,Completed,546
7043,4,25,Chicken Biryani,02-04-2023,16:24:04,Completed,490
7044,7,8,Paneer Butter Masala,27-01-2023,10:38:33,Completed,386
7045,26,51,Chicken Burger,28-04-2023,00:23:48,Completed,473
7046,19,3,Rajma Chawal,09-10-2023,18:51:30,Completed,389
7047,27,29,Egg Curry,03-02-2023,05:42:27,Completed,307
7048,22,47,Paneer Butter Masala,11-04-2023,19:29:23,Completed,508
7049,12,16,Paneer Butter Masala,28-02-2023,09:07:43,Completed,308
7050,9,15,Masala Dosa,14-03-2023,13:39:43,Completed,376
7051,30,26,Paneer Butter Masala,18-10-2023,16:33:04,Completed,331
7052,26,59,Chicken Burger,06-05-2023,13:51:00,Completed,525
7053,2,49,Butter Chicken,17-07-2023,17:22:56,Completed,214
7054,29,43,Egg Curry,03-08-2023,02:33:46,Completed,345
7055,17,56,Veg Biryani,17-07-2023,02:20:11,Completed,593
7056,17,18,Veg Burger,07-09-2023,06:51:16,Completed,534
7057,4,5,Samosa,04-06-2023,01:12:40,Completed,438
7058,15,12,Egg Curry,16-12-2023,01:03:01,Completed,389
7059,13,34,Rajma Chawal,01-05-2023,08:32:53,Completed,520
7060,9,51,Paneer Butter Masala,02-05-2023,17:09:38,Completed,289
7061,16,59,Butter Chicken,03-01-2023,01:20:56,Completed,390
7062,20,34,Butter Chicken,30-07-2023,21:13:13,Completed,518
7063,5,20,Samosa,03-07-2023,00:18:41,Completed,549
7064,17,56,Pasta Alfredo,13-10-2023,01:12:03,Completed,211
7065,14,39,Paneer Lababdar,24-12-2023,13:10:27,Completed,544
7066,19,57,Samosa,21-06-2023,07:32:09,Completed,491
7067,2,2,Masala Dosa,28-08-2023,13:18:24,Completed,563
7068,13,27,Egg Curry,19-11-2023,17:29:32,Completed,167
7069,17,11,Butter Chicken,10-12-2023,00:01:10,Completed,150
7070,19,37,Chicken Biryani,09-07-2023,21:44:16,Completed,571
7071,29,30,Paneer Lababdar,10-04-2023,00:49:39,Completed,208
7072,6,28,Rajma Chawal,30-04-2023,16:51:31,Completed,474
7073,29,31,Samosa,11-03-2023,04:49:37,Completed,548
7074,20,36,Egg Curry,07-04-2023,22:37:40,Completed,591
7075,32,58,Chicken Biryani,23-08-2023,14:49:34,Completed,439
7076,11,5,Paneer Lababdar,12-12-2023,04:01:00,Completed,392
7077,5,2,Chole Bhature,30-04-2023,00:12:26,Completed,437
7078,12,1,Paneer Butter Masala,15-03-2023,19:06:22,Completed,367
7079,21,17,Rajma Chawal,29-01-2023,01:38:55,Completed,554
7080,28,9,Samosa,06-04-2023,08:46:42,Completed,284
7081,32,52,Pasta Alfredo,13-07-2023,11:14:24,Completed,360
7082,22,37,Samosa,08-10-2023,14:38:26,Completed,346
7083,9,12,Veg Biryani,20-02-2023,18:58:18,Completed,539
7084,25,37,Mutton Biryani,08-01-2023,00:17:36,Completed,222
7085,6,12,Veg Biryani,21-01-2023,12:36:36,Completed,565
7086,25,50,Samosa,18-12-2023,08:49:58,Completed,531
7087,7,34,Chicken Biryani,16-06-2023,12:08:35,Completed,255
7088,3,30,Butter Chicken,28-05-2023,01:44:29,Completed,277
7089,10,17,Butter Chicken,30-10-2023,17:17:16,Completed,470
7090,26,19,Veg Burger,02-07-2023,13:20:05,Completed,280
7091,15,54,Veg Burger,26-06-2023,10:05:36,Completed,598
7092,12,27,Pasta Alfredo,23-06-2023,02:14:30,Completed,508
7093,5,11,Samosa,20-11-2023,19:01:48,Completed,297
7094,14,51,Veg Biryani,07-07-2023,07:00:17,Completed,331
7095,11,30,Veg Burger,29-08-2023,19:48:11,Completed,483
7096,25,44,Butter Chicken,22-12-2023,04:17:07,Completed,161
7097,25,24,Chicken Burger,29-03-2023,04:51:13,Completed,282
7098,13,34,Chicken Biryani,28-07-2023,20:59:58,Completed,217
7099,12,51,Veg Burger,20-09-2023,15:47:38,Completed,394
7100,21,3,Pasta Alfredo,16-02-2023,16:40:30,Completed,184
7101,15,23,Veg Biryani,09-07-2023,07:25:56,Completed,320
7102,10,47,Chole Bhature,17-12-2023,03:40:18,Completed,391
7103,23,47,Chicken Biryani,09-01-2023,06:23:31,Completed,175
7104,10,59,Prawn Masala,11-01-2023,05:41:02,Completed,587
7105,16,15,Butter Chicken,30-04-2023,17:59:28,Completed,316
7106,27,35,Egg Curry,24-12-2023,07:01:55,Completed,170
7107,6,15,Chole Bhature,12-03-2023,21:16:36,Completed,221
7108,33,45,Butter Chicken,30-04-2023,21:06:23,Completed,282
7109,15,33,Chole Bhature,10-02-2023,15:11:23,Completed,157
7110,3,26,Chole Bhature,14-02-2023,16:52:31,Completed,226
7111,19,17,Prawn Masala,17-11-2023,08:29:07,Completed,554
7112,27,41,Pasta Alfredo,29-06-2023,17:20:00,Completed,431
7113,18,53,Rajma Chawal,20-08-2023,23:50:59,Completed,397
7114,5,24,Prawn Masala,14-09-2023,02:04:00,Completed,345
7115,20,29,Prawn Masala,29-03-2023,19:59:41,Completed,377
7116,4,18,Egg Curry,03-11-2023,01:44:06,Completed,337
7117,29,6,Mutton Biryani,20-06-2023,05:40:33,Completed,218
7118,4,9,Chole Bhature,03-01-2023,20:06:55,Completed,417
7119,4,58,Butter Chicken,03-03-2023,04:20:23,Completed,422
7120,28,23,Mutton Biryani,01-08-2023,18:22:55,Completed,377
7121,15,28,Samosa,24-03-2023,03:25:27,Completed,182
7122,25,56,Mutton Biryani,09-09-2023,14:57:39,Completed,482
7123,30,42,Egg Curry,26-05-2023,17:47:23,Completed,307
7124,28,16,Masala Dosa,04-06-2023,09:59:36,Completed,310
7125,1,23,Paneer Lababdar,20-11-2023,03:41:08,Completed,392
7126,30,54,Mutton Biryani,22-04-2023,22:58:27,Completed,285
7127,14,13,Mutton Biryani,12-07-2023,02:35:35,Completed,166
7128,28,43,Paneer Lababdar,25-01-2023,22:16:21,Completed,286
7129,1,32,Chole Bhature,24-08-2023,22:13:10,Completed,546
7130,17,49,Masala Dosa,17-03-2023,03:03:13,Completed,292
7131,4,32,Pasta Alfredo,27-04-2023,09:17:29,Completed,319
7132,16,52,Paneer Butter Masala,27-05-2023,14:05:04,Completed,264
7133,7,37,Veg Biryani,10-10-2023,18:05:44,Completed,497
7134,25,23,Chicken Burger,18-01-2023,07:11:59,Completed,320
7135,28,31,Chicken Burger,21-02-2023,23:29:24,Completed,537
7136,20,2,Paneer Butter Masala,03-12-2023,19:39:57,Completed,271
7137,11,14,Butter Chicken,23-02-2023,00:45:49,Completed,256
7138,27,60,Prawn Masala,16-08-2023,00:25:06,Completed,379
7139,19,13,Chole Bhature,01-02-2023,21:38:43,Completed,530
7140,4,55,Veg Burger,20-08-2023,05:55:28,Completed,592
7141,33,15,Butter Chicken,23-10-2023,10:33:57,Completed,303
7142,1,56,Rajma Chawal,06-01-2023,22:20:38,Completed,268
7143,22,58,Pasta Alfredo,20-01-2023,23:44:25,Completed,168
7144,1,49,Mutton Biryani,06-01-2023,14:32:44,Completed,251
7145,19,36,Veg Biryani,11-02-2023,08:58:33,Completed,514
7146,21,24,Chicken Burger,06-11-2023,06:26:47,Completed,332
7147,29,54,Chicken Biryani,11-05-2023,08:21:12,Completed,409
7148,3,19,Egg Curry,30-09-2023,10:00:19,Completed,240
7149,12,23,Chicken Burger,11-10-2023,02:32:55,Completed,256
7150,13,13,Veg Burger,27-02-2023,10:19:37,Completed,570
7151,14,34,Pasta Alfredo,14-03-2023,11:05:21,Completed,367
7152,32,2,Paneer Butter Masala,11-01-2023,22:38:00,Completed,547
7153,30,3,Masala Dosa,19-11-2023,23:57:42,Completed,490
7154,32,45,Egg Curry,01-12-2023,02:44:51,Completed,364
7155,8,48,Butter Chicken,24-07-2023,23:37:01,Completed,312
7156,26,1,Paneer Lababdar,30-08-2023,21:54:00,Completed,335
7157,6,1,Chicken Biryani,21-07-2023,07:26:59,Completed,214
7158,11,14,Chicken Biryani,19-10-2023,00:35:06,Completed,419
7159,19,59,Paneer Lababdar,05-01-2023,09:24:52,Completed,581
7160,25,48,Veg Burger,08-08-2023,21:46:38,Completed,291
7161,19,49,Paneer Butter Masala,13-01-2023,15:54:27,Completed,458
7162,9,47,Chole Bhature,08-05-2023,04:00:56,Completed,545
7163,25,36,Chicken Biryani,24-12-2023,01:28:16,Completed,324
7164,22,33,Chicken Biryani,17-01-2023,20:41:51,Completed,330
7165,8,59,Paneer Lababdar,21-07-2023,22:48:28,Completed,562
7166,15,14,Veg Biryani,30-11-2023,16:28:55,Completed,374
7167,5,19,Samosa,28-08-2023,23:10:23,Completed,596
7168,32,42,Chicken Biryani,25-01-2023,07:51:49,Completed,458
7169,13,52,Veg Burger,20-02-2023,17:57:15,Completed,346
7170,18,2,Rajma Chawal,04-07-2023,02:49:05,Completed,192
7171,21,49,Prawn Masala,13-09-2023,17:52:11,Completed,337
7172,6,14,Prawn Masala,26-11-2023,12:48:25,Completed,354
7173,15,25,Chicken Biryani,14-10-2023,18:33:30,Completed,425
7174,3,40,Masala Dosa,11-09-2023,05:53:10,Completed,591
7175,27,37,Samosa,02-02-2023,21:32:47,Completed,320
7176,27,38,Butter Chicken,01-05-2023,17:38:52,Completed,518
7177,5,25,Samosa,22-05-2023,13:11:59,Completed,414
7178,8,43,Egg Curry,12-07-2023,00:08:30,Completed,475
7179,17,15,Paneer Butter Masala,13-10-2023,07:22:01,Completed,346
7180,4,5,Chole Bhature,12-07-2023,12:41:54,Completed,365
7181,2,6,Pasta Alfredo,17-04-2023,06:59:07,Completed,506
7182,25,1,Chicken Burger,29-03-2023,04:16:32,Completed,486
7183,9,4,Chicken Burger,16-08-2023,14:37:39,Completed,275
7184,28,50,Veg Burger,15-04-2023,09:48:58,Completed,172
7185,16,39,Veg Biryani,15-10-2023,11:46:00,Completed,498
7186,26,56,Veg Biryani,19-07-2023,12:13:00,Completed,363
7187,9,41,Chicken Biryani,05-04-2023,20:21:23,Completed,220
7188,25,20,Egg Curry,08-05-2023,23:09:09,Completed,258
7189,1,59,Paneer Butter Masala,09-06-2023,20:25:14,Completed,294
7190,1,29,Paneer Butter Masala,18-08-2023,08:20:53,Completed,351
7191,28,28,Chicken Burger,24-02-2023,00:40:51,Completed,261
7192,6,12,Veg Biryani,07-04-2023,15:17:35,Completed,220
7193,25,31,Prawn Masala,22-06-2023,10:01:03,Completed,307
7194,33,5,Paneer Lababdar,17-09-2023,07:17:39,Completed,388
7195,14,29,Pasta Alfredo,10-09-2023,22:20:32,Completed,248
7196,9,39,Veg Biryani,18-07-2023,17:36:02,Completed,308
7197,22,5,Mutton Biryani,25-05-2023,15:15:00,Completed,293
7198,13,53,Mutton Biryani,24-04-2023,04:54:21,Completed,501
7199,11,4,Chicken Burger,05-08-2023,02:52:18,Completed,469
7200,32,36,Pasta Alfredo,26-01-2023,18:44:58,Completed,494
7201,25,39,Prawn Masala,29-05-2023,03:38:43,Completed,310
7202,2,52,Rajma Chawal,06-01-2023,16:55:50,Completed,338
7203,21,15,Egg Curry,11-09-2023,21:02:55,Completed,319
7204,26,27,Prawn Masala,14-12-2023,15:57:11,Completed,239
7205,25,7,Veg Biryani,12-12-2023,21:31:11,Completed,254
7206,32,28,Paneer Lababdar,07-03-2023,19:03:12,Completed,317
7207,6,39,Pasta Alfredo,20-03-2023,10:19:49,Completed,235
7208,22,30,Veg Burger,28-04-2023,02:09:37,Completed,347
7209,11,38,Samosa,07-05-2023,19:05:42,Completed,271
7210,8,25,Pasta Alfredo,01-08-2023,05:47:48,Completed,477
7211,19,55,Chicken Biryani,14-07-2023,19:57:21,Completed,239
7212,21,1,Chole Bhature,10-03-2023,03:36:13,Completed,565
7213,17,12,Pasta Alfredo,22-11-2023,20:20:20,Completed,514
7214,26,4,Veg Burger,02-12-2023,07:09:04,Completed,548
7215,26,48,Veg Biryani,03-04-2023,01:47:35,Completed,450
7216,17,1,Butter Chicken,21-01-2023,20:48:18,Completed,478
7217,1,54,Veg Burger,02-09-2023,09:33:34,Completed,583
7218,23,12,Paneer Butter Masala,16-11-2023,21:00:53,Completed,175
7219,8,36,Egg Curry,11-09-2023,23:26:07,Completed,265
7220,22,55,Mutton Biryani,04-07-2023,00:27:02,Completed,295
7221,13,46,Chicken Biryani,17-12-2023,12:21:50,Completed,306
7222,2,17,Chole Bhature,13-01-2023,21:51:15,Completed,503
7223,18,53,Mutton Biryani,09-03-2023,10:50:47,Completed,518
7224,14,12,Egg Curry,29-08-2023,17:47:05,Completed,280
7225,13,41,Paneer Butter Masala,11-01-2023,22:19:11,Completed,334
7226,27,60,Mutton Biryani,14-03-2023,03:59:49,Completed,265
7227,6,41,Egg Curry,22-06-2023,23:59:31,Completed,267
7228,14,60,Chicken Biryani,04-04-2023,01:57:40,Completed,499
7229,30,30,Mutton Biryani,17-11-2023,14:00:09,Completed,448
7230,16,3,Veg Biryani,22-09-2023,19:02:46,Completed,219
7231,9,29,Paneer Butter Masala,23-12-2023,23:44:10,Completed,315
7232,8,46,Samosa,15-11-2023,09:15:11,Completed,577
7233,9,51,Mutton Biryani,04-11-2023,07:34:12,Completed,166
7234,17,26,Veg Burger,30-03-2023,08:25:09,Completed,258
7235,20,18,Egg Curry,03-10-2023,02:31:15,Completed,429
7236,28,46,Prawn Masala,28-06-2023,20:21:10,Completed,330
7237,32,21,Veg Burger,09-07-2023,06:50:26,Completed,573
7238,17,29,Samosa,25-11-2023,00:42:30,Completed,599
7239,16,34,Paneer Lababdar,12-02-2023,10:10:19,Completed,406
7240,11,10,Egg Curry,19-08-2023,19:50:07,Completed,502
7241,25,31,Masala Dosa,24-10-2023,18:14:49,Completed,248
7242,31,22,Chicken Biryani,28-10-2023,01:02:46,Completed,556
7243,33,18,Paneer Butter Masala,06-09-2023,19:04:06,Completed,449
7244,4,54,Paneer Butter Masala,19-08-2023,08:00:28,Completed,350
7245,17,6,Chicken Biryani,26-12-2023,21:12:35,Completed,250
7246,25,59,Veg Biryani,13-02-2023,05:03:00,Completed,461
7247,19,23,Veg Burger,16-12-2023,02:05:39,Completed,303
7248,21,33,Veg Biryani,09-12-2023,02:53:18,Completed,191
7249,2,58,Masala Dosa,18-11-2023,08:23:39,Completed,384
7250,11,38,Veg Burger,05-08-2023,07:42:53,Completed,390
7251,33,20,Egg Curry,13-12-2023,22:55:59,Completed,283
7252,20,21,Rajma Chawal,25-05-2023,17:48:35,Completed,556
7253,5,48,Veg Burger,07-11-2023,09:30:34,Completed,372
7254,12,19,Veg Biryani,03-12-2023,03:34:45,Completed,325
7255,33,39,Chicken Biryani,26-02-2023,00:36:20,Completed,227
7256,25,6,Egg Curry,26-07-2023,01:56:13,Completed,365
7257,16,26,Veg Biryani,23-01-2023,13:15:15,Completed,594
7258,1,24,Butter Chicken,27-06-2023,08:20:58,Completed,236
7259,19,39,Paneer Butter Masala,03-06-2023,09:30:06,Completed,179
7260,9,38,Prawn Masala,13-03-2023,13:25:56,Completed,482
7261,12,35,Rajma Chawal,04-05-2023,18:28:51,Completed,498
7262,27,41,Mutton Biryani,10-01-2023,18:19:19,Completed,486
7263,32,38,Chole Bhature,03-03-2023,01:03:02,Completed,374
7264,28,37,Mutton Biryani,29-01-2023,23:02:40,Completed,335
7265,32,34,Pasta Alfredo,16-10-2023,03:52:07,Completed,190
7266,5,8,Veg Burger,10-08-2023,22:18:36,Completed,580
7267,26,33,Chicken Biryani,10-04-2023,06:50:55,Completed,549
7268,14,56,Paneer Lababdar,02-10-2023,21:22:34,Completed,539
7269,28,22,Chole Bhature,20-10-2023,09:13:24,Completed,299
7270,5,18,Chicken Biryani,04-06-2023,11:58:20,Completed,564
7271,30,59,Prawn Masala,15-02-2023,04:10:58,Completed,439
7272,13,60,Paneer Lababdar,04-09-2023,16:22:39,Completed,375
7273,24,2,Veg Biryani,21-02-2023,13:25:09,Completed,542
7274,25,45,Butter Chicken,15-07-2023,00:51:38,Completed,416
7275,27,40,Butter Chicken,16-09-2023,18:15:02,Completed,257
7276,5,12,Prawn Masala,03-06-2023,19:22:58,Completed,480
7277,18,34,Prawn Masala,12-11-2023,10:47:58,Completed,364
7278,17,3,Prawn Masala,19-03-2023,16:53:49,Completed,389
7279,11,20,Veg Burger,26-02-2023,17:21:40,Completed,348
7280,13,25,Paneer Butter Masala,22-04-2023,08:32:42,Completed,428
7281,18,33,Pasta Alfredo,22-12-2023,20:00:10,Completed,236
7282,14,20,Mutton Biryani,15-02-2023,02:47:03,Completed,316
7283,19,19,Butter Chicken,18-07-2023,11:22:51,Completed,195
7284,28,56,Samosa,03-07-2023,22:52:17,Completed,298
7285,15,26,Samosa,01-05-2023,14:05:28,Completed,575
7286,3,5,Chicken Biryani,18-08-2023,21:27:03,Completed,591
7287,15,16,Samosa,10-10-2023,00:04:43,Completed,489
7288,28,52,Chicken Biryani,28-07-2023,05:37:33,Completed,536
7289,4,40,Veg Burger,14-03-2023,19:44:42,Completed,432
7290,9,37,Masala Dosa,14-01-2023,13:43:55,Completed,271
7291,19,42,Prawn Masala,13-02-2023,05:44:22,Completed,505
7292,8,55,Masala Dosa,10-03-2023,08:25:13,Completed,484
7293,10,37,Veg Biryani,25-01-2023,18:50:55,Completed,485
7294,20,56,Egg Curry,23-09-2023,19:18:45,Completed,520
7295,25,53,Chicken Burger,21-10-2023,05:46:48,Completed,268
7296,5,29,Pasta Alfredo,16-12-2023,16:02:27,Completed,414
7297,29,50,Butter Chicken,12-04-2023,09:29:44,Completed,290
7298,22,47,Veg Burger,17-05-2023,07:45:07,Completed,481
7299,29,60,Paneer Butter Masala,03-01-2023,15:25:26,Completed,259
7300,24,50,Butter Chicken,28-01-2023,09:03:14,Completed,425
7301,26,9,Paneer Butter Masala,20-02-2023,06:19:47,Completed,387
7302,15,46,Chole Bhature,04-08-2023,09:41:27,Completed,481
7303,10,30,Chole Bhature,15-09-2023,23:16:12,Completed,592
7304,7,21,Chicken Burger,29-05-2023,11:31:34,Completed,399
7305,29,18,Butter Chicken,25-12-2023,03:03:28,Completed,232
7306,23,30,Butter Chicken,23-09-2023,16:35:28,Completed,529
7307,18,57,Paneer Butter Masala,29-10-2023,07:43:39,Completed,433
7308,11,4,Paneer Butter Masala,27-05-2023,21:22:55,Completed,399
7309,17,23,Paneer Lababdar,09-04-2023,02:53:00,Completed,401
7310,33,59,Rajma Chawal,27-03-2023,15:44:40,Completed,227
7311,10,35,Samosa,25-02-2023,09:23:16,Completed,355
7312,11,8,Chole Bhature,30-09-2023,06:42:57,Completed,493
7313,13,56,Butter Chicken,23-08-2023,16:35:41,Completed,306
7314,19,5,Mutton Biryani,04-02-2023,08:23:42,Completed,200
7315,4,3,Veg Burger,27-01-2023,15:56:10,Completed,346
7316,24,23,Butter Chicken,15-08-2023,15:52:50,Completed,527
7317,13,24,Masala Dosa,11-02-2023,08:33:54,Completed,584
7318,27,20,Pasta Alfredo,11-07-2023,12:53:07,Completed,237
7319,19,38,Chole Bhature,09-08-2023,07:48:11,Completed,210
7320,31,1,Veg Biryani,29-01-2023,01:33:11,Completed,491
7321,20,37,Paneer Butter Masala,30-01-2023,14:12:54,Completed,247
7322,17,6,Egg Curry,24-09-2023,16:11:23,Completed,286
7323,20,5,Paneer Lababdar,15-12-2023,03:31:19,Completed,351
7324,32,23,Rajma Chawal,02-12-2023,22:58:28,Completed,205
7325,13,2,Mutton Biryani,19-06-2023,04:58:53,Completed,511
7326,13,26,Prawn Masala,18-05-2023,20:57:29,Completed,368
7327,27,21,Chicken Biryani,10-04-2023,03:03:55,Completed,320
7328,27,12,Prawn Masala,23-07-2023,13:50:00,Completed,185
7329,19,38,Chicken Burger,21-05-2023,05:48:40,Completed,257
7330,31,39,Chicken Biryani,01-06-2023,08:26:25,Completed,420
7331,3,25,Paneer Butter Masala,02-09-2023,22:00:34,Completed,478
7332,25,31,Masala Dosa,27-07-2023,23:31:38,Completed,225
7333,14,47,Chicken Biryani,25-12-2023,09:11:50,Completed,301
7334,20,39,Veg Burger,01-05-2023,06:07:25,Completed,412
7335,5,42,Chicken Biryani,11-01-2023,00:38:16,Completed,420
7336,9,14,Chicken Burger,12-05-2023,00:36:03,Completed,302
7337,32,59,Butter Chicken,23-06-2023,22:58:32,Completed,436
7338,23,50,Chicken Biryani,02-01-2023,14:48:36,Completed,259
7339,32,53,Paneer Lababdar,18-05-2023,15:35:40,Completed,329
7340,10,47,Masala Dosa,27-11-2023,14:10:27,Completed,283
7341,26,35,Samosa,18-01-2023,21:55:44,Completed,297
7342,2,51,Butter Chicken,25-10-2023,03:14:18,Completed,535
7343,31,14,Pasta Alfredo,20-05-2023,02:35:45,Completed,453
7344,9,31,Masala Dosa,24-05-2023,20:24:21,Completed,269
7345,2,10,Chicken Biryani,16-03-2023,20:42:29,Completed,264
7346,25,13,Pasta Alfredo,07-02-2023,05:11:38,Completed,348
7347,32,58,Chicken Biryani,30-08-2023,20:58:27,Completed,467
7348,8,39,Paneer Butter Masala,20-09-2023,06:23:50,Completed,409
7349,1,55,Veg Burger,05-02-2023,19:40:44,Completed,467
7350,27,18,Pasta Alfredo,28-08-2023,21:11:30,Completed,287
7351,30,15,Mutton Biryani,18-06-2023,12:33:43,Completed,407
7352,24,56,Samosa,16-09-2023,08:16:31,Completed,559
7353,31,44,Egg Curry,01-09-2023,06:15:21,Completed,253
7354,10,58,Masala Dosa,17-02-2023,19:39:51,Completed,448
7355,23,18,Chicken Biryani,20-02-2023,13:07:33,Completed,310
7356,20,31,Masala Dosa,20-03-2023,09:03:16,Completed,445
7357,2,49,Chicken Burger,04-02-2023,07:10:35,Completed,469
7358,31,16,Paneer Lababdar,04-05-2023,04:49:16,Completed,174
7359,8,30,Butter Chicken,27-10-2023,05:26:35,Completed,211
7360,23,49,Rajma Chawal,19-08-2023,23:21:41,Completed,201
7361,16,42,Mutton Biryani,26-03-2023,11:34:44,Completed,401
7362,7,51,Chole Bhature,11-10-2023,13:43:11,Completed,382
7363,2,29,Chole Bhature,17-11-2023,23:34:16,Completed,553
7364,2,31,Veg Burger,15-04-2023,07:56:14,Completed,526
7365,19,12,Samosa,15-06-2023,17:23:36,Completed,191
7366,25,42,Prawn Masala,08-10-2023,19:01:43,Completed,421
7367,28,43,Rajma Chawal,15-11-2023,12:10:15,Completed,379
7368,10,28,Paneer Butter Masala,13-04-2023,23:19:51,Completed,546
7369,15,15,Egg Curry,24-12-2023,14:49:52,Completed,383
7370,9,31,Egg Curry,19-03-2023,19:58:53,Completed,352
7371,20,40,Paneer Lababdar,04-06-2023,16:06:19,Completed,387
7372,31,15,Egg Curry,14-06-2023,13:53:08,Completed,573
7373,33,18,Pasta Alfredo,18-08-2023,00:43:49,Completed,542
7374,13,40,Chole Bhature,19-04-2023,17:16:18,Completed,548
7375,32,5,Masala Dosa,13-05-2023,01:36:35,Completed,374
7376,31,52,Mutton Biryani,13-09-2023,04:50:14,Completed,330
7377,28,28,Pasta Alfredo,30-10-2023,04:44:45,Completed,519
7378,33,6,Veg Biryani,17-03-2023,05:01:29,Completed,228
7379,13,4,Veg Burger,09-03-2023,17:35:57,Completed,496
7380,8,7,Butter Chicken,29-11-2023,15:03:03,Completed,225
7381,14,11,Masala Dosa,14-02-2023,11:25:50,Completed,458
7382,3,25,Paneer Lababdar,24-07-2023,23:17:12,Completed,337
7383,1,27,Egg Curry,18-12-2023,10:15:24,Completed,527
7384,29,4,Prawn Masala,31-12-2023,08:57:38,Completed,462
7385,3,2,Chole Bhature,28-07-2023,18:52:21,Completed,303
7386,13,45,Masala Dosa,17-04-2023,00:42:43,Completed,224
7387,15,21,Masala Dosa,10-04-2023,07:27:45,Completed,526
7388,21,19,Paneer Lababdar,30-05-2023,01:21:19,Completed,472
7389,32,50,Paneer Lababdar,29-04-2023,08:20:13,Completed,186
7390,31,10,Rajma Chawal,29-04-2023,11:01:48,Completed,227
7391,31,20,Chicken Burger,29-06-2023,16:06:28,Completed,236
7392,33,29,Egg Curry,06-09-2023,18:43:09,Completed,219
7393,33,5,Chicken Biryani,19-06-2023,02:31:05,Completed,481
7394,31,22,Veg Biryani,13-01-2023,16:57:08,Completed,367
7395,2,11,Chicken Burger,16-01-2023,17:35:02,Completed,298
7396,27,11,Veg Biryani,11-01-2023,16:11:16,Completed,594
7397,1,18,Paneer Lababdar,12-06-2023,00:06:57,Completed,296
7398,2,56,Butter Chicken,11-04-2023,22:46:11,Completed,534
7399,25,38,Paneer Lababdar,26-08-2023,15:31:19,Completed,514
7400,7,56,Veg Burger,30-03-2023,08:44:47,Completed,203
7401,31,29,Rajma Chawal,24-05-2023,16:03:46,Completed,568
7402,33,21,Paneer Butter Masala,04-07-2023,13:39:54,Completed,502
7403,31,25,Prawn Masala,16-09-2023,11:16:25,Completed,274
7404,7,31,Chole Bhature,18-04-2023,02:22:17,Completed,458
7405,24,7,Butter Chicken,27-11-2023,10:36:29,Completed,432
7406,30,3,Pasta Alfredo,26-04-2023,06:17:20,Completed,212
7407,21,56,Veg Burger,10-11-2023,09:15:41,Completed,585
7408,2,3,Egg Curry,28-11-2023,18:31:21,Completed,539
7409,20,4,Egg Curry,05-10-2023,03:41:48,Completed,401
7410,29,54,Chicken Burger,09-03-2023,01:59:59,Completed,369
7411,5,1,Paneer Butter Masala,01-01-2023,02:54:03,Completed,197
7412,8,23,Chicken Burger,27-01-2023,22:40:06,Completed,427
7413,6,16,Masala Dosa,16-12-2023,23:36:47,Completed,462
7414,13,1,Egg Curry,31-05-2023,22:25:33,Completed,206
7415,5,29,Mutton Biryani,11-02-2023,21:01:20,Completed,427
7416,17,54,Veg Biryani,02-04-2023,23:34:28,Completed,317
7417,31,42,Pasta Alfredo,14-09-2023,10:58:04,Completed,278
7418,9,27,Chicken Biryani,01-10-2023,05:31:17,Completed,174
7419,23,22,Butter Chicken,23-12-2023,19:32:23,Completed,539
7420,3,50,Prawn Masala,16-12-2023,18:07:59,Completed,270
7421,32,13,Chicken Biryani,22-08-2023,21:54:08,Completed,213
7422,2,38,Paneer Lababdar,14-02-2023,02:24:32,Completed,396
7423,19,55,Chole Bhature,19-01-2023,19:22:35,Completed,445
7424,19,54,Egg Curry,29-07-2023,18:19:18,Completed,434
7425,24,20,Pasta Alfredo,06-08-2023,11:14:37,Completed,161
7426,29,5,Rajma Chawal,06-08-2023,07:42:48,Completed,421
7427,22,56,Chole Bhature,28-01-2023,10:34:05,Completed,459
7428,9,19,Mutton Biryani,06-03-2023,05:47:17,Completed,425
7429,27,13,Pasta Alfredo,03-08-2023,13:54:55,Completed,475
7430,31,43,Veg Biryani,12-07-2023,02:56:50,Completed,166
7431,15,57,Paneer Lababdar,01-10-2023,20:01:53,Completed,525
7432,4,46,Butter Chicken,14-07-2023,14:45:04,Completed,165
7433,17,20,Chicken Burger,21-10-2023,10:13:54,Completed,581
7434,7,26,Egg Curry,28-04-2023,14:07:23,Completed,253
7435,23,37,Paneer Butter Masala,06-11-2023,11:09:13,Completed,461
7436,30,43,Butter Chicken,14-10-2023,07:30:10,Completed,563
7437,23,52,Egg Curry,18-08-2023,09:17:55,Completed,445
7438,27,33,Veg Burger,08-06-2023,00:57:39,Completed,323
7439,4,11,Pasta Alfredo,28-07-2023,11:36:19,Completed,315
7440,31,36,Chole Bhature,23-06-2023,21:42:01,Completed,245
7441,21,30,Masala Dosa,15-04-2023,07:05:46,Completed,292
7442,16,26,Mutton Biryani,18-02-2023,06:50:01,Completed,464
7443,26,50,Chicken Burger,30-12-2023,11:46:28,Completed,534
7444,9,28,Paneer Lababdar,01-04-2023,01:27:34,Completed,262
7445,3,10,Paneer Butter Masala,12-07-2023,16:27:13,Completed,403
7446,22,26,Prawn Masala,22-09-2023,04:15:31,Completed,217
7447,20,51,Mutton Biryani,27-07-2023,07:25:19,Completed,173
7448,30,31,Paneer Lababdar,27-11-2023,19:06:57,Completed,222
7449,30,1,Mutton Biryani,06-12-2023,09:50:35,Completed,268
7450,9,53,Samosa,30-04-2023,02:51:00,Completed,372
7451,13,57,Samosa,20-08-2023,14:33:09,Completed,288
7452,15,52,Chicken Burger,26-11-2023,16:04:49,Completed,599
7453,17,60,Butter Chicken,22-09-2023,10:48:53,Completed,173
7454,20,21,Paneer Lababdar,21-12-2023,01:00:42,Completed,356
7455,17,29,Chole Bhature,18-02-2023,01:18:18,Completed,458
7456,32,52,Samosa,04-03-2023,04:21:01,Completed,253
7457,10,2,Chicken Burger,03-07-2023,22:17:37,Completed,159
7458,16,37,Samosa,10-01-2023,00:02:23,Completed,513
7459,4,58,Samosa,14-12-2023,21:34:05,Completed,402
7460,11,7,Prawn Masala,19-08-2023,10:37:35,Completed,352
7461,25,50,Prawn Masala,12-11-2023,15:00:42,Completed,555
7462,4,26,Rajma Chawal,12-05-2023,06:59:06,Completed,281
7463,15,29,Chicken Burger,11-03-2023,01:47:46,Completed,304
7464,25,11,Samosa,17-03-2023,01:00:57,Completed,156
7465,8,17,Chicken Biryani,03-03-2023,17:34:59,Completed,183
7466,28,22,Veg Burger,22-10-2023,08:35:35,Completed,399
7467,33,31,Masala Dosa,13-08-2023,10:27:17,Completed,421
7468,29,30,Mutton Biryani,09-05-2023,09:50:21,Completed,364
7469,22,42,Veg Biryani,27-05-2023,20:56:07,Completed,496
7470,7,48,Veg Biryani,06-01-2023,11:10:06,Completed,401
7471,17,57,Mutton Biryani,03-02-2023,02:09:22,Completed,549
7472,21,60,Mutton Biryani,04-10-2023,09:18:36,Completed,241
7473,23,15,Samosa,16-06-2023,12:50:37,Completed,597
7474,15,2,Paneer Butter Masala,19-08-2023,16:05:15,Completed,338
7475,8,14,Rajma Chawal,27-04-2023,03:24:29,Completed,228
7476,28,55,Rajma Chawal,31-01-2023,04:52:52,Completed,406
7477,31,7,Paneer Lababdar,07-11-2023,11:38:36,Completed,456
7478,9,34,Chicken Burger,03-02-2023,23:05:11,Completed,553
7479,33,42,Egg Curry,28-01-2023,11:05:22,Completed,199
7480,18,33,Pasta Alfredo,07-08-2023,23:08:00,Completed,521
7481,14,52,Veg Burger,22-08-2023,18:20:06,Completed,544
7482,13,51,Paneer Lababdar,21-07-2023,14:17:54,Completed,371
7483,29,40,Chole Bhature,04-01-2023,06:46:30,Completed,276
7484,33,42,Veg Burger,21-09-2023,13:05:13,Completed,357
7485,23,27,Mutton Biryani,10-07-2023,21:36:32,Completed,547
7486,26,13,Chole Bhature,29-08-2023,10:37:19,Completed,287
7487,32,41,Paneer Butter Masala,14-07-2023,12:38:13,Completed,160
7488,17,11,Masala Dosa,09-06-2023,03:42:34,Completed,159
7489,25,2,Egg Curry,29-04-2023,12:37:31,Completed,320
7490,13,24,Samosa,24-10-2023,09:48:57,Completed,299
7491,1,28,Butter Chicken,08-11-2023,16:43:13,Completed,370
7492,24,1,Paneer Lababdar,22-09-2023,00:00:58,Completed,522
7493,27,49,Paneer Butter Masala,16-06-2023,05:55:11,Completed,450
7494,13,8,Prawn Masala,22-09-2023,03:57:27,Completed,499
7495,25,33,Paneer Butter Masala,03-06-2023,15:22:04,Completed,203
7496,4,21,Butter Chicken,20-02-2023,09:02:07,Completed,385
7497,11,47,Paneer Lababdar,20-09-2023,18:06:07,Completed,527
7498,23,29,Prawn Masala,08-01-2023,06:27:46,Completed,230
7499,8,43,Chicken Burger,21-09-2023,17:09:34,Completed,274
7500,6,8,Chicken Burger,15-01-2023,00:02:16,Completed,468
7501,14,26,Prawn Masala,05-05-2023,07:50:41,Completed,194
7502,13,53,Veg Biryani,08-02-2023,17:06:56,Completed,340
7503,30,36,Veg Burger,29-11-2023,09:15:07,Completed,517
7504,24,8,Pasta Alfredo,20-07-2023,14:56:32,Completed,311
7505,7,2,Masala Dosa,15-10-2023,16:52:55,Completed,178
7506,2,27,Mutton Biryani,15-01-2023,12:22:42,Completed,190
7507,12,25,Paneer Lababdar,30-01-2023,20:39:26,Completed,565
7508,14,4,Paneer Lababdar,27-01-2023,09:09:17,Completed,454
7509,3,52,Butter Chicken,07-09-2023,04:56:40,Completed,335
7510,29,28,Veg Burger,30-04-2023,14:08:41,Completed,385
7511,19,26,Chicken Biryani,17-11-2023,00:52:13,Completed,491
7512,28,56,Pasta Alfredo,23-05-2023,00:09:27,Completed,270
7513,31,53,Chole Bhature,06-09-2023,01:57:28,Completed,562
7514,1,13,Egg Curry,02-09-2023,21:34:30,Completed,299
7515,18,49,Prawn Masala,29-06-2023,12:26:15,Completed,264
7516,12,53,Egg Curry,10-04-2023,05:29:53,Completed,550
7517,26,34,Pasta Alfredo,22-06-2023,10:37:31,Completed,268
7518,25,21,Prawn Masala,16-08-2023,12:52:03,Completed,221
7519,33,35,Chicken Burger,26-10-2023,02:30:49,Completed,600
7520,7,14,Paneer Butter Masala,31-12-2023,04:01:13,Completed,169
7521,27,32,Rajma Chawal,25-11-2023,03:29:49,Completed,194
7522,13,16,Veg Burger,04-06-2023,14:27:11,Completed,391
7523,3,33,Mutton Biryani,06-03-2023,02:39:47,Completed,461
7524,20,58,Paneer Lababdar,03-08-2023,05:47:57,Completed,392
7525,24,56,Rajma Chawal,27-09-2023,12:21:37,Completed,221
7526,17,20,Butter Chicken,23-09-2023,04:26:01,Completed,414
7527,10,36,Paneer Lababdar,02-01-2023,03:18:16,Completed,523
7528,9,11,Chole Bhature,10-08-2023,22:17:24,Completed,341
7529,16,7,Masala Dosa,23-05-2023,04:34:32,Completed,199
7530,1,20,Chicken Biryani,07-10-2023,07:16:01,Completed,220
7531,8,18,Paneer Lababdar,03-04-2023,02:41:01,Completed,318
7532,30,48,Rajma Chawal,20-02-2023,04:49:24,Completed,322
7533,19,59,Samosa,30-10-2023,09:22:00,Completed,446
7534,33,41,Masala Dosa,02-06-2023,15:23:05,Completed,219
7535,3,57,Butter Chicken,16-07-2023,03:47:43,Completed,214
7536,31,14,Chicken Biryani,03-07-2023,00:02:06,Completed,414
7537,7,53,Chole Bhature,19-10-2023,18:31:20,Completed,600
7538,24,5,Pasta Alfredo,23-02-2023,00:20:02,Completed,460
7539,9,33,Egg Curry,09-01-2023,09:37:43,Completed,194
7540,31,50,Veg Biryani,12-11-2023,08:53:37,Completed,353
7541,18,47,Prawn Masala,05-04-2023,10:11:31,Completed,287
7542,21,3,Veg Biryani,07-01-2023,15:16:26,Completed,214
7543,1,43,Egg Curry,23-02-2023,10:33:25,Completed,253
7544,32,53,Veg Burger,26-03-2023,07:52:39,Completed,289
7545,3,51,Chole Bhature,30-04-2023,00:37:32,Completed,553
7546,27,20,Veg Burger,03-04-2023,08:15:11,Completed,369
7547,17,22,Veg Burger,04-09-2023,03:59:09,Completed,153
7548,11,44,Mutton Biryani,25-07-2023,14:46:17,Completed,213
7549,29,1,Veg Burger,02-12-2023,01:14:07,Completed,202
7550,14,28,Paneer Butter Masala,04-03-2023,20:25:34,Completed,228
7551,25,14,Pasta Alfredo,26-05-2023,04:23:52,Completed,564
7552,21,7,Prawn Masala,24-03-2023,01:18:56,Completed,221
7553,19,39,Veg Biryani,14-08-2023,01:20:59,Completed,287
7554,6,25,Egg Curry,24-09-2023,18:19:29,Completed,341
7555,30,26,Rajma Chawal,23-07-2023,06:35:27,Completed,252
7556,23,51,Paneer Lababdar,07-02-2023,12:48:28,Completed,333
7557,31,48,Veg Burger,20-03-2023,02:17:52,Completed,356
7558,29,25,Mutton Biryani,05-08-2023,02:48:04,Completed,403
7559,10,14,Veg Burger,15-06-2023,05:01:33,Completed,402
7560,24,41,Masala Dosa,25-07-2023,23:52:40,Completed,161
7561,16,19,Mutton Biryani,06-09-2023,06:47:26,Completed,489
7562,12,39,Chicken Burger,10-01-2023,16:43:39,Completed,196
7563,27,51,Pasta Alfredo,22-05-2023,12:16:06,Completed,565
7564,24,1,Butter Chicken,13-08-2023,06:37:10,Completed,443
7565,10,40,Paneer Lababdar,03-05-2023,11:57:42,Completed,278
7566,31,43,Chicken Biryani,06-06-2023,17:21:13,Completed,460
7567,2,30,Butter Chicken,08-11-2023,12:16:33,Completed,347
7568,11,58,Butter Chicken,06-09-2023,13:01:08,Completed,163
7569,15,59,Masala Dosa,31-10-2023,02:02:43,Completed,597
7570,27,51,Masala Dosa,21-12-2023,17:37:35,Completed,180
7571,17,57,Chicken Burger,26-05-2023,22:50:29,Completed,153
7572,14,58,Pasta Alfredo,19-06-2023,13:33:21,Completed,316
7573,13,29,Rajma Chawal,21-10-2023,04:45:20,Completed,198
7574,8,35,Prawn Masala,15-06-2023,03:41:54,Completed,525
7575,4,12,Paneer Lababdar,20-01-2023,18:30:27,Completed,372
7576,14,20,Chicken Biryani,06-10-2023,20:24:11,Completed,211
7577,12,26,Butter Chicken,15-02-2023,21:48:51,Completed,259
7578,2,43,Butter Chicken,28-10-2023,14:33:02,Completed,225
7579,20,35,Prawn Masala,18-07-2023,04:30:46,Completed,367
7580,19,26,Butter Chicken,16-01-2023,05:47:59,Completed,391
7581,23,35,Mutton Biryani,15-09-2023,05:10:38,Completed,530
7582,25,40,Pasta Alfredo,10-12-2023,14:18:24,Completed,424
7583,22,55,Paneer Butter Masala,23-11-2023,21:26:40,Completed,513
7584,20,5,Paneer Butter Masala,29-01-2023,20:49:44,Completed,414
7585,31,39,Veg Biryani,11-06-2023,11:57:12,Completed,460
7586,27,59,Veg Biryani,04-12-2023,08:48:44,Completed,406
7587,32,23,Veg Burger,14-03-2023,18:33:25,Completed,295
7588,11,57,Masala Dosa,31-03-2023,15:40:05,Completed,597
7589,10,37,Paneer Butter Masala,22-07-2023,01:48:39,Completed,164
7590,1,45,Paneer Butter Masala,12-07-2023,19:47:39,Completed,459
7591,18,48,Veg Burger,29-06-2023,23:34:46,Completed,489
7592,12,4,Paneer Butter Masala,04-03-2023,23:44:35,Completed,327
7593,23,35,Pasta Alfredo,04-06-2023,11:28:26,Completed,251
7594,12,53,Veg Biryani,24-07-2023,20:08:43,Completed,165
7595,22,49,Samosa,09-04-2023,02:33:57,Completed,593
7596,33,36,Masala Dosa,19-11-2023,19:38:55,Completed,301
7597,18,55,Pasta Alfredo,22-11-2023,00:33:44,Completed,597
7598,31,37,Chole Bhature,24-09-2023,11:48:11,Completed,308
7599,23,7,Chicken Burger,09-04-2023,05:08:01,Completed,508
7600,26,28,Egg Curry,21-12-2023,23:29:39,Completed,220
7601,1,29,Butter Chicken,01-02-2023,14:54:01,Completed,473
7602,21,40,Egg Curry,13-11-2023,03:43:51,Completed,396
7603,3,15,Chicken Burger,11-04-2023,20:29:22,Completed,440
7604,33,55,Veg Burger,15-07-2023,12:20:02,Completed,355
7605,4,33,Paneer Lababdar,01-10-2023,08:46:13,Completed,405
7606,8,1,Chicken Burger,20-07-2023,02:03:31,Completed,337
7607,14,30,Pasta Alfredo,04-04-2023,02:11:26,Completed,395
7608,5,36,Mutton Biryani,11-02-2023,03:51:34,Completed,313
7609,17,5,Butter Chicken,12-09-2023,22:34:30,Completed,354
7610,8,31,Chicken Biryani,21-07-2023,23:16:11,Completed,350
7611,5,34,Pasta Alfredo,05-05-2023,12:55:33,Completed,293
7612,1,26,Samosa,03-01-2023,23:53:14,Completed,591
7613,32,53,Prawn Masala,05-04-2023,22:09:05,Completed,421
7614,12,22,Samosa,18-07-2023,17:42:42,Completed,483
7615,3,30,Paneer Butter Masala,12-08-2023,08:54:04,Completed,551
7616,29,46,Chicken Biryani,17-02-2023,03:32:40,Completed,585
7617,29,27,Veg Biryani,16-01-2023,19:50:20,Completed,235
7618,1,19,Masala Dosa,09-10-2023,18:04:44,Completed,593
7619,2,2,Mutton Biryani,17-12-2023,17:40:33,Completed,194
7620,13,21,Paneer Lababdar,25-08-2023,13:21:24,Completed,294
7621,21,42,Egg Curry,26-04-2023,19:34:12,Completed,491
7622,30,4,Mutton Biryani,23-02-2023,19:28:02,Completed,585
7623,20,25,Veg Burger,13-10-2023,01:46:34,Completed,520
7624,21,55,Mutton Biryani,05-09-2023,01:19:10,Completed,588
7625,33,32,Chole Bhature,18-02-2023,23:06:24,Completed,273
7626,18,35,Chole Bhature,31-08-2023,00:29:28,Completed,385
7627,26,59,Rajma Chawal,29-01-2023,13:49:03,Completed,384
7628,8,38,Chicken Burger,23-01-2023,03:03:52,Completed,370
7629,19,30,Chicken Biryani,16-11-2023,18:39:58,Completed,512
7630,25,22,Pasta Alfredo,21-03-2023,09:06:47,Completed,566
7631,16,12,Paneer Lababdar,01-05-2023,09:24:46,Completed,250
7632,11,2,Veg Burger,16-11-2023,02:11:37,Completed,454
7633,22,25,Pasta Alfredo,25-01-2023,08:41:14,Completed,444
7634,26,19,Mutton Biryani,29-11-2023,11:15:57,Completed,260
7635,28,11,Mutton Biryani,14-04-2023,17:37:17,Completed,374
7636,20,18,Samosa,14-05-2023,13:48:24,Completed,256
7637,32,41,Butter Chicken,03-10-2023,14:34:42,Completed,244
7638,3,38,Paneer Lababdar,24-10-2023,14:30:29,Completed,375
7639,6,43,Chicken Burger,01-01-2024,17:32:20,Completed,294
7640,7,39,Paneer Butter Masala,20-09-2023,18:35:13,Completed,309
7641,16,13,Rajma Chawal,09-05-2023,19:25:54,Completed,421
7642,28,27,Prawn Masala,29-10-2023,11:18:26,Completed,258
7643,1,36,Veg Burger,09-12-2023,03:44:48,Completed,260
7644,6,56,Pasta Alfredo,21-10-2023,16:32:27,Completed,191
7645,8,37,Veg Burger,04-03-2023,20:35:36,Completed,208
7646,2,21,Masala Dosa,12-06-2023,05:52:49,Completed,222
7647,11,57,Paneer Lababdar,27-05-2023,15:34:26,Completed,594
7648,16,21,Pasta Alfredo,06-02-2023,06:18:00,Completed,485
7649,26,16,Veg Biryani,20-10-2023,18:50:43,Completed,245
7650,31,9,Egg Curry,17-01-2023,00:17:25,Completed,350
7651,31,44,Chole Bhature,29-11-2023,16:13:18,Completed,373
7652,24,60,Rajma Chawal,21-06-2023,02:28:29,Completed,491
7653,27,51,Samosa,17-11-2023,00:18:03,Completed,431
7654,21,31,Prawn Masala,14-11-2023,19:19:02,Completed,300
7655,18,31,Chicken Burger,18-05-2023,12:55:28,Completed,322
7656,12,51,Paneer Butter Masala,30-09-2023,12:47:55,Completed,588
7657,30,47,Chicken Burger,24-01-2023,23:50:59,Completed,358
7658,15,57,Chicken Burger,11-05-2023,02:00:36,Completed,575
7659,13,49,Egg Curry,18-09-2023,18:25:16,Completed,252
7660,26,7,Masala Dosa,16-11-2023,22:58:12,Completed,248
7661,25,36,Paneer Lababdar,08-11-2023,02:49:56,Completed,246
7662,16,2,Prawn Masala,04-05-2023,12:06:59,Completed,474
7663,14,17,Egg Curry,31-07-2023,17:29:07,Completed,285
7664,30,36,Butter Chicken,21-02-2023,22:59:44,Completed,221
7665,12,47,Veg Biryani,26-08-2023,01:47:25,Completed,452
7666,23,17,Chicken Biryani,21-04-2023,11:59:52,Completed,574
7667,1,8,Paneer Butter Masala,13-01-2023,22:35:41,Completed,458
7668,11,31,Chicken Biryani,29-01-2023,12:54:31,Completed,323
7669,29,50,Paneer Lababdar,13-03-2023,01:28:25,Completed,214
7670,3,9,Mutton Biryani,21-12-2023,20:43:18,Completed,378
7671,3,30,Chole Bhature,08-04-2023,14:06:42,Completed,264
7672,24,43,Chicken Biryani,21-08-2023,02:44:51,Completed,436
7673,4,21,Veg Burger,03-01-2023,15:04:27,Completed,408
7674,32,53,Chicken Biryani,04-11-2023,09:31:54,Completed,174
7675,14,15,Chicken Burger,13-03-2023,18:53:30,Completed,598
7676,32,31,Egg Curry,26-07-2023,01:30:17,Completed,492
7677,27,7,Egg Curry,12-11-2023,04:36:32,Completed,327
7678,27,41,Rajma Chawal,28-11-2023,02:56:23,Completed,292
7679,11,22,Prawn Masala,26-02-2023,17:24:27,Completed,443
7680,16,16,Butter Chicken,26-11-2023,02:12:30,Completed,249
7681,8,55,Masala Dosa,23-10-2023,05:21:55,Completed,533
7682,14,1,Mutton Biryani,17-09-2023,23:20:30,Completed,492
7683,16,1,Rajma Chawal,22-11-2023,07:00:33,Completed,323
7684,16,27,Egg Curry,17-03-2023,06:46:20,Completed,190
7685,32,38,Paneer Lababdar,27-05-2023,06:40:34,Completed,462
7686,2,42,Chole Bhature,21-09-2023,00:29:00,Completed,472
7687,17,31,Paneer Butter Masala,25-10-2023,21:54:33,Completed,544
7688,9,54,Mutton Biryani,27-04-2023,06:31:58,Completed,356
7689,13,4,Butter Chicken,29-06-2023,06:28:23,Completed,246
7690,21,55,Paneer Lababdar,16-10-2023,15:27:13,Completed,282
7691,12,15,Chole Bhature,19-12-2023,10:48:10,Completed,399
7692,19,26,Veg Biryani,23-06-2023,19:25:47,Completed,507
7693,31,39,Veg Burger,02-05-2023,11:02:00,Completed,432
7694,12,5,Veg Biryani,13-05-2023,17:01:50,Completed,518
7695,29,51,Chicken Biryani,23-02-2023,06:40:19,Completed,404
7696,30,59,Chicken Biryani,07-12-2023,11:32:35,Completed,316
7697,14,10,Pasta Alfredo,22-12-2023,19:52:03,Completed,569
7698,27,10,Masala Dosa,17-01-2023,19:44:17,Completed,160
7699,32,16,Butter Chicken,14-07-2023,21:10:32,Completed,179
7700,17,3,Chole Bhature,17-09-2023,14:52:19,Completed,300
7701,5,28,Veg Biryani,14-01-2023,11:06:10,Completed,267
7702,1,55,Chicken Burger,13-08-2023,17:55:40,Completed,223
7703,5,14,Egg Curry,12-02-2023,19:50:28,Completed,496
7704,15,45,Veg Biryani,09-06-2023,01:01:30,Completed,313
7705,29,29,Prawn Masala,26-02-2023,17:33:04,Completed,369
7706,31,49,Chole Bhature,06-11-2023,04:46:50,Completed,496
7707,22,45,Veg Biryani,03-05-2023,03:51:40,Completed,292
7708,18,55,Egg Curry,11-07-2023,21:43:51,Completed,373
7709,11,51,Samosa,08-11-2023,08:20:15,Completed,562
7710,3,53,Rajma Chawal,08-08-2023,01:34:44,Completed,430
7711,3,47,Paneer Butter Masala,21-12-2023,17:02:48,Completed,550
7712,29,39,Prawn Masala,06-08-2023,13:47:11,Completed,232
7713,20,28,Prawn Masala,14-07-2023,14:38:16,Completed,436
7714,23,30,Chicken Burger,16-11-2023,04:01:45,Completed,282
7715,22,9,Veg Burger,17-06-2023,16:24:29,Completed,191
7716,28,37,Chicken Biryani,26-04-2023,22:42:46,Completed,581
7717,17,9,Chole Bhature,27-01-2023,08:39:11,Completed,595
7718,27,16,Paneer Butter Masala,30-08-2023,07:25:04,Completed,293
7719,33,19,Veg Burger,08-04-2023,17:34:32,Completed,180
7720,6,14,Paneer Lababdar,24-04-2023,11:27:12,Completed,336
7721,33,34,Chole Bhature,18-01-2023,13:54:42,Completed,562
7722,31,20,Veg Biryani,11-11-2023,00:39:24,Completed,499
7723,13,46,Samosa,23-06-2023,14:34:20,Completed,468
7724,28,50,Prawn Masala,04-07-2023,15:58:44,Completed,394
7725,19,29,Rajma Chawal,16-04-2023,09:34:03,Completed,430
7726,18,22,Samosa,14-05-2023,19:34:03,Completed,297
7727,12,45,Mutton Biryani,03-06-2023,06:47:58,Completed,525
7728,6,8,Paneer Lababdar,05-04-2023,20:05:55,Completed,487
7729,22,59,Rajma Chawal,19-05-2023,12:24:19,Completed,223
7730,10,18,Veg Biryani,13-06-2023,08:09:30,Completed,265
7731,17,16,Veg Burger,12-10-2023,17:44:25,Completed,397
7732,24,36,Paneer Lababdar,15-06-2023,03:15:38,Completed,302
7733,32,12,Egg Curry,22-08-2023,08:21:52,Completed,208
7734,25,19,Mutton Biryani,04-10-2023,10:33:45,Completed,327
7735,2,18,Rajma Chawal,28-08-2023,19:43:39,Completed,349
7736,15,9,Rajma Chawal,10-08-2023,15:46:08,Completed,352
7737,16,38,Rajma Chawal,10-02-2023,08:53:13,Completed,549
7738,24,23,Rajma Chawal,20-11-2023,06:41:39,Completed,510
7739,1,6,Butter Chicken,27-01-2023,18:32:15,Completed,251
7740,2,49,Butter Chicken,17-10-2023,08:14:30,Completed,279
7741,15,35,Prawn Masala,28-12-2023,01:25:12,Completed,269
7742,33,5,Mutton Biryani,26-09-2023,19:12:51,Completed,574
7743,5,7,Chicken Burger,26-08-2023,13:25:35,Completed,496
7744,12,53,Chicken Biryani,05-01-2023,07:50:27,Completed,305
7745,9,11,Pasta Alfredo,11-12-2023,08:37:31,Completed,520
7746,8,51,Egg Curry,15-07-2023,22:03:16,Completed,502
7747,3,49,Butter Chicken,01-02-2023,20:43:55,Completed,337
7748,9,15,Samosa,23-11-2023,10:09:34,Completed,175
7749,22,18,Paneer Butter Masala,01-08-2023,00:10:41,Completed,271
7750,1,16,Pasta Alfredo,02-05-2023,06:37:35,Completed,287
7751,13,35,Veg Burger,19-01-2023,15:56:10,Completed,445
7752,26,7,Butter Chicken,13-08-2023,08:39:46,Completed,511
7753,19,40,Chole Bhature,14-12-2023,19:07:27,Completed,216
7754,28,22,Masala Dosa,31-01-2023,10:03:06,Completed,420
7755,32,18,Masala Dosa,04-01-2023,09:37:51,Completed,350
7756,26,6,Paneer Lababdar,18-10-2023,02:11:54,Completed,414
7757,30,35,Chicken Burger,08-08-2023,22:37:27,Completed,191
7758,31,22,Chicken Biryani,26-09-2023,02:45:17,Completed,438
7759,24,9,Chicken Burger,02-04-2023,18:16:04,Completed,323
7760,6,47,Chicken Burger,12-08-2023,01:59:33,Completed,250
7761,7,40,Chole Bhature,11-06-2023,09:01:39,Completed,182
7762,15,33,Chole Bhature,03-06-2023,10:58:19,Completed,292
7763,21,20,Chicken Burger,28-06-2023,22:45:30,Completed,550
7764,5,8,Rajma Chawal,08-12-2023,09:08:39,Completed,225
7765,4,5,Veg Biryani,19-03-2023,01:57:32,Completed,519
7766,2,5,Rajma Chawal,26-01-2023,14:00:55,Completed,254
7767,31,8,Paneer Butter Masala,05-11-2023,14:33:25,Completed,167
7768,21,21,Paneer Lababdar,19-03-2023,10:54:20,Completed,211
7769,17,21,Pasta Alfredo,21-11-2023,00:20:28,Completed,442
7770,33,15,Veg Biryani,09-03-2023,20:48:21,Completed,228
7771,25,46,Chole Bhature,22-06-2023,17:44:39,Completed,290
7772,25,53,Pasta Alfredo,11-11-2023,01:21:07,Completed,163
7773,27,2,Rajma Chawal,23-07-2023,10:54:06,Completed,155
7774,33,49,Egg Curry,30-11-2023,06:58:10,Completed,173
7775,20,37,Pasta Alfredo,27-09-2023,11:40:54,Completed,471
7776,16,35,Pasta Alfredo,21-04-2023,19:51:40,Completed,524
7777,2,55,Chole Bhature,08-06-2023,06:19:12,Completed,223
7778,12,18,Masala Dosa,30-10-2023,08:24:30,Completed,377
7779,27,26,Prawn Masala,22-05-2023,02:03:53,Completed,493
7780,22,47,Samosa,08-06-2023,15:37:20,Completed,199
7781,13,34,Samosa,17-10-2023,06:40:03,Completed,397
7782,12,53,Paneer Butter Masala,12-10-2023,18:45:38,Completed,557
7783,4,3,Veg Biryani,11-06-2023,03:57:32,Completed,443
7784,18,30,Paneer Butter Masala,03-12-2023,18:51:49,Completed,241
7785,6,51,Chicken Burger,30-12-2023,06:59:56,Completed,335
7786,1,5,Paneer Lababdar,15-05-2023,15:09:33,Completed,204
7787,33,22,Masala Dosa,04-12-2023,09:40:53,Completed,425
7788,3,6,Mutton Biryani,12-03-2023,10:09:35,Completed,250
7789,18,48,Prawn Masala,15-04-2023,18:08:55,Completed,562
7790,33,37,Prawn Masala,26-09-2023,22:16:03,Completed,283
7791,1,29,Chicken Biryani,22-02-2023,02:15:44,Completed,274
7792,1,30,Veg Burger,12-07-2023,20:08:35,Completed,496
7793,15,34,Veg Biryani,29-10-2023,16:54:03,Completed,173
7794,10,27,Chicken Biryani,01-04-2023,08:58:57,Completed,432
7795,12,16,Samosa,29-04-2023,05:28:58,Completed,422
7796,18,2,Egg Curry,13-07-2023,04:00:17,Completed,322
7797,24,60,Veg Biryani,07-12-2023,08:33:58,Completed,378
7798,33,54,Paneer Lababdar,03-11-2023,21:32:56,Completed,509
7799,7,55,Pasta Alfredo,11-07-2023,17:19:01,Completed,329
7800,1,3,Veg Biryani,07-01-2023,04:55:38,Completed,595
7801,7,58,Butter Chicken,29-09-2023,15:52:59,Completed,516
7802,17,41,Pasta Alfredo,17-08-2023,10:16:07,Completed,390
7803,28,22,Pasta Alfredo,16-05-2023,21:22:52,Completed,326
7804,15,10,Chicken Burger,23-11-2023,21:50:52,Completed,454
7805,33,10,Chicken Biryani,19-05-2023,23:19:50,Completed,454
7806,31,50,Veg Burger,02-11-2023,06:15:46,Completed,552
7807,1,8,Pasta Alfredo,02-01-2023,19:26:59,Completed,446
7808,33,50,Mutton Biryani,07-01-2023,11:25:32,Completed,182
7809,6,22,Rajma Chawal,26-01-2023,13:31:55,Completed,313
7810,16,20,Egg Curry,20-12-2023,02:28:05,Completed,186
7811,28,22,Veg Biryani,23-07-2023,10:43:10,Completed,408
7812,30,18,Mutton Biryani,18-11-2023,15:00:04,Completed,303
7813,20,11,Butter Chicken,18-08-2023,07:34:08,Completed,364
7814,17,53,Butter Chicken,09-08-2023,07:34:32,Completed,448
7815,26,2,Chicken Burger,12-11-2023,15:52:11,Completed,458
7816,27,43,Pasta Alfredo,24-10-2023,20:52:44,Completed,443
7817,2,33,Mutton Biryani,16-12-2023,05:24:32,Completed,442
7818,33,2,Masala Dosa,08-12-2023,02:53:00,Completed,292
7819,31,4,Butter Chicken,16-07-2023,17:44:29,Completed,528
7820,30,31,Chicken Burger,26-12-2023,19:15:03,Completed,431
7821,14,20,Egg Curry,09-02-2023,21:06:47,Completed,575
7822,30,41,Samosa,13-07-2023,08:39:29,Completed,504
7823,11,59,Chole Bhature,19-11-2023,03:34:28,Completed,283
7824,14,55,Samosa,03-12-2023,20:44:57,Completed,442
7825,32,50,Paneer Lababdar,13-11-2023,13:40:51,Completed,396
7826,32,1,Paneer Lababdar,26-06-2023,12:12:32,Completed,367
7827,32,37,Butter Chicken,16-04-2023,17:23:49,Completed,282
7828,17,7,Mutton Biryani,29-11-2023,21:19:31,Completed,296
7829,8,27,Chicken Biryani,13-08-2023,17:33:12,Completed,191
7830,3,48,Chicken Burger,25-01-2023,16:12:02,Completed,519
7831,22,43,Veg Burger,05-02-2023,03:38:40,Completed,228
7832,21,51,Chole Bhature,20-01-2023,11:19:49,Completed,297
7833,31,55,Masala Dosa,19-07-2023,15:33:44,Completed,183
7834,18,25,Chicken Burger,01-04-2023,19:10:30,Completed,340
7835,19,40,Butter Chicken,30-01-2023,05:41:23,Completed,493
7836,29,10,Chole Bhature,07-11-2023,15:35:45,Completed,320
7837,27,28,Samosa,14-03-2023,12:53:14,Completed,295
7838,30,36,Chicken Burger,19-06-2023,08:08:07,Completed,566
7839,27,28,Mutton Biryani,15-11-2023,20:28:14,Completed,238
7840,6,33,Veg Biryani,16-10-2023,14:16:13,Completed,562
7841,22,60,Rajma Chawal,05-10-2023,12:05:28,Completed,306
7842,19,1,Chicken Burger,22-06-2023,19:05:07,Completed,519
7843,21,13,Prawn Masala,14-10-2023,16:32:52,Completed,434
7844,32,50,Masala Dosa,11-03-2023,12:23:11,Completed,417
7845,8,7,Chicken Biryani,04-06-2023,22:28:35,Completed,433
7846,26,2,Chole Bhature,20-05-2023,10:18:36,Completed,230
7847,23,10,Butter Chicken,12-07-2023,07:21:09,Completed,447
7848,12,6,Egg Curry,24-05-2023,01:47:08,Completed,234
7849,19,18,Rajma Chawal,06-06-2023,00:04:08,Completed,327
7850,9,46,Samosa,10-09-2023,17:49:00,Completed,553
7851,9,28,Veg Burger,02-05-2023,13:31:05,Completed,260
7852,1,29,Samosa,22-06-2023,03:47:00,Completed,555
7853,17,3,Chicken Burger,25-07-2023,06:49:12,Completed,392
7854,28,54,Masala Dosa,23-07-2023,04:38:41,Completed,421
7855,3,47,Samosa,25-01-2023,20:00:28,Completed,536
7856,31,39,Veg Burger,29-03-2023,06:26:16,Completed,591
7857,4,47,Paneer Lababdar,24-01-2023,09:21:38,Completed,307
7858,13,30,Veg Biryani,22-08-2023,12:59:34,Completed,408
7859,12,38,Pasta Alfredo,18-06-2023,21:41:47,Completed,456
7860,21,53,Rajma Chawal,04-02-2023,18:25:08,Completed,502
7861,26,39,Chole Bhature,06-07-2023,14:14:53,Completed,538
7862,10,2,Paneer Butter Masala,12-04-2023,09:54:01,Completed,378
7863,20,8,Veg Burger,03-04-2023,21:30:19,Completed,165
7864,2,42,Paneer Butter Masala,12-11-2023,01:17:13,Completed,291
7865,5,46,Samosa,09-09-2023,18:33:34,Completed,289
7866,15,22,Pasta Alfredo,28-10-2023,08:56:43,Completed,308
7867,18,16,Mutton Biryani,18-02-2023,02:11:54,Completed,371
7868,12,42,Rajma Chawal,08-12-2023,11:34:12,Completed,350
7869,13,9,Veg Burger,28-09-2023,05:53:36,Completed,189
7870,21,40,Rajma Chawal,22-05-2023,18:30:57,Completed,215
7871,7,11,Masala Dosa,21-12-2023,22:44:24,Completed,599
7872,2,32,Rajma Chawal,26-02-2023,16:00:07,Completed,510
7873,17,29,Paneer Butter Masala,11-06-2023,10:41:03,Completed,540
7874,22,2,Chicken Burger,14-11-2023,07:06:28,Completed,155
7875,22,38,Butter Chicken,02-03-2023,16:53:13,Completed,512
7876,14,50,Butter Chicken,05-03-2023,09:28:28,Completed,550
7877,18,33,Egg Curry,16-03-2023,08:20:06,Completed,326
7878,25,15,Chicken Burger,11-08-2023,03:57:56,Completed,424
7879,8,50,Mutton Biryani,25-04-2023,16:55:53,Completed,412
7880,11,1,Egg Curry,05-01-2023,18:15:54,Completed,398
7881,31,24,Chicken Biryani,06-01-2023,23:57:36,Completed,413
7882,3,36,Veg Burger,18-10-2023,04:09:30,Completed,440
7883,26,18,Veg Biryani,28-08-2023,14:07:37,Completed,210
7884,18,38,Pasta Alfredo,20-11-2023,20:18:14,Completed,164
7885,31,25,Chicken Biryani,14-11-2023,21:11:32,Completed,155
7886,10,11,Samosa,03-05-2023,06:05:19,Completed,353
7887,32,21,Mutton Biryani,05-01-2023,23:00:44,Completed,226
7888,8,3,Paneer Butter Masala,15-09-2023,16:51:02,Completed,306
7889,12,2,Prawn Masala,10-05-2023,03:43:15,Completed,461
7890,33,38,Butter Chicken,10-06-2023,23:46:17,Completed,586
7891,9,55,Butter Chicken,12-02-2023,16:24:24,Completed,202
7892,1,12,Butter Chicken,09-12-2023,04:08:31,Completed,227
7893,6,28,Mutton Biryani,24-04-2023,04:33:40,Completed,380
7894,11,13,Egg Curry,06-08-2023,08:22:05,Completed,326
7895,20,32,Butter Chicken,22-08-2023,16:45:33,Completed,481
7896,21,31,Pasta Alfredo,26-03-2023,04:00:05,Completed,476
7897,7,55,Paneer Lababdar,23-11-2023,14:05:03,Completed,158
7898,13,42,Pasta Alfredo,23-02-2023,13:45:49,Completed,234
7899,14,23,Chole Bhature,10-11-2023,05:04:24,Completed,584
7900,7,21,Paneer Lababdar,30-05-2023,18:14:38,Completed,502
7901,23,28,Pasta Alfredo,08-08-2023,20:41:30,Completed,323
7902,26,11,Prawn Masala,21-08-2023,17:14:31,Completed,378
7903,8,16,Prawn Masala,15-10-2023,16:18:59,Completed,165
7904,1,17,Veg Burger,06-05-2023,19:16:34,Completed,350
7905,27,22,Paneer Butter Masala,14-02-2023,11:24:00,Completed,545
7906,1,32,Chicken Biryani,17-05-2023,23:13:22,Completed,253
7907,15,7,Egg Curry,08-08-2023,16:55:59,Completed,346
7908,15,48,Paneer Lababdar,29-10-2023,00:51:28,Completed,287
7909,17,47,Egg Curry,15-04-2023,18:23:28,Completed,265
7910,14,30,Rajma Chawal,19-01-2023,07:03:00,Completed,383
7911,32,4,Samosa,12-11-2023,05:32:20,Completed,310
7912,28,37,Chole Bhature,15-03-2023,19:51:17,Completed,350
7913,32,59,Mutton Biryani,14-02-2023,01:26:56,Completed,373
7914,1,4,Veg Biryani,22-09-2023,22:57:34,Completed,418
7915,25,8,Veg Biryani,17-02-2023,21:41:42,Completed,270
7916,7,20,Chicken Biryani,17-10-2023,11:20:38,Completed,433
7917,4,40,Chicken Biryani,28-12-2023,21:37:42,Completed,272
7918,30,10,Egg Curry,11-09-2023,01:06:06,Completed,377
7919,26,19,Mutton Biryani,19-12-2023,10:19:51,Completed,515
7920,14,45,Chole Bhature,12-11-2023,23:00:41,Completed,208
7921,9,9,Rajma Chawal,13-10-2023,19:44:34,Completed,307
7922,13,16,Butter Chicken,03-03-2023,11:26:23,Completed,590
7923,33,48,Veg Burger,09-09-2023,10:50:46,Completed,326
7924,18,41,Chicken Biryani,26-12-2023,19:38:31,Completed,588
7925,15,38,Veg Biryani,22-07-2023,14:31:07,Completed,244
7926,6,56,Butter Chicken,08-04-2023,06:30:37,Completed,225
7927,33,6,Mutton Biryani,08-05-2023,10:14:12,Completed,473
7928,20,27,Chole Bhature,23-08-2023,21:02:42,Completed,150
7929,11,55,Masala Dosa,19-05-2023,19:36:10,Completed,355
7930,27,13,Rajma Chawal,26-11-2023,01:35:27,Completed,511
7931,21,10,Butter Chicken,13-11-2023,12:13:45,Completed,452
7932,8,2,Mutton Biryani,16-11-2023,08:43:04,Completed,381
7933,1,42,Mutton Biryani,13-01-2023,05:58:32,Completed,498
7934,25,1,Paneer Lababdar,11-06-2023,23:02:20,Completed,458
7935,26,2,Chole Bhature,31-03-2023,16:16:31,Completed,207
7936,3,31,Samosa,06-09-2023,00:25:54,Completed,175
7937,30,9,Pasta Alfredo,27-01-2023,07:43:15,Completed,160
7938,19,14,Veg Burger,14-04-2023,06:37:52,Completed,321
7939,26,17,Egg Curry,25-05-2023,16:34:08,Completed,517
7940,29,22,Veg Burger,31-10-2023,17:03:47,Completed,201
7941,8,46,Veg Burger,01-07-2023,12:16:35,Completed,307
7942,17,59,Egg Curry,28-04-2023,08:01:37,Completed,535
7943,18,42,Paneer Butter Masala,11-04-2023,16:29:32,Completed,431
7944,20,40,Chole Bhature,19-09-2023,09:38:32,Completed,386
7945,22,12,Chicken Biryani,02-09-2023,09:18:49,Completed,193
7946,5,9,Chicken Biryani,17-06-2023,08:58:05,Completed,267
7947,33,16,Pasta Alfredo,01-04-2023,14:38:33,Completed,426
7948,25,31,Prawn Masala,27-03-2023,10:23:09,Completed,408
7949,33,56,Chole Bhature,25-12-2023,19:21:10,Completed,554
7950,27,23,Chole Bhature,22-06-2023,13:08:06,Completed,253
7951,4,29,Pasta Alfredo,01-01-2023,05:14:32,Completed,385
7952,8,11,Egg Curry,14-04-2023,20:29:48,Completed,472
7953,18,26,Chicken Biryani,01-02-2023,11:17:56,Completed,197
7954,22,22,Butter Chicken,27-04-2023,18:13:42,Completed,399
7955,21,19,Mutton Biryani,12-04-2023,21:51:51,Completed,596
7956,31,38,Chole Bhature,02-07-2023,10:33:38,Completed,472
7957,31,53,Mutton Biryani,20-01-2023,05:29:44,Completed,156
7958,20,27,Butter Chicken,07-08-2023,07:59:03,Completed,346
7959,22,3,Egg Curry,17-09-2023,10:49:16,Completed,319
7960,32,15,Chole Bhature,23-01-2023,22:31:11,Completed,194
7961,4,15,Samosa,12-02-2023,22:37:03,Completed,333
7962,14,23,Pasta Alfredo,01-02-2023,08:12:45,Completed,409
7963,3,11,Prawn Masala,27-01-2023,13:39:02,Completed,318
7964,30,27,Chicken Biryani,02-08-2023,04:08:59,Completed,241
7965,15,23,Butter Chicken,05-12-2023,00:39:29,Completed,362
7966,16,54,Paneer Lababdar,28-05-2023,14:55:40,Completed,363
7967,12,6,Chicken Biryani,04-01-2023,02:56:06,Completed,317
7968,16,15,Chole Bhature,20-01-2023,13:31:49,Completed,333
7969,8,49,Paneer Lababdar,18-08-2023,22:15:05,Completed,202
7970,16,38,Veg Burger,04-06-2023,17:08:24,Completed,314
7971,16,44,Egg Curry,11-06-2023,18:46:04,Completed,194
7972,3,24,Pasta Alfredo,03-05-2023,21:16:46,Completed,529
7973,12,55,Mutton Biryani,25-04-2023,14:57:16,Completed,336
7974,20,42,Veg Burger,07-04-2023,07:12:30,Completed,371
7975,5,14,Paneer Butter Masala,08-09-2023,02:54:49,Completed,374
7976,1,32,Veg Burger,07-06-2023,02:31:43,Completed,177
7977,17,27,Paneer Butter Masala,14-02-2023,18:06:13,Completed,494
7978,25,21,Egg Curry,13-03-2023,01:03:42,Completed,501
7979,30,59,Chicken Burger,23-11-2023,01:31:39,Completed,253
7980,18,45,Paneer Lababdar,16-08-2023,03:33:05,Completed,391
7981,4,44,Mutton Biryani,21-02-2023,15:41:04,Completed,199
7982,27,35,Samosa,23-01-2023,10:48:14,Completed,203
7983,16,4,Veg Burger,02-09-2023,20:38:08,Completed,232
7984,24,32,Mutton Biryani,13-02-2023,16:35:51,Completed,331
7985,24,39,Prawn Masala,02-12-2023,03:45:20,Completed,550
7986,3,34,Veg Burger,29-06-2023,07:03:34,Completed,289
7987,15,14,Samosa,24-01-2023,11:36:44,Completed,420
7988,15,2,Chicken Burger,23-12-2023,16:05:53,Completed,366
7989,20,56,Veg Biryani,21-08-2023,13:27:49,Completed,355
7990,22,40,Pasta Alfredo,18-11-2023,07:32:01,Completed,336
7991,2,14,Veg Biryani,09-07-2023,14:22:19,Completed,404
7992,11,47,Mutton Biryani,24-08-2023,06:19:16,Completed,159
7993,31,32,Paneer Butter Masala,20-09-2023,02:54:38,Completed,155
7994,2,20,Masala Dosa,22-11-2023,23:13:07,Completed,268
7995,25,14,Chicken Biryani,29-10-2023,07:21:29,Completed,331
7996,12,14,Chole Bhature,17-01-2023,18:17:31,Completed,332
7997,10,47,Pasta Alfredo,05-11-2023,07:58:52,Completed,599
7998,24,32,Butter Chicken,17-08-2023,00:47:29,Completed,565
7999,22,25,Prawn Masala,08-07-2023,19:36:47,Completed,302
8000,8,12,Rajma Chawal,29-11-2023,20:12:37,Completed,177
8001,12,43,Samosa,28-01-2023,01:06:58,Completed,475
8002,8,18,Rajma Chawal,16-07-2023,23:43:24,Completed,206
8003,27,40,Veg Biryani,18-11-2023,19:11:47,Completed,434
8004,30,24,Veg Biryani,28-02-2023,15:58:43,Completed,192
8005,13,42,Veg Burger,20-02-2023,12:32:40,Completed,163
8006,19,29,Veg Biryani,04-02-2023,20:39:48,Completed,587
8007,27,22,Butter Chicken,01-08-2023,00:09:59,Completed,154
8008,3,52,Prawn Masala,20-09-2023,11:07:31,Completed,160
8009,30,50,Veg Biryani,22-07-2023,08:49:38,Completed,192
8010,11,58,Pasta Alfredo,21-02-2023,14:11:30,Completed,370
8011,19,15,Prawn Masala,07-07-2023,20:03:21,Completed,282
8012,9,1,Masala Dosa,14-03-2023,11:30:24,Completed,385
8013,15,8,Prawn Masala,08-08-2023,00:37:45,Completed,248
8014,15,48,Paneer Lababdar,24-02-2023,13:28:06,Completed,195
8015,16,15,Samosa,04-03-2023,06:13:37,Completed,282
8016,28,45,Veg Biryani,06-10-2023,12:10:05,Completed,591
8017,9,6,Veg Biryani,05-02-2023,05:03:17,Completed,422
8018,33,6,Veg Biryani,17-11-2023,18:11:33,Completed,457
8019,4,53,Veg Burger,27-12-2023,09:01:30,Completed,161
8020,17,54,Chicken Biryani,27-07-2023,14:37:12,Completed,241
8021,18,55,Veg Biryani,04-08-2023,03:01:09,Completed,440
8022,6,54,Chole Bhature,21-03-2023,18:39:17,Completed,312
8023,26,1,Chicken Burger,07-11-2023,00:28:13,Completed,270
8024,13,48,Chicken Burger,28-06-2023,07:00:51,Completed,178
8025,29,9,Masala Dosa,28-02-2023,18:38:53,Completed,255
8026,29,9,Veg Burger,20-02-2023,19:19:19,Completed,245
8027,21,16,Prawn Masala,03-06-2023,00:19:41,Completed,482
8028,2,24,Egg Curry,13-05-2023,23:08:52,Completed,530
8029,5,12,Rajma Chawal,06-09-2023,13:48:50,Completed,493
8030,3,22,Mutton Biryani,06-05-2023,12:42:15,Completed,232
8031,5,50,Chicken Burger,28-05-2023,04:28:20,Completed,250
8032,3,11,Paneer Butter Masala,28-02-2023,08:47:29,Completed,293
8033,4,38,Rajma Chawal,16-09-2023,16:50:20,Completed,179
8034,11,45,Paneer Lababdar,02-05-2023,16:18:30,Completed,436
8035,12,37,Masala Dosa,14-09-2023,19:07:24,Completed,463
8036,27,19,Samosa,23-03-2023,15:47:07,Completed,474
8037,11,48,Pasta Alfredo,12-07-2023,19:06:24,Completed,576
8038,13,25,Egg Curry,22-09-2023,07:09:19,Completed,363
8039,23,54,Veg Biryani,04-03-2023,04:45:41,Completed,217
8040,25,27,Veg Biryani,04-03-2023,23:52:49,Completed,256
8041,11,33,Masala Dosa,22-06-2023,22:09:00,Completed,361
8042,28,43,Paneer Lababdar,08-12-2023,19:14:15,Completed,270
8043,25,33,Pasta Alfredo,23-07-2023,09:28:15,Completed,405
8044,24,41,Paneer Lababdar,19-03-2023,10:20:27,Completed,283
8045,28,8,Samosa,18-09-2023,17:25:22,Completed,586
8046,29,46,Rajma Chawal,23-12-2023,06:22:04,Completed,596
8047,27,14,Rajma Chawal,10-03-2023,01:26:16,Completed,532
8048,26,20,Chicken Biryani,13-05-2023,13:40:13,Completed,462
8049,31,12,Paneer Butter Masala,24-05-2023,09:33:42,Completed,479
8050,20,54,Butter Chicken,26-07-2023,23:00:08,Completed,265
8051,15,29,Masala Dosa,17-12-2023,04:55:44,Completed,233
8052,12,39,Prawn Masala,03-02-2023,00:50:21,Completed,264
8053,27,32,Veg Burger,05-01-2023,06:15:32,Completed,214
8054,20,34,Prawn Masala,28-05-2023,00:54:58,Completed,598
8055,13,42,Chole Bhature,09-04-2023,13:04:39,Completed,437
8056,21,15,Chicken Biryani,07-06-2023,11:27:58,Completed,351
8057,9,60,Butter Chicken,08-06-2023,04:50:22,Completed,225
8058,32,59,Veg Biryani,20-01-2023,18:39:44,Completed,255
8059,27,7,Butter Chicken,21-10-2023,16:46:20,Completed,346
8060,10,14,Chicken Burger,15-11-2023,23:39:56,Completed,566
8061,12,16,Egg Curry,01-10-2023,13:47:34,Completed,472
8062,2,52,Samosa,17-01-2023,09:19:26,Completed,551
8063,9,42,Paneer Lababdar,09-09-2023,02:43:22,Completed,267
8064,14,2,Chicken Biryani,18-04-2023,00:50:30,Completed,189
8065,33,31,Butter Chicken,03-03-2023,23:29:50,Completed,379
8066,33,58,Prawn Masala,09-10-2023,07:03:42,Completed,213
8067,23,31,Butter Chicken,04-02-2023,16:04:03,Completed,420
8068,32,45,Chicken Burger,04-01-2023,12:34:57,Completed,298
8069,23,27,Chicken Biryani,03-04-2023,16:40:51,Completed,481
8070,19,4,Masala Dosa,28-10-2023,12:38:20,Completed,169
8071,29,28,Prawn Masala,03-09-2023,00:19:51,Completed,469
8072,25,2,Chole Bhature,25-07-2023,01:08:32,Completed,328
8073,21,11,Butter Chicken,17-01-2023,04:52:13,Completed,568
8074,16,56,Veg Burger,11-02-2023,06:27:07,Completed,572
8075,7,35,Veg Burger,07-07-2023,07:58:19,Completed,362
8076,6,15,Prawn Masala,18-05-2023,12:28:08,Completed,475
8077,31,56,Chicken Burger,12-09-2023,05:18:04,Completed,544
8078,27,52,Chicken Burger,01-09-2023,10:05:26,Completed,384
8079,31,50,Rajma Chawal,14-06-2023,16:29:08,Completed,272
8080,7,8,Pasta Alfredo,02-03-2023,07:02:49,Completed,525
8081,15,37,Mutton Biryani,16-10-2023,04:28:43,Completed,429
8082,17,36,Prawn Masala,05-02-2023,23:27:17,Completed,181
8083,16,41,Masala Dosa,19-11-2023,23:17:59,Completed,579
8084,9,48,Paneer Butter Masala,20-08-2023,00:30:39,Completed,430
8085,26,56,Butter Chicken,04-03-2023,07:43:46,Completed,465
8086,30,33,Chicken Biryani,22-05-2023,15:41:23,Completed,242
8087,7,4,Mutton Biryani,06-02-2023,02:06:26,Completed,574
8088,22,33,Paneer Butter Masala,06-10-2023,00:46:51,Completed,425
8089,5,5,Samosa,06-03-2023,02:49:27,Completed,409
8090,11,29,Mutton Biryani,05-04-2023,10:01:59,Completed,271
8091,22,11,Paneer Lababdar,04-07-2023,17:24:10,Completed,270
8092,7,49,Mutton Biryani,25-08-2023,21:05:55,Completed,330
8093,20,5,Paneer Lababdar,26-09-2023,16:37:54,Completed,478
8094,20,43,Paneer Butter Masala,16-12-2023,10:39:41,Completed,298
8095,19,54,Masala Dosa,11-07-2023,21:06:50,Completed,253
8096,14,18,Chicken Burger,24-06-2023,16:46:52,Completed,461
8097,20,8,Chicken Burger,08-02-2023,00:21:16,Completed,229
8098,21,15,Mutton Biryani,31-10-2023,15:02:13,Completed,323
8099,18,54,Pasta Alfredo,29-04-2023,04:19:58,Completed,553
8100,29,58,Veg Burger,27-02-2023,10:43:12,Completed,380
8101,25,12,Egg Curry,07-06-2023,04:09:17,Completed,324
8102,21,12,Butter Chicken,31-12-2023,21:05:55,Completed,429
8103,4,48,Chole Bhature,13-03-2023,20:32:20,Completed,157
8104,6,1,Chicken Biryani,06-02-2023,09:54:23,Completed,483
8105,9,11,Paneer Butter Masala,29-01-2023,20:40:47,Completed,191
8106,32,15,Chicken Burger,08-01-2023,08:50:41,Completed,576
8107,7,49,Veg Biryani,28-08-2023,05:54:17,Completed,287
8108,3,57,Egg Curry,24-08-2023,01:30:38,Completed,531
8109,26,6,Samosa,17-05-2023,03:55:59,Completed,529
8110,1,30,Rajma Chawal,26-07-2023,17:41:20,Completed,471
8111,10,45,Egg Curry,16-01-2023,07:09:20,Completed,491
8112,14,19,Paneer Lababdar,23-04-2023,17:24:10,Completed,459
8113,9,33,Samosa,05-12-2023,01:11:33,Completed,182
8114,12,8,Paneer Butter Masala,11-08-2023,09:36:43,Completed,185
8115,9,25,Veg Biryani,04-12-2023,10:18:32,Completed,574
8116,26,31,Rajma Chawal,09-11-2023,02:09:30,Completed,229
8117,15,45,Egg Curry,22-03-2023,14:58:40,Completed,365
8118,25,60,Butter Chicken,02-12-2023,12:18:09,Completed,241
8119,29,7,Masala Dosa,23-03-2023,11:08:53,Completed,448
8120,8,11,Chicken Burger,25-03-2023,13:20:41,Completed,178
8121,16,47,Masala Dosa,01-08-2023,00:14:42,Completed,353
8122,28,54,Chole Bhature,12-04-2023,00:14:21,Completed,309
8123,24,13,Chicken Biryani,06-02-2023,21:47:21,Completed,310
8124,30,33,Masala Dosa,09-12-2023,17:01:03,Completed,262
8125,1,7,Veg Burger,13-01-2023,23:44:15,Completed,249
8126,21,35,Chicken Burger,29-09-2023,01:58:26,Completed,245
8127,2,7,Chicken Biryani,24-12-2023,03:05:04,Completed,589
8128,20,30,Paneer Butter Masala,21-10-2023,20:41:50,Completed,421
8129,33,27,Veg Biryani,17-09-2023,15:17:58,Completed,553
8130,19,33,Samosa,16-11-2023,10:22:34,Completed,355
8131,11,35,Paneer Butter Masala,24-11-2023,09:35:21,Completed,196
8132,28,58,Paneer Butter Masala,22-12-2023,12:47:44,Completed,303
8133,26,38,Chicken Burger,28-01-2023,11:28:55,Completed,276
8134,3,35,Rajma Chawal,05-04-2023,16:51:21,Completed,451
8135,27,37,Butter Chicken,24-12-2023,15:53:46,Completed,208
8136,6,14,Mutton Biryani,02-02-2023,23:52:35,Completed,456
8137,23,16,Pasta Alfredo,05-12-2023,19:10:20,Completed,328
8138,7,12,Rajma Chawal,11-06-2023,08:20:25,Completed,444
8139,29,27,Veg Burger,12-01-2023,14:49:18,Completed,358
8140,18,18,Paneer Butter Masala,08-11-2023,18:06:12,Completed,160
8141,12,52,Paneer Lababdar,16-05-2023,11:42:34,Completed,352
8142,4,18,Chole Bhature,02-12-2023,06:28:32,Completed,512
8143,1,25,Paneer Lababdar,07-11-2023,05:29:30,Completed,393
8144,5,35,Chole Bhature,02-05-2023,19:25:12,Completed,235
8145,18,49,Rajma Chawal,28-12-2023,18:17:41,Completed,324
8146,18,13,Veg Burger,29-03-2023,18:27:33,Completed,291
8147,33,27,Egg Curry,01-01-2023,22:39:27,Completed,316
8148,18,18,Mutton Biryani,01-01-2023,08:13:58,Completed,512
8149,13,21,Rajma Chawal,15-11-2023,21:32:29,Completed,460
8150,14,22,Masala Dosa,04-07-2023,05:44:29,Completed,235
8151,3,33,Pasta Alfredo,01-06-2023,05:12:03,Completed,521
8152,8,7,Prawn Masala,06-11-2023,05:55:04,Completed,539
8153,7,39,Chicken Biryani,26-10-2023,21:55:21,Completed,421
8154,18,6,Veg Biryani,21-12-2023,18:58:19,Completed,345
8155,30,58,Chicken Burger,23-07-2023,04:10:06,Completed,368
8156,12,2,Paneer Lababdar,20-12-2023,20:40:00,Completed,558
8157,24,43,Chicken Biryani,19-12-2023,21:12:14,Completed,440
8158,20,31,Chicken Biryani,26-12-2023,17:29:14,Completed,309
8159,7,21,Pasta Alfredo,16-01-2023,14:16:11,Completed,442
8160,30,11,Veg Biryani,17-06-2023,03:09:44,Completed,308
8161,20,57,Egg Curry,30-05-2023,12:19:45,Completed,407
8162,24,21,Samosa,20-07-2023,05:03:20,Completed,207
8163,8,30,Veg Biryani,16-07-2023,07:08:31,Completed,439
8164,15,19,Chole Bhature,15-06-2023,02:24:00,Completed,258
8165,1,55,Masala Dosa,18-06-2023,14:23:35,Completed,576
8166,4,23,Masala Dosa,04-07-2023,06:34:27,Completed,513
8167,14,5,Chicken Biryani,09-07-2023,01:11:48,Completed,160
8168,4,46,Chicken Burger,13-01-2023,21:24:40,Completed,331
8169,3,46,Mutton Biryani,31-10-2023,20:17:31,Completed,520
8170,30,7,Chole Bhature,10-01-2023,23:23:12,Completed,272
8171,5,34,Rajma Chawal,17-01-2023,19:32:19,Completed,334
8172,31,42,Butter Chicken,29-03-2023,20:45:06,Completed,427
8173,19,26,Chole Bhature,05-11-2023,07:10:44,Completed,254
8174,5,49,Mutton Biryani,17-07-2023,08:24:55,Completed,263
8175,15,14,Veg Biryani,13-10-2023,10:52:01,Completed,151
8176,26,11,Veg Biryani,27-04-2023,15:50:23,Completed,427
8177,7,48,Egg Curry,11-06-2023,01:22:47,Completed,167
8178,12,13,Paneer Butter Masala,06-01-2023,02:15:03,Completed,445
8179,22,50,Prawn Masala,29-04-2023,04:10:20,Completed,171
8180,21,18,Pasta Alfredo,10-03-2023,07:22:59,Completed,151
8181,9,19,Mutton Biryani,10-11-2023,11:43:55,Completed,474
8182,13,52,Egg Curry,20-11-2023,14:12:49,Completed,548
8183,23,5,Chicken Biryani,14-09-2023,08:09:40,Completed,360
8184,23,46,Pasta Alfredo,07-02-2023,10:55:54,Completed,277
8185,9,47,Chicken Biryani,11-01-2023,15:26:41,Completed,427
8186,29,54,Butter Chicken,12-03-2023,13:07:10,Completed,183
8187,25,30,Veg Biryani,25-12-2023,02:05:41,Completed,368
8188,11,47,Egg Curry,14-01-2023,23:49:55,Completed,458
8189,26,59,Paneer Butter Masala,03-07-2023,14:31:15,Completed,487
8190,27,11,Prawn Masala,04-12-2023,07:26:23,Completed,457
8191,18,7,Egg Curry,17-04-2023,13:21:19,Completed,451
8192,33,1,Butter Chicken,29-07-2023,06:28:24,Completed,444
8193,6,42,Chicken Biryani,03-05-2023,04:34:00,Completed,419
8194,15,40,Chicken Biryani,03-06-2023,23:26:42,Completed,268
8195,22,1,Veg Biryani,23-02-2023,16:24:55,Completed,497
8196,26,11,Butter Chicken,15-07-2023,14:01:51,Completed,465
8197,23,24,Paneer Lababdar,21-06-2023,00:45:54,Completed,409
8198,10,37,Samosa,09-01-2023,13:24:21,Completed,258
8199,20,18,Pasta Alfredo,19-06-2023,13:53:07,Completed,251
8200,27,7,Rajma Chawal,22-09-2023,16:06:12,Completed,391
8201,29,27,Egg Curry,27-12-2023,19:12:55,Completed,306
8202,22,58,Pasta Alfredo,26-10-2023,10:17:35,Completed,536
8203,1,48,Veg Biryani,12-03-2023,02:10:07,Completed,503
8204,30,2,Chicken Burger,08-08-2023,19:41:54,Completed,155
8205,12,49,Paneer Lababdar,10-10-2023,14:06:46,Completed,427
8206,33,26,Samosa,27-05-2023,17:28:54,Completed,150
8207,20,56,Rajma Chawal,08-02-2023,02:38:05,Completed,515
8208,4,10,Egg Curry,22-10-2023,09:49:42,Completed,356
8209,13,43,Pasta Alfredo,11-06-2023,15:29:25,Completed,448
8210,5,36,Pasta Alfredo,27-10-2023,02:09:59,Completed,566
8211,28,45,Veg Burger,09-04-2023,21:46:27,Completed,177
8212,33,49,Chicken Biryani,01-04-2023,22:21:57,Completed,333
8213,20,37,Chicken Biryani,21-04-2023,18:37:23,Completed,383
8214,27,4,Pasta Alfredo,21-03-2023,21:11:48,Completed,221
8215,30,39,Paneer Butter Masala,22-08-2023,08:18:28,Completed,441
8216,10,55,Pasta Alfredo,14-12-2023,00:18:52,Completed,349
8217,14,8,Veg Biryani,27-04-2023,01:10:27,Completed,363
8218,7,38,Pasta Alfredo,21-09-2023,09:33:58,Completed,366
8219,32,57,Chicken Biryani,05-04-2023,15:55:24,Completed,398
8220,29,3,Chicken Burger,09-03-2023,13:42:31,Completed,452
8221,14,23,Egg Curry,21-07-2023,19:34:37,Completed,376
8222,12,8,Butter Chicken,20-10-2023,19:49:50,Completed,227
8223,25,2,Veg Burger,18-01-2023,22:16:47,Completed,580
8224,27,5,Paneer Lababdar,05-05-2023,04:02:37,Completed,356
8225,25,58,Paneer Butter Masala,20-05-2023,09:09:26,Completed,408
8226,6,17,Chole Bhature,27-08-2023,22:11:40,Completed,484
8227,17,43,Masala Dosa,14-12-2023,11:42:43,Completed,359
8228,12,34,Chicken Biryani,24-11-2023,10:01:06,Completed,412
8229,17,45,Chicken Burger,30-12-2023,01:14:51,Completed,532
8230,32,13,Pasta Alfredo,22-12-2023,18:28:31,Completed,328
8231,31,4,Chicken Burger,11-11-2023,16:24:21,Completed,291
8232,9,26,Butter Chicken,19-07-2023,15:57:28,Completed,590
8233,18,58,Pasta Alfredo,26-03-2023,17:48:07,Completed,591
8234,7,41,Pasta Alfredo,25-06-2023,10:47:33,Completed,288
8235,18,58,Chicken Burger,25-11-2023,04:50:57,Completed,531
8236,17,44,Samosa,13-05-2023,12:10:51,Completed,487
8237,23,14,Chole Bhature,27-04-2023,07:19:28,Completed,383
8238,10,31,Chicken Biryani,25-12-2023,12:51:57,Completed,574
8239,27,23,Egg Curry,13-02-2023,23:06:47,Completed,534
8240,13,46,Chole Bhature,26-05-2023,05:39:45,Completed,303
8241,25,48,Paneer Lababdar,14-04-2023,05:41:17,Completed,586
8242,21,15,Veg Biryani,28-12-2023,14:31:04,Completed,461
8243,5,7,Pasta Alfredo,19-08-2023,23:09:20,Completed,552
8244,18,21,Mutton Biryani,23-02-2023,06:20:31,Completed,557
8245,28,42,Chole Bhature,01-03-2023,09:36:08,Completed,261
8246,9,59,Samosa,13-12-2023,17:05:22,Completed,429
8247,4,36,Masala Dosa,26-01-2023,10:49:48,Completed,495
8248,12,51,Pasta Alfredo,31-03-2023,00:34:05,Completed,400
8249,1,16,Veg Burger,06-02-2023,06:34:17,Completed,370
8250,24,18,Mutton Biryani,27-10-2023,16:41:24,Completed,278
8251,24,31,Mutton Biryani,24-07-2023,18:36:24,Completed,515
8252,33,23,Veg Burger,19-06-2023,22:32:21,Completed,246
8253,21,18,Veg Biryani,08-04-2023,19:19:03,Completed,553
8254,33,45,Butter Chicken,25-11-2023,10:24:40,Completed,571
8255,15,42,Chicken Biryani,15-04-2023,14:29:50,Completed,279
8256,4,19,Veg Biryani,01-11-2023,20:49:13,Completed,306
8257,16,58,Masala Dosa,28-12-2023,22:10:39,Completed,286
8258,4,5,Chole Bhature,30-09-2023,07:20:24,Completed,320
8259,8,7,Samosa,01-02-2023,21:12:39,Completed,229
8260,18,50,Chicken Biryani,30-07-2023,04:38:03,Completed,391
8261,15,11,Veg Biryani,03-06-2023,16:44:51,Completed,388
8262,29,9,Pasta Alfredo,11-08-2023,10:46:47,Completed,367
8263,18,11,Butter Chicken,16-06-2023,16:57:43,Completed,473
8264,18,24,Paneer Lababdar,06-11-2023,04:01:12,Completed,259
8265,28,22,Rajma Chawal,20-07-2023,04:02:00,Completed,192
8266,26,1,Mutton Biryani,14-11-2023,07:16:24,Completed,283
8267,5,50,Pasta Alfredo,20-11-2023,23:59:07,Completed,167
8268,30,24,Samosa,24-06-2023,13:26:56,Completed,229
8269,8,21,Veg Burger,09-02-2023,06:06:51,Completed,493
8270,25,57,Veg Biryani,12-05-2023,13:15:27,Completed,540
8271,19,58,Paneer Lababdar,02-08-2023,01:53:22,Completed,351
8272,21,2,Mutton Biryani,23-05-2023,12:57:25,Completed,197
8273,23,37,Masala Dosa,27-01-2023,16:36:42,Completed,249
8274,19,19,Pasta Alfredo,25-05-2023,08:22:03,Completed,250
8275,25,50,Prawn Masala,03-05-2023,05:48:27,Completed,485
8276,9,4,Prawn Masala,22-09-2023,03:39:06,Completed,521
8277,11,4,Egg Curry,04-03-2023,19:27:08,Completed,205
8278,5,16,Mutton Biryani,19-12-2023,23:03:01,Completed,432
8279,6,20,Chicken Burger,30-08-2023,08:19:17,Completed,450
8280,24,29,Prawn Masala,18-09-2023,11:02:16,Completed,197
8281,29,10,Mutton Biryani,08-03-2023,03:04:33,Completed,250
8282,23,55,Chole Bhature,01-09-2023,03:37:26,Completed,468
8283,15,6,Pasta Alfredo,08-09-2023,09:19:43,Completed,244
8284,27,54,Paneer Lababdar,30-04-2023,13:06:01,Completed,305
8285,11,27,Chole Bhature,04-03-2023,07:58:40,Completed,484
8286,2,52,Veg Biryani,22-10-2023,00:27:59,Completed,233
8287,29,40,Prawn Masala,28-02-2023,14:51:28,Completed,453
8288,11,56,Veg Burger,26-06-2023,15:28:16,Completed,152
8289,19,24,Pasta Alfredo,03-03-2023,16:28:23,Completed,408
8290,14,29,Chole Bhature,20-07-2023,12:53:02,Completed,415
8291,19,57,Chole Bhature,15-12-2023,05:16:23,Completed,276
8292,6,19,Chicken Burger,04-03-2023,07:27:54,Completed,170
8293,9,24,Veg Burger,23-09-2023,15:08:16,Completed,439
8294,19,9,Rajma Chawal,13-12-2023,04:48:30,Completed,341
8295,15,28,Veg Burger,20-06-2023,12:47:47,Completed,326
8296,16,46,Paneer Lababdar,26-04-2023,22:08:03,Completed,372
8297,28,41,Veg Burger,03-04-2023,00:14:36,Completed,383
8298,2,49,Prawn Masala,25-01-2023,05:28:10,Completed,391
8299,16,14,Prawn Masala,04-01-2023,05:05:39,Completed,265
8300,27,54,Egg Curry,30-04-2023,19:26:22,Completed,238
8301,22,34,Paneer Butter Masala,29-11-2023,07:32:18,Completed,276
8302,33,39,Veg Burger,19-06-2023,13:44:49,Completed,438
8303,5,25,Prawn Masala,17-03-2023,02:56:32,Completed,245
8304,18,7,Mutton Biryani,28-08-2023,23:22:35,Completed,314
8305,1,28,Prawn Masala,01-10-2023,06:25:46,Completed,380
8306,11,8,Butter Chicken,18-04-2023,04:34:35,Completed,535
8307,20,18,Pasta Alfredo,23-11-2023,18:59:13,Completed,579
8308,12,59,Prawn Masala,19-09-2023,21:55:16,Completed,547
8309,6,35,Chicken Biryani,22-12-2023,14:34:34,Completed,358
8310,9,44,Mutton Biryani,09-03-2023,20:57:17,Completed,524
8311,30,43,Samosa,25-01-2023,20:42:57,Completed,210
8312,23,50,Mutton Biryani,15-12-2023,21:38:49,Completed,265
8313,10,15,Butter Chicken,31-12-2023,15:58:31,Completed,190
8314,27,33,Mutton Biryani,20-10-2023,23:55:52,Completed,286
8315,22,10,Chicken Burger,29-05-2023,13:38:26,Completed,196
8316,9,5,Veg Biryani,07-04-2023,09:02:07,Completed,455
8317,24,54,Samosa,26-03-2023,12:12:43,Completed,228
8318,3,21,Veg Burger,14-01-2023,20:56:39,Completed,283
8319,31,33,Egg Curry,09-05-2023,10:02:44,Completed,469
8320,31,1,Veg Biryani,19-10-2023,15:57:07,Completed,155
8321,3,54,Samosa,27-04-2023,13:10:18,Completed,367
8322,22,43,Masala Dosa,01-02-2023,04:48:10,Completed,214
8323,22,19,Masala Dosa,02-08-2023,17:38:18,Completed,208
8324,23,13,Prawn Masala,12-07-2023,03:48:53,Completed,308
8325,21,45,Paneer Lababdar,28-12-2023,02:35:16,Completed,247
8326,23,59,Egg Curry,30-08-2023,15:53:22,Completed,309
8327,9,42,Egg Curry,05-07-2023,18:09:29,Completed,556
8328,3,60,Mutton Biryani,28-05-2023,21:16:53,Completed,395
8329,24,24,Veg Burger,03-09-2023,21:52:59,Completed,372
8330,32,20,Egg Curry,26-04-2023,18:25:06,Completed,550
8331,13,21,Rajma Chawal,22-04-2023,16:29:51,Completed,381
8332,10,29,Prawn Masala,11-12-2023,20:59:15,Completed,293
8333,6,18,Butter Chicken,05-03-2023,08:47:32,Completed,486
8334,13,12,Chole Bhature,14-03-2023,19:59:25,Completed,426
8335,10,50,Veg Burger,21-03-2023,04:52:25,Completed,401
8336,6,47,Veg Biryani,19-12-2023,11:02:11,Completed,582
8337,14,31,Prawn Masala,04-02-2023,10:29:51,Completed,504
8338,28,8,Chicken Burger,23-02-2023,03:36:23,Completed,511
8339,17,59,Prawn Masala,30-05-2023,10:43:06,Completed,242
8340,33,43,Prawn Masala,21-01-2023,10:34:15,Completed,182
8341,27,9,Samosa,04-01-2023,04:05:27,Completed,227
8342,12,38,Samosa,29-05-2023,21:01:16,Completed,500
8343,26,10,Chole Bhature,09-09-2023,17:28:58,Completed,506
8344,10,43,Veg Biryani,08-10-2023,21:14:23,Completed,220
8345,2,56,Butter Chicken,24-11-2023,23:48:07,Completed,229
8346,19,47,Chicken Biryani,02-11-2023,14:25:08,Completed,498
8347,18,39,Chicken Burger,31-05-2023,00:50:54,Completed,582
8348,22,24,Chicken Biryani,10-08-2023,15:13:22,Completed,496
8349,11,59,Chole Bhature,25-12-2023,09:14:45,Completed,349
8350,30,1,Paneer Butter Masala,17-06-2023,19:41:59,Completed,495
8351,19,33,Mutton Biryani,28-09-2023,03:24:59,Completed,318
8352,5,45,Masala Dosa,17-06-2023,07:13:18,Completed,356
8353,32,4,Mutton Biryani,26-02-2023,20:57:47,Completed,283
8354,29,23,Veg Biryani,20-10-2023,20:36:46,Completed,576
8355,6,24,Paneer Lababdar,06-04-2023,00:14:48,Completed,445
8356,17,45,Veg Burger,06-09-2023,18:21:53,Completed,227
8357,33,34,Butter Chicken,12-02-2023,12:31:58,Completed,172
8358,27,23,Pasta Alfredo,20-07-2023,05:40:02,Completed,367
8359,28,46,Samosa,08-04-2023,00:58:40,Completed,167
8360,10,50,Chole Bhature,03-07-2023,15:15:58,Completed,259
8361,31,45,Chole Bhature,24-04-2023,00:31:35,Completed,190
8362,30,7,Paneer Butter Masala,13-09-2023,18:19:55,Completed,266
8363,16,34,Egg Curry,18-08-2023,19:01:51,Completed,390
8364,31,9,Veg Biryani,10-03-2023,14:36:18,Completed,330
8365,19,3,Paneer Lababdar,17-10-2023,06:48:02,Completed,249
8366,23,44,Egg Curry,21-08-2023,10:06:22,Completed,250
8367,10,47,Chicken Burger,05-04-2023,10:18:34,Completed,396
8368,11,32,Butter Chicken,26-10-2023,04:47:33,Completed,197
8369,12,8,Chicken Burger,05-02-2023,20:18:30,Completed,257
8370,20,57,Butter Chicken,09-05-2023,04:57:05,Completed,499
8371,17,7,Masala Dosa,09-02-2023,04:01:32,Completed,240
8372,10,59,Butter Chicken,08-12-2023,21:34:36,Completed,176
8373,31,11,Masala Dosa,15-12-2023,06:38:42,Completed,229
8374,25,46,Butter Chicken,02-07-2023,00:07:57,Completed,219
8375,6,5,Rajma Chawal,29-07-2023,11:24:13,Completed,289
8376,11,55,Mutton Biryani,20-02-2023,18:02:40,Completed,243
8377,31,40,Prawn Masala,18-07-2023,22:18:45,Completed,181
8378,3,38,Chole Bhature,16-02-2023,09:20:51,Completed,171
8379,15,44,Chicken Biryani,28-07-2023,04:57:36,Completed,236
8380,20,16,Paneer Lababdar,15-01-2023,19:03:54,Completed,524
8381,20,41,Chicken Burger,13-11-2023,10:18:10,Completed,410
8382,29,40,Mutton Biryani,27-03-2023,09:25:04,Completed,493
8383,12,39,Chole Bhature,07-01-2023,00:29:20,Completed,414
8384,17,9,Egg Curry,12-02-2023,08:08:40,Completed,313
8385,26,5,Egg Curry,21-05-2023,18:06:45,Completed,162
8386,8,13,Paneer Lababdar,08-04-2023,10:21:25,Completed,592
8387,5,5,Egg Curry,22-06-2023,12:47:06,Completed,210
8388,2,47,Egg Curry,28-02-2023,14:04:39,Completed,438
8389,24,29,Rajma Chawal,26-07-2023,08:13:08,Completed,465
8390,29,12,Veg Biryani,09-02-2023,13:52:01,Completed,589
8391,14,44,Chicken Burger,03-03-2023,03:28:39,Completed,288
8392,15,38,Pasta Alfredo,29-12-2023,19:47:58,Completed,207
8393,21,27,Veg Biryani,07-12-2023,23:14:20,Completed,415
8394,21,31,Chicken Burger,17-02-2023,09:20:11,Completed,323
8395,5,58,Egg Curry,13-12-2023,09:40:45,Completed,167
8396,29,59,Paneer Butter Masala,09-05-2023,02:09:41,Completed,315
8397,11,41,Masala Dosa,09-09-2023,07:36:52,Completed,216
8398,32,39,Chicken Biryani,03-11-2023,19:19:51,Completed,346
8399,31,54,Egg Curry,05-06-2023,13:49:51,Completed,408
8400,17,52,Pasta Alfredo,26-10-2023,10:12:29,Completed,295
8401,9,48,Masala Dosa,18-11-2023,09:44:14,Completed,526
8402,12,24,Chole Bhature,23-12-2023,10:50:02,Completed,419
8403,7,3,Rajma Chawal,03-07-2023,14:39:52,Completed,356
8404,10,37,Egg Curry,06-05-2023,19:15:38,Completed,453
8405,27,13,Paneer Butter Masala,21-08-2023,02:27:57,Completed,477
8406,12,31,Pasta Alfredo,10-09-2023,20:48:52,Completed,351
8407,16,53,Egg Curry,13-04-2023,18:56:40,Completed,512
8408,15,41,Chole Bhature,14-07-2023,12:16:10,Completed,575
8409,13,16,Chicken Burger,07-01-2023,20:09:16,Completed,207
8410,1,2,Chicken Burger,09-06-2023,21:08:43,Completed,239
8411,6,1,Paneer Butter Masala,20-03-2023,13:18:20,Completed,566
8412,33,21,Masala Dosa,26-06-2023,20:22:04,Completed,592
8413,25,17,Butter Chicken,14-02-2023,14:33:31,Completed,416
8414,6,32,Chicken Burger,01-05-2023,15:46:59,Completed,199
8415,26,27,Veg Biryani,05-06-2023,08:34:27,Completed,499
8416,32,13,Chicken Biryani,16-06-2023,00:21:06,Completed,479
8417,24,2,Veg Biryani,06-03-2023,21:17:00,Completed,547
8418,25,22,Masala Dosa,02-01-2023,03:31:02,Completed,525
8419,13,53,Chole Bhature,11-11-2023,11:26:14,Completed,435
8420,12,44,Paneer Butter Masala,23-11-2023,00:28:32,Completed,312
8421,32,37,Veg Biryani,22-06-2023,10:25:50,Completed,160
8422,20,58,Veg Biryani,28-03-2023,17:19:27,Completed,563
8423,19,47,Pasta Alfredo,10-06-2023,18:08:27,Completed,272
8424,7,16,Paneer Butter Masala,11-02-2023,03:25:02,Completed,430
8425,21,55,Chicken Biryani,19-07-2023,14:41:22,Completed,563
8426,24,5,Egg Curry,16-02-2023,23:05:51,Completed,342
8427,10,32,Samosa,05-05-2023,19:44:48,Completed,437
8428,12,26,Butter Chicken,25-07-2023,02:53:21,Completed,441
8429,27,21,Masala Dosa,24-02-2023,23:00:42,Completed,198
8430,29,18,Mutton Biryani,12-12-2023,19:18:57,Completed,320
8431,6,1,Veg Burger,14-08-2023,17:52:02,Completed,322
8432,19,44,Chicken Burger,27-12-2023,18:33:41,Completed,344
8433,18,11,Veg Biryani,24-05-2023,19:45:20,Completed,303
8434,4,10,Veg Burger,01-07-2023,04:42:35,Completed,193
8435,28,25,Veg Burger,14-06-2023,04:55:41,Completed,379
8436,29,10,Chicken Burger,03-01-2023,12:14:07,Completed,576
8437,32,6,Pasta Alfredo,07-05-2023,23:49:55,Completed,277
8438,27,33,Pasta Alfredo,18-10-2023,06:36:19,Completed,161
8439,28,14,Chicken Burger,17-07-2023,14:42:51,Completed,589
8440,25,34,Chicken Biryani,09-09-2023,12:16:16,Completed,450
8441,33,41,Paneer Lababdar,07-04-2023,19:29:40,Completed,198
8442,32,46,Mutton Biryani,26-01-2023,00:24:49,Completed,383
8443,25,11,Chicken Burger,03-07-2023,15:08:55,Completed,299
8444,32,9,Veg Burger,27-05-2023,01:35:13,Completed,483
8445,17,30,Prawn Masala,08-05-2023,18:05:03,Completed,494
8446,18,32,Chicken Burger,17-02-2023,04:24:48,Completed,233
8447,23,42,Egg Curry,26-08-2023,16:53:09,Completed,299
8448,17,55,Paneer Butter Masala,13-03-2023,17:52:39,Completed,168
8449,29,60,Paneer Lababdar,12-06-2023,15:57:48,Completed,573
8450,26,5,Paneer Butter Masala,07-11-2023,13:48:03,Completed,555
8451,20,10,Veg Burger,06-05-2023,00:24:37,Completed,294
8452,25,3,Chicken Biryani,15-07-2023,15:41:44,Completed,458
8453,18,45,Chicken Biryani,02-01-2023,10:06:06,Completed,259
8454,8,8,Chicken Biryani,17-03-2023,08:31:06,Completed,284
8455,7,58,Chole Bhature,05-02-2023,18:39:18,Completed,423
8456,25,51,Chole Bhature,26-03-2023,15:50:21,Completed,524
8457,1,36,Mutton Biryani,10-05-2023,09:19:36,Completed,558
8458,21,8,Samosa,12-07-2023,22:12:12,Completed,258
8459,33,31,Samosa,20-10-2023,00:44:36,Completed,277
8460,12,43,Rajma Chawal,10-07-2023,13:05:10,Completed,371
8461,3,11,Chicken Biryani,29-08-2023,11:22:46,Completed,324
8462,30,35,Paneer Butter Masala,29-04-2023,02:35:39,Completed,264
8463,27,21,Chole Bhature,12-12-2023,02:26:15,Completed,567
8464,2,45,Chicken Biryani,21-11-2023,21:32:49,Completed,374
8465,32,30,Paneer Butter Masala,02-09-2023,14:04:59,Completed,283
8466,13,57,Paneer Butter Masala,20-02-2023,15:37:39,Completed,296
8467,16,24,Mutton Biryani,30-01-2023,05:21:54,Completed,472
8468,33,3,Veg Burger,01-07-2023,19:15:14,Completed,510
8469,12,27,Paneer Lababdar,12-04-2023,03:26:18,Completed,353
8470,1,42,Chicken Burger,24-10-2023,14:38:34,Completed,326
8471,31,50,Paneer Lababdar,03-02-2023,09:18:17,Completed,425
8472,25,19,Chicken Biryani,06-07-2023,07:51:59,Completed,464
8473,10,57,Chicken Biryani,13-02-2023,13:48:43,Completed,517
8474,18,41,Rajma Chawal,28-05-2023,13:15:29,Completed,538
8475,26,32,Masala Dosa,11-08-2023,01:58:48,Completed,265
8476,19,20,Veg Burger,25-04-2023,13:40:56,Completed,471
8477,25,19,Rajma Chawal,23-02-2023,13:53:30,Completed,278
8478,15,19,Egg Curry,29-03-2023,18:27:16,Completed,394
8479,7,48,Samosa,26-03-2023,04:00:28,Completed,336
8480,22,15,Veg Burger,29-07-2023,03:26:19,Completed,533
8481,19,31,Prawn Masala,27-11-2023,23:45:33,Completed,351
8482,12,43,Veg Burger,05-06-2023,00:28:22,Completed,257
8483,22,32,Veg Burger,01-07-2023,16:20:37,Completed,212
8484,4,52,Veg Biryani,24-02-2023,14:07:46,Completed,267
8485,17,41,Chole Bhature,09-12-2023,07:44:08,Completed,376
8486,22,34,Pasta Alfredo,15-12-2023,18:29:39,Completed,283
8487,6,20,Egg Curry,11-12-2023,04:09:14,Completed,461
8488,8,41,Paneer Lababdar,19-12-2023,05:51:01,Completed,210
8489,4,45,Mutton Biryani,21-12-2023,15:53:01,Completed,413
8490,12,53,Egg Curry,15-12-2023,21:02:21,Completed,496
8491,14,16,Chole Bhature,31-03-2023,15:23:20,Completed,275
8492,5,51,Rajma Chawal,15-02-2023,06:18:16,Completed,227
8493,23,17,Paneer Butter Masala,21-04-2023,16:48:42,Completed,345
8494,2,51,Egg Curry,18-11-2023,16:09:06,Completed,303
8495,24,10,Egg Curry,30-12-2023,22:55:07,Completed,288
8496,11,58,Prawn Masala,07-09-2023,16:44:45,Completed,523
8497,16,50,Rajma Chawal,13-09-2023,16:33:02,Completed,269
8498,15,29,Paneer Lababdar,11-09-2023,09:30:48,Completed,202
8499,31,2,Chicken Burger,24-11-2023,19:27:58,Completed,468
8500,20,54,Rajma Chawal,01-09-2023,15:47:32,Completed,282
8501,12,13,Paneer Lababdar,06-02-2023,10:57:44,Completed,330
8502,20,32,Egg Curry,29-07-2023,12:06:50,Completed,414
8503,14,47,Prawn Masala,07-12-2023,04:47:00,Completed,192
8504,16,57,Veg Biryani,22-02-2023,15:08:43,Completed,237
8505,27,25,Paneer Lababdar,10-03-2023,18:03:17,Completed,257
8506,4,9,Mutton Biryani,09-03-2023,05:51:40,Completed,527
8507,15,59,Paneer Lababdar,24-09-2023,18:16:12,Completed,174
8508,8,59,Egg Curry,02-08-2023,01:21:24,Completed,503
8509,4,32,Veg Biryani,23-05-2023,10:58:48,Completed,525
8510,4,33,Chicken Burger,05-10-2023,11:52:58,Completed,170
8511,8,40,Veg Biryani,21-06-2023,19:32:25,Completed,435
8512,16,51,Mutton Biryani,23-03-2023,13:02:57,Completed,397
8513,4,60,Chicken Burger,27-02-2023,04:53:25,Completed,362
8514,23,29,Paneer Butter Masala,01-02-2023,14:30:03,Completed,157
8515,2,45,Veg Burger,13-10-2023,00:09:39,Completed,176
8516,10,33,Paneer Butter Masala,09-07-2023,09:00:26,Completed,420
8517,24,57,Paneer Butter Masala,31-10-2023,23:13:10,Completed,319
8518,7,7,Veg Burger,28-01-2023,01:27:50,Completed,297
8519,3,10,Masala Dosa,06-02-2023,12:14:50,Completed,493
8520,9,2,Prawn Masala,18-01-2023,15:25:32,Completed,493
8521,33,52,Veg Biryani,29-06-2023,13:15:23,Completed,211
8522,32,23,Masala Dosa,01-01-2024,18:39:21,Completed,413
8523,19,6,Rajma Chawal,19-11-2023,00:46:35,Completed,321
8524,13,28,Prawn Masala,11-12-2023,13:09:24,Completed,193
8525,27,11,Rajma Chawal,29-09-2023,18:02:06,Completed,548
8526,4,47,Pasta Alfredo,21-03-2023,04:07:38,Completed,222
8527,28,26,Chole Bhature,28-02-2023,18:07:12,Completed,315
8528,7,40,Paneer Lababdar,24-12-2023,19:48:23,Completed,276
8529,10,43,Pasta Alfredo,21-03-2023,05:28:41,Completed,260
8530,10,52,Egg Curry,01-03-2023,08:42:18,Completed,434
8531,2,40,Masala Dosa,11-10-2023,04:17:14,Completed,390
8532,32,48,Chole Bhature,20-03-2023,06:26:41,Completed,403
8533,30,38,Egg Curry,15-03-2023,06:02:31,Completed,395
8534,27,11,Egg Curry,10-02-2023,13:40:49,Completed,186
8535,21,12,Chole Bhature,16-06-2023,15:28:22,Completed,514
8536,6,37,Paneer Butter Masala,18-02-2023,20:46:05,Completed,439
8537,13,48,Veg Burger,27-07-2023,15:24:27,Completed,354
8538,23,38,Veg Biryani,21-08-2023,00:04:11,Completed,590
8539,9,1,Paneer Lababdar,01-02-2023,15:00:07,Completed,199
8540,31,28,Paneer Lababdar,18-09-2023,07:15:45,Completed,489
8541,20,1,Samosa,07-04-2023,04:29:48,Completed,363
8542,28,26,Paneer Lababdar,31-03-2023,10:16:55,Completed,271
8543,26,40,Chicken Biryani,06-07-2023,04:55:32,Completed,462
8544,18,59,Masala Dosa,18-10-2023,02:38:17,Completed,255
8545,11,52,Butter Chicken,08-03-2023,05:05:48,Completed,440
8546,17,12,Chicken Biryani,15-07-2023,23:03:43,Completed,447
8547,33,14,Pasta Alfredo,09-01-2023,15:54:20,Completed,190
8548,25,15,Paneer Butter Masala,31-08-2023,18:13:03,Completed,373
8549,30,57,Egg Curry,12-02-2023,19:32:09,Completed,220
8550,16,41,Veg Biryani,08-04-2023,02:27:16,Completed,495
8551,21,4,Chicken Biryani,15-09-2023,17:33:08,Completed,237
8552,31,49,Pasta Alfredo,28-04-2023,17:16:22,Completed,574
8553,15,54,Butter Chicken,09-01-2023,17:03:51,Completed,515
8554,28,4,Chicken Biryani,23-04-2023,05:42:31,Completed,502
8555,3,34,Pasta Alfredo,24-02-2023,10:33:34,Completed,411
8556,6,46,Veg Burger,23-09-2023,23:33:17,Completed,238
8557,13,29,Prawn Masala,02-12-2023,00:31:20,Completed,239
8558,8,15,Chicken Biryani,04-12-2023,03:30:52,Completed,400
8559,15,11,Mutton Biryani,19-11-2023,07:35:08,Completed,192
8560,9,30,Paneer Butter Masala,08-08-2023,07:33:02,Completed,185
8561,7,21,Paneer Butter Masala,21-03-2023,22:14:51,Completed,369
8562,7,6,Samosa,08-04-2023,17:57:23,Completed,358
8563,11,47,Prawn Masala,04-05-2023,09:34:54,Completed,585
8564,33,33,Paneer Butter Masala,26-05-2023,13:35:10,Completed,480
8565,17,19,Pasta Alfredo,03-01-2023,11:09:18,Completed,300
8566,33,24,Rajma Chawal,28-07-2023,20:57:23,Completed,460
8567,9,21,Prawn Masala,20-10-2023,23:46:52,Completed,270
8568,20,45,Chicken Biryani,13-08-2023,16:47:21,Completed,590
8569,7,48,Veg Burger,25-07-2023,06:50:47,Completed,195
8570,27,55,Egg Curry,24-07-2023,12:56:38,Completed,372
8571,24,39,Egg Curry,13-03-2023,05:00:03,Completed,301
8572,25,11,Chicken Burger,01-05-2023,08:43:42,Completed,511
8573,31,2,Samosa,23-05-2023,01:01:30,Completed,527
8574,28,35,Veg Burger,10-05-2023,14:12:57,Completed,371
8575,7,33,Chicken Burger,24-06-2023,12:54:43,Completed,586
8576,20,35,Pasta Alfredo,13-09-2023,19:36:19,Completed,151
8577,32,32,Veg Biryani,28-04-2023,14:51:49,Completed,287
8578,31,57,Butter Chicken,11-03-2023,09:17:20,Completed,510
8579,7,19,Masala Dosa,19-12-2023,23:49:24,Completed,292
8580,6,25,Veg Burger,12-09-2023,19:41:01,Completed,362
8581,14,18,Veg Burger,02-02-2023,10:39:06,Completed,159
8582,19,51,Mutton Biryani,21-10-2023,15:02:46,Completed,536
8583,21,56,Butter Chicken,18-05-2023,21:46:02,Completed,163
8584,21,28,Egg Curry,19-10-2023,13:09:13,Completed,316
8585,10,18,Veg Burger,21-04-2023,15:29:02,Completed,445
8586,13,50,Mutton Biryani,27-06-2023,22:59:31,Completed,387
8587,13,40,Mutton Biryani,17-01-2023,02:13:34,Completed,357
8588,30,54,Veg Biryani,02-07-2023,17:30:58,Completed,257
8589,23,25,Paneer Butter Masala,25-03-2023,22:21:42,Completed,559
8590,33,53,Chole Bhature,04-01-2023,05:42:22,Completed,492
8591,11,32,Egg Curry,23-04-2023,23:31:46,Completed,482
8592,12,28,Chole Bhature,31-10-2023,01:42:09,Completed,335
8593,29,49,Veg Biryani,23-01-2023,10:29:22,Completed,578
8594,9,38,Paneer Lababdar,28-06-2023,19:42:54,Completed,372
8595,16,36,Chicken Biryani,28-11-2023,19:05:36,Completed,520
8596,30,20,Chicken Burger,13-11-2023,17:48:14,Completed,400
8597,3,25,Veg Biryani,08-09-2023,23:44:17,Completed,547
8598,1,41,Rajma Chawal,27-09-2023,04:06:39,Completed,358
8599,24,3,Paneer Lababdar,28-11-2023,03:19:09,Completed,582
8600,24,15,Egg Curry,12-10-2023,05:16:24,Completed,255
8601,32,9,Prawn Masala,31-07-2023,12:27:34,Completed,382
8602,15,59,Pasta Alfredo,04-11-2023,13:52:20,Completed,340
8603,21,56,Chicken Burger,14-06-2023,01:53:36,Completed,204
8604,17,28,Egg Curry,27-08-2023,22:50:08,Completed,158
8605,19,4,Chole Bhature,17-09-2023,05:12:09,Completed,317
8606,16,47,Paneer Lababdar,11-12-2023,21:58:29,Completed,154
8607,22,17,Butter Chicken,27-12-2023,04:45:51,Completed,535
8608,5,29,Pasta Alfredo,28-02-2023,02:25:42,Completed,591
8609,2,37,Chicken Burger,11-09-2023,05:11:29,Completed,520
8610,26,5,Pasta Alfredo,18-07-2023,01:52:58,Completed,230
8611,13,52,Veg Biryani,16-06-2023,04:53:55,Completed,346
8612,23,25,Prawn Masala,17-06-2023,22:16:39,Completed,553
8613,26,59,Veg Burger,17-04-2023,13:04:22,Completed,286
8614,31,1,Chicken Burger,11-12-2023,06:10:10,Completed,236
8615,22,48,Paneer Butter Masala,01-10-2023,00:48:59,Completed,444
8616,29,25,Masala Dosa,22-05-2023,10:54:33,Completed,370
8617,12,16,Rajma Chawal,17-01-2023,22:03:35,Completed,391
8618,9,8,Pasta Alfredo,23-01-2023,00:04:39,Completed,425
8619,5,42,Rajma Chawal,24-02-2023,09:36:26,Completed,486
8620,5,17,Paneer Butter Masala,26-11-2023,14:51:54,Completed,534
8621,22,14,Samosa,07-03-2023,09:29:35,Completed,493
8622,1,21,Prawn Masala,09-08-2023,10:12:08,Completed,420
8623,14,19,Masala Dosa,20-10-2023,21:24:35,Completed,344
8624,2,2,Egg Curry,17-01-2023,12:37:42,Completed,190
8625,5,46,Prawn Masala,29-11-2023,13:19:20,Completed,200
8626,5,48,Paneer Butter Masala,21-06-2023,08:15:43,Completed,280
8627,11,47,Chicken Biryani,13-01-2023,00:27:22,Completed,178
8628,13,27,Mutton Biryani,30-10-2023,11:24:42,Completed,558
8629,19,56,Masala Dosa,20-11-2023,08:45:44,Completed,239
8630,1,36,Chicken Burger,14-07-2023,06:01:38,Completed,268
8631,20,17,Samosa,11-09-2023,08:26:09,Completed,269
8632,1,33,Paneer Butter Masala,19-08-2023,20:19:53,Completed,536
8633,19,34,Butter Chicken,30-04-2023,04:15:25,Completed,292
8634,24,14,Chicken Biryani,27-12-2023,03:59:51,Completed,409
8635,7,14,Egg Curry,13-12-2023,02:31:51,Completed,209
8636,15,22,Pasta Alfredo,05-07-2023,09:31:38,Completed,216
8637,6,53,Chole Bhature,25-07-2023,07:22:21,Completed,572
8638,3,17,Prawn Masala,11-05-2023,11:03:44,Completed,211
8639,22,11,Egg Curry,17-10-2023,14:37:47,Completed,155
8640,6,9,Butter Chicken,12-06-2023,02:47:12,Completed,238
8641,31,34,Paneer Butter Masala,25-11-2023,12:28:52,Completed,298
8642,27,54,Egg Curry,10-10-2023,01:18:34,Completed,549
8643,12,4,Pasta Alfredo,21-10-2023,02:46:38,Completed,532
8644,32,34,Paneer Butter Masala,02-03-2023,15:13:55,Completed,160
8645,3,15,Paneer Butter Masala,19-07-2023,15:32:21,Completed,154
8646,4,13,Samosa,07-09-2023,03:37:00,Completed,492
8647,28,44,Paneer Butter Masala,25-05-2023,15:50:04,Completed,220
8648,32,30,Mutton Biryani,28-11-2023,23:18:51,Completed,281
8649,26,47,Veg Biryani,23-08-2023,21:20:51,Completed,323
8650,15,15,Paneer Lababdar,29-11-2023,11:18:23,Completed,458
8651,22,3,Veg Biryani,16-11-2023,06:59:33,Completed,284
8652,27,41,Veg Burger,12-04-2023,02:07:11,Completed,546
8653,10,59,Veg Biryani,21-02-2023,13:57:44,Completed,171
8654,25,58,Samosa,05-11-2023,17:42:33,Completed,240
8655,6,54,Prawn Masala,20-07-2023,08:43:46,Completed,203
8656,6,16,Chicken Burger,03-08-2023,11:20:16,Completed,519
8657,25,5,Masala Dosa,16-11-2023,14:30:51,Completed,213
8658,32,49,Pasta Alfredo,28-02-2023,03:43:05,Completed,200
8659,8,18,Pasta Alfredo,19-07-2023,19:20:30,Completed,369
8660,10,7,Paneer Lababdar,17-12-2023,09:03:58,Completed,360
8661,14,22,Chicken Burger,06-10-2023,23:42:18,Completed,484
8662,15,60,Butter Chicken,05-09-2023,15:21:30,Completed,315
8663,23,17,Samosa,26-09-2023,08:43:57,Completed,259
8664,25,35,Veg Burger,10-11-2023,20:35:18,Completed,560
8665,13,29,Samosa,03-12-2023,18:26:43,Completed,218
8666,22,38,Butter Chicken,02-05-2023,03:11:25,Completed,493
8667,31,49,Egg Curry,25-05-2023,16:13:37,Completed,227
8668,21,56,Chicken Burger,02-05-2023,06:09:24,Completed,580
8669,7,29,Prawn Masala,06-05-2023,23:17:40,Completed,525
8670,30,19,Paneer Butter Masala,12-12-2023,08:22:23,Completed,265
8671,18,37,Butter Chicken,03-11-2023,11:13:08,Completed,401
8672,17,38,Butter Chicken,17-08-2023,17:14:12,Completed,441
8673,2,22,Rajma Chawal,27-10-2023,02:32:10,Completed,573
8674,32,44,Paneer Butter Masala,08-09-2023,08:17:18,Completed,400
8675,17,45,Paneer Butter Masala,18-06-2023,01:28:04,Completed,194
8676,4,23,Paneer Lababdar,04-05-2023,12:52:59,Completed,429
8677,29,5,Egg Curry,08-08-2023,16:09:35,Completed,327
8678,1,6,Butter Chicken,29-11-2023,03:17:58,Completed,308
8679,32,50,Egg Curry,16-12-2023,22:14:39,Completed,517
8680,19,5,Chicken Burger,19-09-2023,06:10:52,Completed,314
8681,29,24,Chicken Biryani,12-06-2023,21:58:15,Completed,216
8682,11,22,Chicken Biryani,16-12-2023,09:28:12,Completed,576
8683,3,14,Prawn Masala,21-04-2023,11:09:58,Completed,495
8684,1,29,Mutton Biryani,15-10-2023,17:27:04,Completed,352
8685,18,24,Pasta Alfredo,25-11-2023,15:32:57,Completed,477
8686,24,32,Butter Chicken,21-05-2023,10:43:25,Completed,450
8687,5,56,Rajma Chawal,15-02-2023,03:29:26,Completed,424
8688,28,21,Butter Chicken,14-10-2023,02:05:48,Completed,174
8689,33,30,Pasta Alfredo,05-08-2023,08:00:29,Completed,219
8690,4,55,Egg Curry,11-03-2023,09:07:28,Completed,263
8691,30,23,Paneer Butter Masala,27-05-2023,09:59:32,Completed,390
8692,17,38,Chole Bhature,04-01-2023,09:52:46,Completed,160
8693,7,43,Veg Burger,03-08-2023,05:52:52,Completed,161
8694,19,46,Rajma Chawal,02-10-2023,15:15:02,Completed,571
8695,3,7,Egg Curry,14-02-2023,14:50:32,Completed,339
8696,20,57,Masala Dosa,10-05-2023,04:31:38,Completed,500
8697,15,36,Chole Bhature,24-06-2023,21:27:18,Completed,305
8698,20,1,Pasta Alfredo,17-04-2023,19:07:39,Completed,189
8699,28,52,Paneer Lababdar,08-07-2023,11:01:54,Completed,278
8700,23,13,Chicken Biryani,29-01-2023,22:31:46,Completed,185
8701,8,43,Prawn Masala,06-06-2023,20:56:44,Completed,496
8702,16,17,Chicken Biryani,08-10-2023,07:28:25,Completed,267
8703,11,38,Prawn Masala,21-05-2023,02:52:43,Completed,509
8704,2,4,Masala Dosa,31-01-2023,10:08:49,Completed,440
8705,3,20,Pasta Alfredo,07-12-2023,22:57:31,Completed,568
8706,32,36,Egg Curry,25-10-2023,22:20:49,Completed,457
8707,20,50,Pasta Alfredo,13-11-2023,08:54:18,Completed,213
8708,25,4,Mutton Biryani,06-02-2023,20:12:01,Completed,502
8709,17,37,Chicken Burger,18-02-2023,21:28:57,Completed,522
8710,3,19,Rajma Chawal,26-10-2023,18:40:49,Completed,504
8711,22,48,Samosa,28-03-2023,02:34:17,Completed,550
8712,29,38,Chole Bhature,14-01-2023,00:17:38,Completed,167
8713,13,53,Paneer Lababdar,07-03-2023,13:11:09,Completed,355
8714,26,52,Paneer Butter Masala,29-04-2023,21:27:39,Completed,227
8715,19,56,Veg Burger,25-03-2023,04:58:34,Completed,519
8716,18,47,Veg Burger,01-07-2023,21:03:48,Completed,584
8717,2,14,Rajma Chawal,19-06-2023,08:46:03,Completed,331
8718,16,18,Masala Dosa,20-06-2023,09:19:45,Completed,485
8719,9,9,Veg Burger,04-04-2023,23:15:20,Completed,432
8720,23,27,Chole Bhature,09-08-2023,14:03:46,Completed,158
8721,22,45,Chicken Biryani,23-05-2023,17:20:22,Completed,524
8722,13,1,Chicken Biryani,03-06-2023,06:39:21,Completed,375
8723,3,3,Pasta Alfredo,13-11-2023,12:06:32,Completed,425
8724,11,2,Veg Biryani,11-09-2023,05:07:55,Completed,434
8725,32,16,Rajma Chawal,21-08-2023,10:32:17,Completed,250
8726,30,38,Veg Biryani,19-10-2023,03:15:31,Completed,368
8727,8,42,Paneer Butter Masala,01-02-2023,19:34:47,Completed,230
8728,30,6,Masala Dosa,21-08-2023,21:37:29,Completed,551
8729,12,46,Chicken Biryani,20-06-2023,20:35:26,Completed,183
8730,14,5,Veg Biryani,19-07-2023,23:18:03,Completed,408
8731,20,15,Mutton Biryani,19-05-2023,01:45:09,Completed,566
8732,11,36,Butter Chicken,03-08-2023,19:39:47,Completed,436
8733,4,3,Masala Dosa,23-08-2023,09:01:22,Completed,214
8734,25,50,Prawn Masala,28-06-2023,07:52:40,Completed,209
8735,7,31,Chicken Burger,18-10-2023,06:26:29,Completed,429
8736,9,57,Chicken Burger,06-12-2023,04:43:28,Completed,251
8737,3,13,Butter Chicken,11-11-2023,18:32:44,Completed,393
8738,27,60,Mutton Biryani,22-08-2023,11:12:37,Completed,249
8739,13,8,Chole Bhature,29-12-2023,10:46:25,Completed,522
8740,12,28,Mutton Biryani,12-10-2023,08:40:15,Completed,468
8741,24,41,Butter Chicken,23-01-2023,00:19:13,Completed,519
8742,25,27,Chicken Biryani,19-11-2023,09:08:58,Completed,406
8743,4,7,Butter Chicken,17-01-2023,05:36:48,Completed,450
8744,20,40,Mutton Biryani,09-09-2023,22:03:17,Completed,554
8745,29,2,Veg Burger,06-08-2023,14:47:30,Completed,520
8746,33,14,Mutton Biryani,01-01-2023,16:48:58,Completed,384
8747,32,1,Veg Burger,26-07-2023,09:21:57,Completed,388
8748,11,40,Mutton Biryani,10-05-2023,17:08:47,Completed,568
8749,16,42,Veg Biryani,01-10-2023,05:21:09,Completed,551
8750,3,39,Veg Biryani,29-12-2023,19:45:40,Completed,485
8751,30,50,Veg Biryani,13-02-2023,18:49:27,Completed,201
8752,29,5,Butter Chicken,19-04-2023,20:12:29,Completed,559
8753,7,51,Chicken Biryani,30-04-2023,08:26:18,Completed,174
8754,23,46,Chicken Biryani,22-12-2023,14:45:23,Completed,527
8755,5,60,Veg Burger,31-03-2023,22:06:15,Completed,541
8756,3,27,Samosa,20-03-2023,07:23:49,Completed,261
8757,24,30,Rajma Chawal,02-08-2023,21:50:01,Completed,543
8758,1,5,Mutton Biryani,08-07-2023,02:04:01,Completed,526
8759,24,13,Mutton Biryani,29-05-2023,09:34:09,Completed,292
8760,21,53,Masala Dosa,10-03-2023,03:35:36,Completed,256
8761,28,36,Prawn Masala,04-07-2023,06:46:21,Completed,517
8762,10,53,Egg Curry,22-11-2023,17:59:03,Completed,396
8763,28,40,Mutton Biryani,15-10-2023,13:11:02,Completed,516
8764,20,44,Samosa,22-09-2023,04:18:37,Completed,325
8765,17,58,Masala Dosa,17-03-2023,19:56:21,Completed,319
8766,27,57,Veg Burger,25-10-2023,06:02:30,Completed,170
8767,20,30,Rajma Chawal,16-03-2023,11:31:18,Completed,331
8768,31,10,Paneer Lababdar,05-04-2023,00:24:55,Completed,261
8769,10,21,Chicken Burger,29-07-2023,15:04:47,Completed,303
8770,5,11,Paneer Lababdar,05-05-2023,07:13:52,Completed,169
8771,18,41,Prawn Masala,23-03-2023,18:10:44,Completed,310
8772,16,23,Masala Dosa,24-09-2023,18:37:00,Completed,273
8773,30,45,Paneer Lababdar,04-02-2023,20:42:46,Completed,189
8774,13,8,Mutton Biryani,23-10-2023,12:05:17,Completed,254
8775,10,60,Veg Biryani,19-01-2023,09:05:39,Completed,542
8776,26,60,Samosa,13-01-2023,17:14:55,Completed,332
8777,19,49,Mutton Biryani,18-03-2023,17:45:59,Completed,292
8778,33,53,Veg Burger,12-08-2023,05:09:39,Completed,533
8779,13,54,Masala Dosa,03-04-2023,00:16:45,Completed,229
8780,2,58,Paneer Lababdar,26-05-2023,12:25:23,Completed,245
8781,14,12,Pasta Alfredo,01-07-2023,03:03:06,Completed,372
8782,21,8,Masala Dosa,24-08-2023,01:11:50,Completed,321
8783,2,41,Butter Chicken,26-03-2023,02:32:11,Completed,202
8784,18,44,Mutton Biryani,09-08-2023,16:36:32,Completed,151
8785,28,43,Prawn Masala,05-08-2023,00:57:08,Completed,426
8786,19,56,Prawn Masala,08-09-2023,00:11:56,Completed,425
8787,28,50,Chicken Burger,11-09-2023,15:49:44,Completed,182
8788,17,56,Pasta Alfredo,13-08-2023,15:35:38,Completed,389
8789,3,36,Mutton Biryani,08-01-2023,16:17:17,Completed,361
8790,14,21,Paneer Butter Masala,28-08-2023,06:19:47,Completed,415
8791,10,17,Prawn Masala,08-05-2023,13:16:23,Completed,260
8792,24,45,Veg Burger,16-08-2023,22:30:44,Completed,392
8793,3,40,Egg Curry,01-09-2023,12:04:02,Completed,159
8794,15,12,Paneer Lababdar,24-01-2023,16:24:31,Completed,346
8795,12,15,Chole Bhature,10-11-2023,04:40:14,Completed,520
8796,3,19,Chicken Biryani,05-01-2023,22:12:54,Completed,156
8797,14,14,Chicken Biryani,04-08-2023,21:30:25,Completed,347
8798,17,24,Chicken Biryani,02-12-2023,10:18:31,Completed,364
8799,5,56,Veg Burger,01-06-2023,17:36:34,Completed,565
8800,31,4,Chicken Burger,26-04-2023,15:39:58,Completed,438
8801,20,25,Egg Curry,24-04-2023,10:10:23,Completed,332
8802,13,37,Egg Curry,22-02-2023,06:41:36,Completed,375
8803,32,35,Samosa,18-07-2023,15:02:06,Completed,529
8804,30,37,Chicken Biryani,15-02-2023,12:09:37,Completed,527
8805,21,8,Samosa,07-10-2023,02:54:12,Completed,345
8806,8,37,Chole Bhature,27-08-2023,16:54:59,Completed,171
8807,26,13,Chicken Biryani,30-05-2023,18:49:59,Completed,328
8808,20,7,Chole Bhature,24-12-2023,11:11:12,Completed,430
8809,22,59,Egg Curry,02-10-2023,04:48:19,Completed,290
8810,16,39,Egg Curry,25-05-2023,12:49:51,Completed,176
8811,30,43,Rajma Chawal,21-04-2023,03:28:12,Completed,367
8812,16,51,Prawn Masala,21-05-2023,12:45:01,Completed,203
8813,17,35,Veg Biryani,25-05-2023,12:15:28,Completed,448
8814,13,38,Paneer Butter Masala,15-06-2023,17:17:59,Completed,387
8815,10,25,Paneer Butter Masala,05-01-2023,12:52:09,Completed,566
8816,3,58,Chicken Burger,19-09-2023,19:18:32,Completed,279
8817,20,44,Samosa,21-04-2023,12:04:13,Completed,194
8818,25,6,Paneer Butter Masala,14-04-2023,05:27:25,Completed,255
8819,19,42,Butter Chicken,30-09-2023,20:54:52,Completed,531
8820,32,27,Chicken Biryani,13-09-2023,03:03:50,Completed,173
8821,15,48,Butter Chicken,11-09-2023,01:54:50,Completed,239
8822,25,12,Masala Dosa,24-03-2023,23:26:59,Completed,324
8823,13,46,Masala Dosa,09-04-2023,14:14:03,Completed,384
8824,11,27,Rajma Chawal,13-02-2023,06:59:55,Completed,356
8825,5,26,Rajma Chawal,12-06-2023,21:25:31,Completed,550
8826,9,25,Pasta Alfredo,06-12-2023,08:20:30,Completed,220
8827,1,9,Pasta Alfredo,18-10-2023,20:23:51,Completed,438
8828,20,24,Masala Dosa,01-07-2023,18:49:23,Completed,419
8829,16,2,Rajma Chawal,29-03-2023,02:52:41,Completed,192
8830,28,51,Egg Curry,03-09-2023,08:04:52,Completed,386
8831,2,23,Paneer Lababdar,25-08-2023,00:20:03,Completed,331
8832,24,31,Masala Dosa,02-05-2023,15:03:54,Completed,476
8833,2,32,Paneer Butter Masala,01-03-2023,07:07:08,Completed,410
8834,28,17,Pasta Alfredo,05-04-2023,06:42:22,Completed,472
8835,3,55,Veg Burger,16-11-2023,02:48:40,Completed,442
8836,29,47,Pasta Alfredo,28-07-2023,03:18:24,Completed,393
8837,21,51,Paneer Butter Masala,18-06-2023,15:47:33,Completed,383
8838,17,31,Chicken Biryani,28-11-2023,22:48:01,Completed,341
8839,10,53,Veg Burger,21-09-2023,13:54:14,Completed,394
8840,13,27,Butter Chicken,29-05-2023,07:57:14,Completed,462
8841,16,50,Mutton Biryani,15-12-2023,01:15:41,Completed,556
8842,6,45,Pasta Alfredo,15-01-2023,14:08:50,Completed,270
8843,11,31,Veg Biryani,08-09-2023,14:07:16,Completed,384
8844,1,53,Prawn Masala,23-06-2023,22:38:07,Completed,512
8845,19,21,Veg Burger,14-06-2023,06:36:24,Completed,270
8846,31,39,Pasta Alfredo,05-02-2023,17:13:08,Completed,174
8847,18,13,Pasta Alfredo,28-11-2023,20:47:30,Completed,239
8848,15,47,Chole Bhature,09-05-2023,13:44:39,Completed,255
8849,14,2,Rajma Chawal,16-02-2023,08:41:18,Completed,524
8850,1,28,Rajma Chawal,03-11-2023,00:36:59,Completed,470
8851,9,30,Paneer Lababdar,14-05-2023,20:23:57,Completed,203
8852,12,53,Mutton Biryani,06-03-2023,21:48:47,Completed,345
8853,2,5,Chicken Burger,22-01-2023,09:50:47,Completed,161
8854,19,23,Rajma Chawal,17-10-2023,01:17:40,Completed,455
8855,18,50,Egg Curry,02-03-2023,07:37:00,Completed,508
8856,27,60,Chicken Biryani,27-04-2023,04:01:30,Completed,313
8857,5,27,Veg Burger,09-12-2023,02:59:39,Completed,441
8858,5,45,Veg Biryani,04-09-2023,10:14:42,Completed,284
8859,9,60,Masala Dosa,20-06-2023,22:35:00,Completed,463
8860,24,4,Prawn Masala,29-01-2023,11:48:41,Completed,574
8861,16,29,Rajma Chawal,24-04-2023,12:47:30,Completed,150
8862,8,9,Rajma Chawal,07-10-2023,05:55:38,Completed,222
8863,32,30,Pasta Alfredo,29-03-2023,22:25:40,Completed,252
8864,23,44,Chicken Biryani,14-08-2023,14:26:06,Completed,578
8865,8,29,Veg Burger,05-08-2023,22:46:02,Completed,242
8866,23,59,Samosa,28-04-2023,10:37:43,Completed,196
8867,19,23,Pasta Alfredo,28-11-2023,16:51:38,Completed,597
8868,33,58,Butter Chicken,01-12-2023,12:32:37,Completed,539
8869,3,15,Chicken Burger,26-01-2023,21:23:48,Completed,452
8870,11,33,Mutton Biryani,23-08-2023,01:47:02,Completed,400
8871,11,53,Prawn Masala,17-07-2023,05:25:28,Completed,458
8872,20,22,Samosa,06-10-2023,00:46:05,Completed,385
8873,31,32,Butter Chicken,02-05-2023,04:38:06,Completed,289
8874,8,39,Egg Curry,30-12-2023,16:12:33,Completed,466
8875,17,60,Veg Biryani,07-12-2023,17:58:56,Completed,581
8876,33,44,Paneer Butter Masala,14-10-2023,03:27:32,Completed,597
8877,28,53,Prawn Masala,16-10-2023,12:38:02,Completed,243
8878,17,30,Egg Curry,09-08-2023,16:52:45,Completed,254
8879,16,6,Mutton Biryani,29-01-2023,15:25:52,Completed,322
8880,11,53,Paneer Lababdar,26-03-2023,07:30:43,Completed,311
8881,29,19,Butter Chicken,29-09-2023,05:19:42,Completed,295
8882,19,28,Rajma Chawal,28-01-2023,17:43:08,Completed,329
8883,2,35,Chole Bhature,03-04-2023,10:03:04,Completed,235
8884,6,8,Veg Burger,16-09-2023,16:36:06,Completed,253
8885,8,16,Paneer Butter Masala,24-11-2023,06:04:34,Completed,364
8886,3,11,Egg Curry,31-07-2023,01:23:19,Completed,590
8887,31,21,Paneer Butter Masala,24-09-2023,23:21:36,Completed,365
8888,25,15,Paneer Butter Masala,17-09-2023,17:00:22,Completed,401
8889,7,52,Samosa,28-04-2023,11:27:40,Completed,202
8890,15,2,Mutton Biryani,22-12-2023,23:58:47,Completed,256
8891,24,45,Paneer Lababdar,21-12-2023,23:07:17,Completed,472
8892,28,32,Chicken Burger,17-10-2023,20:58:37,Completed,587
8893,1,28,Chole Bhature,30-05-2023,23:11:54,Completed,514
8894,32,21,Pasta Alfredo,22-11-2023,08:22:30,Completed,207
8895,33,10,Egg Curry,01-06-2023,00:09:20,Completed,237
8896,32,29,Paneer Butter Masala,21-12-2023,09:15:59,Completed,260
8897,24,24,Veg Burger,19-06-2023,10:00:24,Completed,229
8898,17,13,Veg Biryani,25-05-2023,11:31:57,Completed,223
8899,12,19,Pasta Alfredo,21-02-2023,18:21:53,Completed,595
8900,17,57,Chicken Burger,15-08-2023,22:06:32,Completed,541
8901,26,58,Masala Dosa,02-03-2023,13:30:11,Completed,288
8902,32,40,Veg Burger,30-04-2023,04:51:48,Completed,491
8903,16,44,Paneer Butter Masala,28-04-2023,06:13:03,Completed,564
8904,31,15,Rajma Chawal,10-07-2023,19:45:35,Completed,168
8905,4,20,Masala Dosa,18-08-2023,21:58:53,Completed,313
8906,4,32,Rajma Chawal,05-09-2023,11:28:29,Completed,460
8907,28,54,Mutton Biryani,26-07-2023,16:30:22,Completed,207
8908,7,17,Egg Curry,13-10-2023,00:23:25,Completed,341
8909,9,39,Masala Dosa,17-09-2023,04:21:55,Completed,357
8910,23,39,Chicken Burger,31-08-2023,16:45:03,Completed,230
8911,28,29,Veg Biryani,18-08-2023,08:34:01,Completed,312
8912,10,14,Samosa,17-01-2023,07:58:57,Completed,575
8913,29,55,Chole Bhature,02-08-2023,08:43:09,Completed,273
8914,9,2,Mutton Biryani,10-03-2023,13:55:14,Completed,192
8915,22,41,Rajma Chawal,19-07-2023,04:54:16,Completed,464
8916,6,40,Pasta Alfredo,06-11-2023,03:32:34,Completed,377
8917,10,49,Rajma Chawal,12-06-2023,01:44:07,Completed,265
8918,3,53,Masala Dosa,25-05-2023,16:30:55,Completed,217
8919,5,32,Mutton Biryani,20-12-2023,21:38:23,Completed,484
8920,21,19,Pasta Alfredo,30-01-2023,18:55:43,Completed,408
8921,15,38,Masala Dosa,31-01-2023,11:24:32,Completed,359
8922,22,37,Veg Biryani,20-05-2023,14:48:50,Completed,325
8923,32,60,Chicken Biryani,08-08-2023,06:42:28,Completed,342
8924,21,47,Chicken Burger,08-10-2023,04:41:11,Completed,305
8925,24,24,Paneer Butter Masala,10-11-2023,14:46:04,Completed,553
8926,15,14,Chicken Biryani,18-01-2023,08:53:59,Completed,339
8927,23,58,Egg Curry,15-08-2023,07:11:56,Completed,203
8928,12,32,Samosa,01-06-2023,15:48:38,Completed,364
8929,28,58,Egg Curry,17-07-2023,18:38:10,Completed,549
8930,21,31,Mutton Biryani,27-07-2023,08:39:58,Completed,177
8931,21,34,Chicken Burger,05-08-2023,07:32:10,Completed,184
8932,21,43,Chole Bhature,23-03-2023,15:08:04,Completed,469
8933,2,54,Butter Chicken,09-09-2023,20:34:30,Completed,294
8934,24,37,Paneer Lababdar,09-10-2023,10:51:25,Completed,404
8935,31,57,Chicken Biryani,15-04-2023,12:06:41,Completed,208
8936,14,2,Masala Dosa,17-06-2023,19:47:26,Completed,440
8937,31,25,Pasta Alfredo,11-02-2023,10:53:41,Completed,175
8938,30,1,Butter Chicken,10-10-2023,22:09:31,Completed,269
8939,33,43,Rajma Chawal,17-01-2023,16:57:34,Completed,351
8940,30,39,Prawn Masala,15-03-2023,23:05:01,Completed,288
8941,31,55,Chicken Burger,20-11-2023,10:58:08,Completed,317
8942,3,50,Masala Dosa,04-02-2023,08:12:06,Completed,292
8943,22,21,Egg Curry,01-02-2023,15:17:12,Completed,282
8944,8,19,Samosa,09-06-2023,13:16:51,Completed,402
8945,28,35,Chicken Biryani,11-03-2023,03:22:24,Completed,515
8946,2,43,Butter Chicken,07-10-2023,17:45:37,Completed,375
8947,12,12,Veg Burger,29-07-2023,00:54:36,Completed,206
8948,18,18,Egg Curry,23-01-2023,12:53:06,Completed,529
8949,28,29,Mutton Biryani,03-11-2023,22:54:41,Completed,361
8950,14,58,Paneer Lababdar,17-06-2023,11:01:01,Completed,418
8951,6,43,Prawn Masala,26-10-2023,17:38:44,Completed,524
8952,14,41,Egg Curry,02-02-2023,17:48:08,Completed,336
8953,27,51,Veg Biryani,12-09-2023,11:13:57,Completed,268
8954,11,10,Veg Burger,27-07-2023,01:07:36,Completed,533
8955,18,12,Chicken Burger,28-03-2023,14:23:16,Completed,291
8956,5,57,Samosa,22-07-2023,23:46:26,Completed,402
8957,23,60,Veg Biryani,23-04-2023,20:12:25,Completed,552
8958,3,56,Chicken Biryani,05-07-2023,21:54:23,Completed,266
8959,23,42,Paneer Lababdar,11-05-2023,21:01:20,Completed,366
8960,26,41,Chole Bhature,10-12-2023,16:27:54,Completed,181
8961,20,6,Paneer Lababdar,23-03-2023,16:32:10,Completed,444
8962,31,1,Prawn Masala,25-07-2023,04:47:18,Completed,360
8963,2,44,Pasta Alfredo,24-12-2023,03:41:06,Completed,439
8964,24,28,Egg Curry,24-01-2023,11:08:17,Completed,535
8965,24,2,Butter Chicken,07-12-2023,05:51:54,Completed,345
8966,8,34,Rajma Chawal,24-04-2023,22:07:46,Completed,514
8967,15,51,Veg Burger,13-02-2023,09:08:19,Completed,251
8968,29,48,Rajma Chawal,16-04-2023,10:53:03,Completed,161
8969,18,2,Chicken Biryani,04-06-2023,19:33:41,Completed,250
8970,32,3,Samosa,12-02-2023,13:45:33,Completed,166
8971,17,52,Chole Bhature,09-10-2023,16:48:57,Completed,516
8972,33,26,Paneer Lababdar,12-08-2023,11:52:34,Completed,600
8973,10,55,Chicken Biryani,02-10-2023,01:46:12,Completed,160
8974,8,58,Masala Dosa,28-02-2023,16:43:16,Completed,294
8975,30,44,Paneer Butter Masala,16-10-2023,02:14:51,Completed,311
8976,20,29,Veg Biryani,06-02-2023,04:52:42,Completed,299
8977,16,19,Chicken Burger,24-03-2023,20:31:52,Completed,301
8978,33,35,Prawn Masala,13-05-2023,21:26:45,Completed,411
8979,26,50,Butter Chicken,01-10-2023,19:51:39,Completed,448
8980,4,43,Butter Chicken,03-08-2023,08:48:10,Completed,562
8981,29,20,Chicken Burger,01-08-2023,19:46:39,Completed,580
8982,12,23,Pasta Alfredo,07-04-2023,00:48:52,Completed,588
8983,7,39,Pasta Alfredo,29-05-2023,00:51:05,Completed,178
8984,1,46,Mutton Biryani,30-05-2023,21:56:51,Completed,569
8985,30,52,Chicken Biryani,14-10-2023,21:09:48,Completed,451
8986,32,59,Pasta Alfredo,05-04-2023,09:02:24,Completed,269
8987,6,58,Prawn Masala,08-04-2023,21:48:40,Completed,342
8988,25,46,Chicken Burger,30-07-2023,17:04:33,Completed,188
8989,12,21,Chole Bhature,19-04-2023,23:28:35,Completed,279
8990,14,34,Chicken Burger,09-06-2023,05:20:32,Completed,432
8991,32,49,Chicken Burger,07-02-2023,14:36:36,Completed,485
8992,26,10,Butter Chicken,04-03-2023,13:57:49,Completed,294
8993,26,31,Chicken Biryani,13-08-2023,09:39:30,Completed,217
8994,12,39,Paneer Lababdar,18-11-2023,02:09:55,Completed,449
8995,6,2,Chicken Biryani,18-12-2023,06:15:20,Completed,592
8996,10,19,Prawn Masala,24-02-2023,21:29:55,Completed,232
8997,19,45,Masala Dosa,26-08-2023,20:17:11,Completed,292
8998,24,14,Veg Biryani,27-09-2023,22:56:36,Completed,295
8999,17,47,Mutton Biryani,18-02-2023,10:27:30,Completed,515
9000,16,6,Rajma Chawal,10-08-2023,06:50:49,Completed,205
9001,21,44,Paneer Lababdar,14-04-2023,19:59:51,Completed,208
9002,8,38,Masala Dosa,17-03-2023,17:04:29,Completed,294
9003,33,55,Butter Chicken,31-08-2023,22:33:54,Completed,419
9004,25,11,Masala Dosa,08-01-2023,18:54:47,Completed,597
9005,3,40,Veg Burger,28-06-2023,12:30:45,Completed,582
9006,11,37,Rajma Chawal,06-04-2023,11:57:00,Completed,303
9007,32,31,Paneer Butter Masala,07-02-2023,13:51:41,Completed,495
9008,11,5,Egg Curry,25-04-2023,15:25:29,Completed,154
9009,30,11,Veg Biryani,31-08-2023,11:17:16,Completed,179
9010,12,24,Pasta Alfredo,21-09-2023,01:33:07,Completed,314
9011,7,19,Prawn Masala,03-04-2023,14:49:54,Completed,172
9012,3,24,Prawn Masala,31-10-2023,15:50:20,Completed,513
9013,17,29,Chicken Biryani,03-12-2023,03:33:34,Completed,198
9014,6,19,Prawn Masala,14-06-2023,19:13:09,Completed,349
9015,24,44,Masala Dosa,07-08-2023,15:45:49,Completed,366
9016,28,57,Pasta Alfredo,13-12-2023,17:17:23,Completed,321
9017,13,53,Samosa,20-08-2023,14:27:41,Completed,313
9018,4,5,Chicken Biryani,20-10-2023,08:55:58,Completed,450
9019,13,35,Egg Curry,10-07-2023,23:29:11,Completed,569
9020,19,24,Masala Dosa,22-08-2023,20:48:17,Completed,381
9021,26,27,Veg Biryani,13-08-2023,19:09:41,Completed,164
9022,23,52,Mutton Biryani,05-03-2023,23:57:59,Completed,352
9023,4,50,Prawn Masala,13-10-2023,03:36:06,Completed,189
9024,33,9,Masala Dosa,28-04-2023,00:49:31,Completed,350
9025,9,43,Samosa,19-04-2023,09:30:51,Completed,469
9026,26,40,Veg Biryani,11-03-2023,13:48:58,Completed,494
9027,4,48,Veg Burger,06-04-2023,08:13:27,Completed,215
9028,30,46,Paneer Butter Masala,03-05-2023,00:42:35,Completed,164
9029,24,37,Samosa,26-01-2023,16:35:52,Completed,190
9030,5,26,Prawn Masala,28-04-2023,10:07:32,Completed,598
9031,23,19,Veg Biryani,12-04-2023,05:53:18,Completed,585
9032,27,9,Paneer Butter Masala,15-01-2023,19:21:38,Completed,596
9033,12,34,Masala Dosa,01-12-2023,07:24:50,Completed,590
9034,23,18,Mutton Biryani,15-09-2023,09:13:57,Completed,541
9035,4,11,Mutton Biryani,13-06-2023,07:55:42,Completed,372
9036,20,17,Masala Dosa,16-04-2023,21:30:40,Completed,307
9037,22,58,Samosa,07-12-2023,20:34:14,Completed,162
9038,1,1,Chole Bhature,09-05-2023,13:07:21,Completed,412
9039,8,54,Rajma Chawal,28-08-2023,23:21:40,Completed,520
9040,4,34,Samosa,10-02-2023,04:46:32,Completed,177
9041,12,9,Masala Dosa,24-11-2023,01:49:02,Completed,261
9042,4,38,Veg Burger,17-05-2023,14:02:54,Completed,487
9043,27,11,Chole Bhature,01-11-2023,03:33:13,Completed,451
9044,25,5,Veg Burger,10-11-2023,04:01:51,Completed,569
9045,33,47,Chicken Burger,19-12-2023,23:39:55,Completed,188
9046,17,25,Prawn Masala,22-05-2023,19:22:46,Completed,596
9047,5,40,Masala Dosa,08-12-2023,16:37:48,Completed,360
9048,14,35,Paneer Lababdar,30-10-2023,23:43:04,Completed,500
9049,6,57,Masala Dosa,30-05-2023,05:15:40,Completed,337
9050,26,8,Prawn Masala,11-02-2023,05:13:14,Completed,252
9051,15,45,Prawn Masala,28-01-2023,06:53:41,Completed,573
9052,10,24,Pasta Alfredo,03-10-2023,01:08:07,Completed,455
9053,2,33,Egg Curry,18-10-2023,04:42:43,Completed,564
9054,4,3,Veg Biryani,25-10-2023,00:15:20,Completed,215
9055,4,18,Pasta Alfredo,10-03-2023,18:27:08,Completed,403
9056,14,28,Samosa,26-04-2023,20:45:48,Completed,592
9057,30,41,Veg Burger,22-04-2023,14:17:44,Completed,537
9058,31,5,Samosa,02-09-2023,13:23:08,Completed,204
9059,5,12,Chicken Burger,13-03-2023,14:58:13,Completed,172
9060,12,34,Chicken Burger,02-05-2023,11:13:34,Completed,306
9061,7,11,Rajma Chawal,17-11-2023,17:36:50,Completed,208
9062,29,12,Prawn Masala,20-06-2023,05:47:19,Completed,341
9063,28,29,Masala Dosa,05-11-2023,05:28:00,Completed,545
9064,13,10,Samosa,03-02-2023,11:13:33,Completed,503
9065,21,29,Paneer Butter Masala,14-06-2023,19:03:37,Completed,211
9066,23,43,Samosa,21-11-2023,01:11:25,Completed,331
9067,29,45,Egg Curry,08-07-2023,00:25:11,Completed,180
9068,17,49,Paneer Butter Masala,21-05-2023,16:48:13,Completed,534
9069,28,2,Paneer Butter Masala,28-06-2023,18:51:33,Completed,378
9070,19,7,Chole Bhature,12-10-2023,00:03:14,Completed,197
9071,18,36,Mutton Biryani,10-01-2023,02:34:50,Completed,442
9072,10,32,Prawn Masala,17-09-2023,00:23:39,Completed,427
9073,10,49,Rajma Chawal,05-03-2023,23:31:48,Completed,396
9074,31,24,Paneer Butter Masala,01-03-2023,20:34:30,Completed,572
9075,27,30,Veg Biryani,20-05-2023,20:41:09,Completed,203
9076,23,55,Pasta Alfredo,14-04-2023,03:37:52,Completed,244
9077,26,33,Mutton Biryani,20-08-2023,20:59:27,Completed,303
9078,9,54,Egg Curry,15-08-2023,12:02:04,Completed,433
9079,11,41,Prawn Masala,11-08-2023,16:31:16,Completed,580
9080,5,30,Prawn Masala,29-01-2023,05:38:36,Completed,278
9081,8,17,Chicken Biryani,14-03-2023,10:47:06,Completed,518
9082,22,48,Pasta Alfredo,23-08-2023,14:21:17,Completed,376
9083,12,13,Veg Biryani,22-11-2023,23:02:21,Completed,155
9084,16,46,Veg Burger,13-04-2023,13:07:15,Completed,533
9085,18,36,Egg Curry,11-03-2023,17:50:01,Completed,342
9086,16,56,Chicken Biryani,03-09-2023,22:59:41,Completed,312
9087,28,31,Chicken Biryani,23-10-2023,11:01:29,Completed,312
9088,23,3,Chole Bhature,08-12-2023,11:58:34,Completed,563
9089,17,29,Egg Curry,16-03-2023,20:09:35,Completed,592
9090,10,60,Pasta Alfredo,11-07-2023,01:51:29,Completed,351
9091,5,54,Paneer Lababdar,12-05-2023,22:01:47,Completed,211
9092,20,38,Prawn Masala,15-04-2023,13:10:14,Completed,578
9093,31,28,Prawn Masala,30-11-2023,15:29:20,Completed,197
9094,14,50,Chicken Biryani,09-02-2023,20:46:26,Completed,172
9095,15,46,Rajma Chawal,21-03-2023,12:25:45,Completed,414
9096,22,3,Butter Chicken,02-02-2023,11:02:21,Completed,362
9097,4,11,Paneer Lababdar,08-03-2023,20:46:45,Completed,173
9098,1,26,Samosa,22-03-2023,07:34:45,Completed,457
9099,22,52,Samosa,26-10-2023,22:14:45,Completed,241
9100,18,41,Veg Biryani,25-10-2023,07:19:21,Completed,154
9101,12,41,Egg Curry,01-03-2023,09:11:43,Completed,397
9102,1,26,Masala Dosa,01-02-2023,17:14:18,Completed,466
9103,4,37,Veg Burger,20-03-2023,02:52:50,Completed,158
9104,5,49,Veg Burger,19-01-2023,00:41:50,Completed,384
9105,9,35,Paneer Lababdar,20-12-2023,14:38:54,Completed,439
9106,26,51,Chicken Biryani,12-02-2023,04:56:41,Completed,586
9107,32,20,Samosa,29-01-2023,02:29:57,Completed,562
9108,10,34,Paneer Butter Masala,17-04-2023,12:46:16,Completed,385
9109,27,47,Veg Biryani,12-02-2023,10:26:43,Completed,403
9110,22,22,Veg Burger,10-04-2023,16:40:17,Completed,522
9111,4,25,Chole Bhature,01-06-2023,11:56:39,Completed,457
9112,5,13,Rajma Chawal,18-01-2023,02:38:38,Completed,551
9113,16,27,Chicken Burger,20-07-2023,01:16:16,Completed,507
9114,28,44,Masala Dosa,09-04-2023,06:42:25,Completed,477
9115,8,15,Veg Burger,31-07-2023,08:45:12,Completed,544
9116,4,58,Butter Chicken,03-10-2023,08:54:00,Completed,523
9117,1,6,Samosa,19-12-2023,06:10:11,Completed,152
9118,6,46,Butter Chicken,13-03-2023,16:53:48,Completed,157
9119,5,24,Chicken Biryani,21-01-2023,07:19:13,Completed,435
9120,20,39,Butter Chicken,21-01-2023,23:13:37,Completed,166
9121,17,38,Rajma Chawal,20-01-2023,08:30:16,Completed,242
9122,1,2,Masala Dosa,17-11-2023,12:44:26,Completed,336
9123,10,41,Butter Chicken,18-11-2023,23:10:57,Completed,515
9124,11,11,Butter Chicken,29-08-2023,08:15:45,Completed,453
9125,8,10,Mutton Biryani,09-08-2023,21:51:22,Completed,202
9126,32,35,Masala Dosa,16-12-2023,23:53:59,Completed,409
9127,4,41,Masala Dosa,25-09-2023,21:39:11,Completed,220
9128,24,30,Veg Burger,28-02-2023,16:00:28,Completed,574
9129,6,32,Paneer Lababdar,07-03-2023,08:09:43,Completed,531
9130,25,51,Paneer Butter Masala,26-12-2023,03:52:59,Completed,462
9131,17,56,Paneer Butter Masala,02-05-2023,18:01:24,Completed,506
9132,9,48,Paneer Butter Masala,24-10-2023,08:55:25,Completed,297
9133,13,42,Masala Dosa,02-02-2023,10:40:08,Completed,414
9134,17,52,Veg Biryani,17-05-2023,05:21:44,Completed,353
9135,31,9,Chicken Biryani,02-06-2023,06:22:47,Completed,336
9136,9,23,Chole Bhature,07-09-2023,17:49:05,Completed,337
9137,17,42,Chole Bhature,05-05-2023,23:32:00,Completed,453
9138,3,19,Mutton Biryani,26-07-2023,18:49:05,Completed,589
9139,15,2,Chicken Biryani,15-05-2023,23:51:18,Completed,301
9140,31,51,Mutton Biryani,20-12-2023,00:53:26,Completed,429
9141,26,7,Mutton Biryani,03-06-2023,07:33:45,Completed,306
9142,32,14,Samosa,17-05-2023,16:48:30,Completed,157
9143,27,17,Veg Biryani,20-06-2023,02:50:59,Completed,572
9144,32,9,Masala Dosa,11-01-2023,09:11:44,Completed,563
9145,24,37,Chicken Biryani,16-10-2023,13:25:59,Completed,345
9146,31,12,Paneer Butter Masala,17-11-2023,01:43:03,Completed,308
9147,11,14,Samosa,09-03-2023,02:35:16,Completed,277
9148,31,13,Butter Chicken,03-12-2023,17:26:11,Completed,289
9149,21,39,Paneer Lababdar,05-10-2023,05:34:33,Completed,321
9150,12,2,Chicken Biryani,18-07-2023,05:46:41,Completed,533
9151,14,6,Veg Burger,23-09-2023,14:01:00,Completed,528
9152,5,49,Paneer Butter Masala,28-02-2023,22:39:54,Completed,520
9153,1,9,Veg Biryani,16-12-2023,14:52:48,Completed,529
9154,4,5,Paneer Butter Masala,01-09-2023,08:51:28,Completed,348
9155,20,51,Veg Biryani,08-02-2023,09:34:34,Completed,558
9156,3,52,Pasta Alfredo,13-04-2023,10:50:22,Completed,511
9157,32,50,Samosa,07-02-2023,03:36:11,Completed,217
9158,13,37,Egg Curry,20-01-2023,08:01:00,Completed,364
9159,9,33,Pasta Alfredo,29-06-2023,02:31:31,Completed,486
9160,32,30,Masala Dosa,08-07-2023,16:59:10,Completed,243
9161,14,31,Masala Dosa,20-09-2023,11:17:05,Completed,460
9162,15,14,Mutton Biryani,16-02-2023,17:34:04,Completed,158
9163,29,3,Butter Chicken,09-01-2023,01:14:48,Completed,158
9164,18,44,Paneer Lababdar,01-01-2023,00:15:05,Completed,276
9165,27,54,Butter Chicken,05-12-2023,10:04:09,Completed,252
9166,26,39,Egg Curry,09-01-2023,07:57:33,Completed,409
9167,33,59,Paneer Lababdar,04-05-2023,16:27:37,Completed,363
9168,17,10,Pasta Alfredo,31-03-2023,13:43:23,Completed,526
9169,29,17,Chole Bhature,06-08-2023,11:40:53,Completed,343
9170,6,57,Samosa,11-09-2023,13:42:07,Completed,586
9171,12,36,Chicken Biryani,16-12-2023,12:23:46,Completed,373
9172,2,15,Veg Biryani,02-08-2023,09:48:26,Completed,494
9173,9,40,Chicken Biryani,10-05-2023,08:44:15,Completed,445
9174,26,18,Chicken Biryani,08-09-2023,06:55:51,Completed,496
9175,6,21,Paneer Lababdar,24-02-2023,22:27:00,Completed,355
9176,8,36,Masala Dosa,27-03-2023,10:40:00,Completed,438
9177,31,9,Veg Burger,11-11-2023,23:36:03,Completed,546
9178,33,32,Pasta Alfredo,01-03-2023,16:19:11,Completed,358
9179,15,32,Veg Burger,04-05-2023,20:37:02,Completed,584
9180,28,9,Mutton Biryani,28-08-2023,00:09:40,Completed,410
9181,20,56,Prawn Masala,07-05-2023,23:29:58,Completed,344
9182,1,4,Veg Burger,28-02-2023,21:29:19,Completed,180
9183,33,59,Chole Bhature,05-03-2023,19:42:12,Completed,388
9184,29,49,Mutton Biryani,20-10-2023,17:51:30,Completed,542
9185,33,42,Chicken Burger,02-09-2023,08:29:34,Completed,547
9186,30,50,Chicken Burger,07-08-2023,17:19:46,Completed,246
9187,23,45,Butter Chicken,03-05-2023,06:53:06,Completed,185
9188,6,22,Rajma Chawal,24-06-2023,06:14:54,Completed,468
9189,30,35,Veg Burger,16-09-2023,19:02:17,Completed,594
9190,16,9,Masala Dosa,24-04-2023,08:33:11,Completed,562
9191,32,37,Paneer Butter Masala,13-12-2023,00:13:55,Completed,537
9192,4,24,Egg Curry,05-02-2023,19:13:48,Completed,439
9193,23,35,Butter Chicken,21-12-2023,10:38:25,Completed,161
9194,12,45,Samosa,31-05-2023,21:06:43,Completed,398
9195,23,22,Paneer Lababdar,24-06-2023,22:00:25,Completed,309
9196,11,23,Egg Curry,10-12-2023,05:44:24,Completed,409
9197,5,19,Samosa,25-03-2023,19:44:13,Completed,485
9198,13,36,Masala Dosa,27-06-2023,04:54:14,Completed,420
9199,7,46,Prawn Masala,31-07-2023,21:47:43,Completed,475
9200,10,28,Samosa,22-12-2023,14:27:27,Completed,274
9201,5,7,Masala Dosa,24-04-2023,20:49:30,Completed,577
9202,4,17,Paneer Lababdar,23-02-2023,04:04:39,Completed,187
9203,33,26,Rajma Chawal,06-04-2023,07:02:00,Completed,206
9204,33,36,Pasta Alfredo,21-10-2023,18:51:11,Completed,428
9205,16,39,Chicken Burger,05-01-2023,05:23:05,Completed,560
9206,14,10,Veg Burger,13-10-2023,15:50:19,Completed,533
9207,10,56,Veg Biryani,25-04-2023,00:16:46,Completed,267
9208,19,10,Paneer Lababdar,20-09-2023,11:06:21,Completed,304
9209,32,12,Paneer Lababdar,29-01-2023,16:19:42,Completed,266
9210,24,60,Paneer Butter Masala,18-12-2023,00:51:51,Completed,322
9211,22,39,Chicken Burger,21-12-2023,06:29:10,Completed,273
9212,12,1,Paneer Butter Masala,27-04-2023,22:30:21,Completed,218
9213,26,17,Rajma Chawal,02-12-2023,20:03:01,Completed,318
9214,21,13,Chicken Burger,23-01-2023,03:20:44,Completed,197
9215,12,44,Samosa,06-08-2023,07:15:54,Completed,289
9216,16,11,Veg Burger,30-04-2023,19:44:01,Completed,463
9217,26,44,Veg Biryani,21-08-2023,12:50:53,Completed,565
9218,24,59,Veg Burger,03-03-2023,04:59:13,Completed,470
9219,33,3,Masala Dosa,06-04-2023,20:30:25,Completed,502
9220,30,1,Pasta Alfredo,01-01-2024,05:39:50,Completed,171
9221,11,10,Chole Bhature,07-04-2023,00:39:49,Completed,393
9222,29,60,Paneer Butter Masala,03-10-2023,22:51:00,Completed,491
9223,29,5,Chicken Biryani,23-05-2023,19:54:52,Completed,416
9224,21,25,Chicken Biryani,26-03-2023,06:48:39,Completed,569
9225,33,17,Veg Biryani,02-03-2023,20:39:08,Completed,582
9226,32,58,Veg Burger,28-05-2023,17:11:12,Completed,540
9227,15,25,Chicken Biryani,05-06-2023,08:34:48,Completed,467
9228,4,27,Paneer Lababdar,30-07-2023,08:41:13,Completed,279
9229,14,13,Chicken Biryani,23-12-2023,00:21:50,Completed,151
9230,16,26,Chole Bhature,12-09-2023,22:37:03,Completed,326
9231,14,36,Chole Bhature,14-03-2023,06:00:52,Completed,180
9232,27,46,Chicken Burger,25-10-2023,19:14:01,Completed,420
9233,12,59,Paneer Lababdar,30-10-2023,00:34:02,Completed,207
9234,5,7,Chicken Burger,23-06-2023,13:07:11,Completed,185
9235,29,53,Veg Burger,17-01-2023,02:32:48,Completed,153
9236,18,38,Chole Bhature,12-01-2023,20:22:18,Completed,443
9237,13,15,Mutton Biryani,30-05-2023,14:40:21,Completed,588
9238,16,12,Paneer Butter Masala,18-08-2023,04:23:10,Completed,579
9239,23,3,Rajma Chawal,26-05-2023,01:57:24,Completed,402
9240,24,36,Samosa,02-02-2023,22:18:49,Completed,532
9241,27,51,Prawn Masala,14-02-2023,01:31:00,Completed,509
9242,9,7,Paneer Lababdar,09-07-2023,20:53:10,Completed,156
9243,25,54,Chicken Biryani,04-10-2023,00:49:07,Completed,297
9244,10,46,Veg Burger,06-01-2023,17:44:50,Completed,437
9245,19,3,Samosa,11-11-2023,15:05:40,Completed,200
9246,27,60,Prawn Masala,09-03-2023,15:23:04,Completed,555
9247,1,21,Masala Dosa,12-11-2023,01:04:07,Completed,221
9248,3,52,Rajma Chawal,29-04-2023,11:32:53,Completed,348
9249,33,58,Mutton Biryani,10-08-2023,13:16:28,Completed,335
9250,11,36,Egg Curry,09-02-2023,04:19:56,Completed,153
9251,26,45,Mutton Biryani,16-05-2023,23:01:05,Completed,248
9252,22,34,Rajma Chawal,16-01-2023,18:56:57,Completed,518
9253,9,13,Pasta Alfredo,22-02-2023,20:40:35,Completed,189
9254,12,45,Rajma Chawal,22-04-2023,22:12:52,Completed,176
9255,25,27,Chicken Burger,19-06-2023,11:43:09,Completed,424
9256,13,47,Rajma Chawal,17-05-2023,20:39:34,Completed,257
9257,24,57,Chole Bhature,08-10-2023,00:22:43,Completed,493
9258,26,17,Rajma Chawal,13-01-2023,05:06:48,Completed,565
9259,20,21,Pasta Alfredo,05-09-2023,00:27:46,Completed,529
9260,32,1,Paneer Butter Masala,19-03-2023,19:38:22,Completed,151
9261,24,46,Chole Bhature,16-10-2023,06:08:31,Completed,547
9262,3,44,Egg Curry,08-05-2023,19:56:14,Completed,589
9263,29,44,Veg Biryani,12-12-2023,05:50:35,Completed,513
9264,12,27,Paneer Lababdar,27-12-2023,04:01:20,Completed,567
9265,20,38,Mutton Biryani,07-05-2023,07:36:47,Completed,203
9266,26,17,Veg Biryani,18-05-2023,03:33:08,Completed,462
9267,19,20,Masala Dosa,17-01-2023,14:05:51,Completed,360
9268,1,28,Veg Burger,28-04-2023,16:26:51,Completed,219
9269,1,20,Chole Bhature,18-10-2023,09:34:24,Completed,402
9270,28,33,Chicken Burger,06-08-2023,11:45:50,Completed,451
9271,25,47,Egg Curry,27-10-2023,06:00:52,Completed,158
9272,12,50,Veg Biryani,12-04-2023,10:52:03,Completed,543
9273,6,33,Pasta Alfredo,23-09-2023,22:59:33,Completed,359
9274,29,14,Mutton Biryani,09-02-2023,11:36:51,Completed,175
9275,2,22,Butter Chicken,13-06-2023,05:57:52,Completed,509
9276,32,53,Egg Curry,12-05-2023,16:49:27,Completed,217
9277,7,40,Chicken Burger,06-07-2023,19:47:22,Completed,314
9278,4,36,Butter Chicken,31-05-2023,06:44:21,Completed,578
9279,31,1,Paneer Lababdar,15-10-2023,12:15:16,Completed,497
9280,27,55,Paneer Butter Masala,25-07-2023,04:47:59,Completed,557
9281,9,17,Butter Chicken,21-12-2023,19:30:54,Completed,400
9282,4,25,Egg Curry,28-10-2023,14:20:11,Completed,434
9283,32,46,Egg Curry,30-12-2023,16:46:20,Completed,278
9284,28,7,Pasta Alfredo,12-07-2023,18:38:44,Completed,595
9285,11,10,Chicken Biryani,11-04-2023,06:45:31,Completed,213
9286,18,12,Masala Dosa,20-01-2023,07:21:09,Completed,356
9287,25,28,Chicken Burger,25-10-2023,05:39:24,Completed,353
9288,15,7,Masala Dosa,13-04-2023,00:53:39,Completed,399
9289,20,49,Egg Curry,16-11-2023,11:43:19,Completed,378
9290,30,55,Butter Chicken,04-07-2023,03:15:34,Completed,462
9291,11,30,Pasta Alfredo,12-02-2023,06:52:41,Completed,293
9292,20,5,Prawn Masala,23-08-2023,14:19:20,Completed,370
9293,15,21,Butter Chicken,29-01-2023,14:05:53,Completed,584
9294,26,36,Veg Biryani,14-12-2023,05:21:31,Completed,495
9295,18,41,Paneer Butter Masala,05-11-2023,14:07:57,Completed,588
9296,32,43,Masala Dosa,09-06-2023,20:28:40,Completed,370
9297,18,41,Chicken Biryani,11-03-2023,19:03:03,Completed,554
9298,32,41,Veg Biryani,30-12-2023,12:35:14,Completed,532
9299,29,19,Chicken Burger,10-08-2023,20:56:34,Completed,347
9300,29,9,Prawn Masala,04-01-2023,05:57:25,Completed,366
9301,14,13,Chole Bhature,27-08-2023,22:12:48,Completed,246
9302,5,16,Chole Bhature,05-08-2023,05:00:20,Completed,179
9303,11,19,Pasta Alfredo,06-08-2023,20:37:33,Completed,400
9304,4,57,Samosa,29-11-2023,22:15:29,Completed,323
9305,32,1,Veg Burger,05-12-2023,22:08:25,Completed,299
9306,20,2,Paneer Butter Masala,01-08-2023,10:32:38,Completed,280
9307,12,13,Mutton Biryani,05-06-2023,01:58:58,Completed,205
9308,16,52,Mutton Biryani,08-02-2023,22:05:01,Completed,442
9309,25,33,Prawn Masala,15-10-2023,05:41:09,Completed,472
9310,32,26,Paneer Lababdar,05-02-2023,17:48:05,Completed,494
9311,23,40,Veg Biryani,29-07-2023,15:57:55,Completed,170
9312,19,13,Paneer Lababdar,18-03-2023,04:32:12,Completed,236
9313,32,13,Masala Dosa,21-11-2023,17:45:30,Completed,357
9314,33,22,Paneer Butter Masala,24-07-2023,23:49:58,Completed,172
9315,12,30,Paneer Lababdar,29-03-2023,14:41:03,Completed,192
9316,20,10,Mutton Biryani,22-01-2023,18:06:21,Completed,467
9317,28,53,Veg Biryani,08-10-2023,04:07:05,Completed,502
9318,21,47,Veg Burger,18-03-2023,07:20:39,Completed,416
9319,13,13,Prawn Masala,12-04-2023,23:33:31,Completed,438
9320,8,46,Rajma Chawal,27-12-2023,14:27:22,Completed,373
9321,29,1,Masala Dosa,06-06-2023,23:40:13,Completed,371
9322,25,22,Veg Burger,21-03-2023,18:16:51,Completed,338
9323,20,21,Veg Biryani,02-12-2023,09:18:25,Completed,231
9324,22,55,Paneer Lababdar,26-08-2023,22:48:42,Completed,537
9325,27,3,Samosa,12-12-2023,19:28:31,Completed,409
9326,32,13,Paneer Lababdar,23-03-2023,04:51:51,Completed,506
9327,24,55,Egg Curry,22-06-2023,13:52:37,Completed,314
9328,32,36,Veg Burger,23-08-2023,12:33:00,Completed,549
9329,9,23,Chole Bhature,14-05-2023,19:19:41,Completed,574
9330,13,51,Veg Biryani,22-04-2023,15:30:17,Completed,399
9331,21,58,Veg Biryani,12-04-2023,06:07:28,Completed,589
9332,23,32,Egg Curry,06-11-2023,06:18:52,Completed,500
9333,25,11,Butter Chicken,15-11-2023,18:03:25,Completed,233
9334,13,44,Pasta Alfredo,21-10-2023,18:50:11,Completed,262
9335,20,23,Mutton Biryani,15-06-2023,06:52:57,Completed,490
9336,23,31,Pasta Alfredo,07-06-2023,15:57:48,Completed,365
9337,13,41,Veg Biryani,05-01-2023,19:44:26,Completed,184
9338,18,56,Chole Bhature,01-09-2023,03:03:14,Completed,466
9339,19,42,Chole Bhature,20-06-2023,21:06:36,Completed,420
9340,28,22,Prawn Masala,29-11-2023,20:11:41,Completed,190
9341,14,57,Veg Biryani,27-06-2023,23:39:20,Completed,570
9342,5,2,Chicken Burger,10-06-2023,12:10:26,Completed,169
9343,17,31,Veg Biryani,04-03-2023,04:31:24,Completed,291
9344,3,43,Butter Chicken,22-12-2023,21:27:55,Completed,592
9345,25,38,Pasta Alfredo,04-01-2023,15:50:35,Completed,221
9346,16,49,Samosa,15-10-2023,15:09:56,Completed,403
9347,23,50,Pasta Alfredo,05-08-2023,14:32:45,Completed,260
9348,7,56,Chole Bhature,21-12-2023,05:25:29,Completed,534
9349,23,3,Prawn Masala,07-11-2023,14:10:42,Completed,307
9350,21,27,Paneer Butter Masala,08-12-2023,15:01:03,Completed,522
9351,29,53,Butter Chicken,21-08-2023,21:03:35,Completed,326
9352,5,46,Egg Curry,24-09-2023,20:59:12,Completed,458
9353,29,37,Chole Bhature,06-02-2023,06:55:54,Completed,507
9354,10,47,Chicken Biryani,11-02-2023,07:28:37,Completed,168
9355,33,12,Pasta Alfredo,27-08-2023,11:40:30,Completed,306
9356,33,1,Chicken Burger,16-02-2023,07:23:47,Completed,469
9357,32,11,Chicken Biryani,02-12-2023,00:48:31,Completed,264
9358,31,28,Veg Biryani,13-02-2023,06:56:26,Completed,591
9359,13,32,Paneer Lababdar,30-12-2023,20:36:54,Completed,177
9360,11,51,Pasta Alfredo,31-03-2023,13:39:32,Completed,199
9361,31,52,Rajma Chawal,09-02-2023,10:50:16,Completed,444
9362,10,13,Samosa,22-01-2023,06:17:11,Completed,201
9363,11,52,Veg Burger,03-07-2023,17:04:55,Completed,358
9364,10,29,Chicken Biryani,28-12-2023,00:33:26,Completed,155
9365,5,18,Chole Bhature,29-09-2023,19:21:23,Completed,299
9366,29,20,Butter Chicken,06-07-2023,21:02:21,Completed,550
9367,15,13,Paneer Lababdar,28-03-2023,04:06:36,Completed,254
9368,14,39,Mutton Biryani,02-04-2023,12:50:46,Completed,443
9369,8,59,Egg Curry,05-10-2023,16:25:42,Completed,596
9370,23,17,Masala Dosa,03-12-2023,04:49:25,Completed,372
9371,22,4,Prawn Masala,12-07-2023,17:07:21,Completed,535
9372,24,11,Paneer Butter Masala,08-06-2023,07:37:12,Completed,587
9373,16,25,Chole Bhature,28-01-2023,20:45:17,Completed,268
9374,1,15,Mutton Biryani,18-11-2023,19:46:22,Completed,441
9375,9,45,Paneer Lababdar,21-08-2023,03:13:37,Completed,313
9376,17,37,Paneer Lababdar,13-01-2023,04:27:20,Completed,472
9377,11,24,Paneer Butter Masala,07-06-2023,12:14:59,Completed,538
9378,17,60,Paneer Lababdar,27-09-2023,19:56:21,Completed,463
9379,15,26,Pasta Alfredo,04-08-2023,02:57:51,Completed,377
9380,29,39,Mutton Biryani,19-10-2023,06:16:53,Completed,455
9381,12,36,Egg Curry,27-02-2023,03:57:13,Completed,254
9382,14,21,Chicken Biryani,13-10-2023,07:15:39,Completed,295
9383,33,44,Chicken Burger,23-08-2023,22:15:28,Completed,492
9384,19,38,Chicken Burger,22-08-2023,08:27:32,Completed,460
9385,1,39,Pasta Alfredo,24-12-2023,06:15:38,Completed,275
9386,25,23,Prawn Masala,16-05-2023,09:21:40,Completed,473
9387,26,47,Paneer Lababdar,05-10-2023,19:54:26,Completed,568
9388,21,37,Mutton Biryani,19-05-2023,12:41:20,Completed,408
9389,19,4,Samosa,06-07-2023,16:48:58,Completed,176
9390,4,10,Veg Biryani,17-07-2023,03:23:57,Completed,574
9391,20,57,Chicken Biryani,15-04-2023,23:40:40,Completed,445
9392,16,14,Chicken Burger,14-05-2023,01:47:39,Completed,550
9393,18,56,Chicken Biryani,02-09-2023,11:56:17,Completed,558
9394,22,30,Veg Biryani,21-01-2023,00:32:08,Completed,314
9395,2,59,Butter Chicken,17-02-2023,09:15:00,Completed,300
9396,6,28,Chicken Burger,15-09-2023,10:26:13,Completed,565
9397,26,34,Paneer Lababdar,21-04-2023,05:48:15,Completed,526
9398,2,31,Paneer Lababdar,14-04-2023,19:32:11,Completed,435
9399,31,2,Veg Biryani,22-01-2023,04:06:09,Completed,600
9400,15,49,Butter Chicken,24-11-2023,13:34:45,Completed,290
9401,24,42,Chicken Biryani,21-04-2023,04:28:55,Completed,546
9402,9,22,Paneer Lababdar,14-08-2023,08:53:14,Completed,554
9403,31,23,Butter Chicken,25-04-2023,11:55:58,Completed,471
9404,16,29,Butter Chicken,14-02-2023,03:04:48,Completed,523
9405,7,36,Egg Curry,17-06-2023,19:47:59,Completed,574
9406,19,33,Prawn Masala,17-09-2023,17:40:16,Completed,569
9407,28,59,Pasta Alfredo,03-10-2023,14:48:47,Completed,192
9408,31,44,Paneer Butter Masala,15-06-2023,21:55:49,Completed,306
9409,33,54,Veg Burger,22-05-2023,14:32:05,Completed,267
9410,18,55,Pasta Alfredo,05-09-2023,20:43:12,Completed,463
9411,25,41,Samosa,23-01-2023,14:40:38,Completed,243
9412,9,18,Mutton Biryani,19-07-2023,14:44:07,Completed,234
9413,22,46,Paneer Lababdar,06-11-2023,18:50:05,Completed,470
9414,23,19,Paneer Lababdar,03-10-2023,15:12:01,Completed,445
9415,10,28,Mutton Biryani,01-03-2023,04:24:24,Completed,535
9416,14,29,Butter Chicken,06-07-2023,07:57:43,Completed,197
9417,16,31,Chicken Biryani,21-10-2023,06:12:47,Completed,380
9418,6,49,Chole Bhature,26-03-2023,09:33:29,Completed,279
9419,24,38,Chole Bhature,17-10-2023,20:53:40,Completed,316
9420,23,32,Chicken Burger,09-06-2023,11:32:06,Completed,329
9421,6,49,Paneer Butter Masala,24-02-2023,04:55:28,Completed,299
9422,1,43,Paneer Butter Masala,26-11-2023,09:00:03,Completed,520
9423,26,44,Butter Chicken,13-02-2023,20:11:40,Completed,305
9424,11,15,Chicken Biryani,08-10-2023,13:03:14,Completed,358
9425,16,59,Veg Burger,23-04-2023,22:47:57,Completed,396
9426,14,49,Chicken Burger,30-04-2023,21:31:45,Completed,596
9427,21,16,Egg Curry,24-06-2023,09:17:04,Completed,202
9428,11,45,Veg Biryani,14-03-2023,11:22:48,Completed,181
9429,25,32,Veg Biryani,01-07-2023,12:43:51,Completed,452
9430,3,38,Chicken Biryani,24-11-2023,11:40:47,Completed,519
9431,31,39,Veg Biryani,21-10-2023,15:56:16,Completed,579
9432,4,55,Paneer Butter Masala,12-08-2023,13:49:36,Completed,227
9433,26,2,Chole Bhature,17-03-2023,17:08:23,Completed,273
9434,2,39,Mutton Biryani,12-10-2023,05:50:51,Completed,158
9435,17,49,Butter Chicken,28-11-2023,02:43:58,Completed,376
9436,6,55,Veg Burger,25-04-2023,22:53:27,Completed,231
9437,29,15,Chole Bhature,09-02-2023,15:31:47,Completed,313
9438,21,21,Chicken Burger,16-09-2023,06:06:36,Completed,564
9439,11,59,Veg Burger,26-07-2023,08:39:05,Completed,382
9440,10,25,Rajma Chawal,24-02-2023,04:05:43,Completed,560
9441,15,38,Veg Burger,26-11-2023,08:57:36,Completed,450
9442,33,40,Chicken Biryani,28-07-2023,22:39:14,Completed,468
9443,5,39,Pasta Alfredo,23-08-2023,12:32:41,Completed,153
9444,16,20,Chicken Burger,23-05-2023,09:31:33,Completed,300
9445,6,34,Rajma Chawal,13-12-2023,07:32:01,Completed,339
9446,14,36,Pasta Alfredo,28-06-2023,08:42:44,Completed,295
9447,4,8,Samosa,11-11-2023,20:27:28,Completed,411
9448,13,37,Butter Chicken,21-11-2023,10:37:02,Completed,297
9449,25,1,Chicken Burger,20-06-2023,23:55:35,Completed,258
9450,5,35,Chole Bhature,15-02-2023,15:48:14,Completed,214
9451,11,43,Egg Curry,05-12-2023,21:28:23,Completed,238
9452,19,24,Rajma Chawal,09-02-2023,06:22:17,Completed,356
9453,26,53,Samosa,04-08-2023,13:31:04,Completed,442
9454,31,55,Samosa,20-10-2023,22:36:12,Completed,218
9455,19,43,Pasta Alfredo,13-03-2023,01:09:42,Completed,329
9456,9,24,Butter Chicken,12-06-2023,04:30:22,Completed,529
9457,29,28,Butter Chicken,21-08-2023,02:20:41,Completed,525
9458,11,51,Prawn Masala,13-01-2023,16:36:10,Completed,203
9459,20,23,Paneer Butter Masala,24-08-2023,01:51:04,Completed,265
9460,7,17,Veg Biryani,28-02-2023,07:41:01,Completed,448
9461,2,2,Paneer Lababdar,22-10-2023,00:31:28,Completed,250
9462,1,54,Chicken Biryani,09-10-2023,23:34:28,Completed,161
9463,23,48,Veg Biryani,29-03-2023,01:51:28,Completed,150
9464,32,25,Chicken Burger,08-08-2023,18:23:42,Completed,570
9465,4,20,Masala Dosa,14-03-2023,20:04:37,Completed,434
9466,9,55,Chicken Biryani,31-12-2023,16:46:27,Completed,393
9467,25,3,Paneer Butter Masala,14-11-2023,11:08:32,Completed,470
9468,23,32,Chicken Burger,28-02-2023,13:50:04,Completed,181
9469,20,4,Samosa,17-02-2023,16:24:51,Completed,430
9470,22,54,Chole Bhature,15-09-2023,03:16:50,Completed,577
9471,15,37,Chole Bhature,01-02-2023,10:47:22,Completed,501
9472,6,21,Prawn Masala,12-08-2023,18:20:46,Completed,473
9473,23,14,Veg Burger,11-11-2023,02:28:13,Completed,478
9474,10,22,Veg Burger,17-09-2023,07:41:50,Completed,270
9475,25,37,Rajma Chawal,30-12-2023,22:38:45,Completed,388
9476,20,43,Samosa,25-02-2023,14:45:20,Completed,188
9477,11,49,Paneer Butter Masala,25-07-2023,14:55:39,Completed,406
9478,17,47,Paneer Lababdar,01-01-2023,06:38:34,Completed,578
9479,1,51,Masala Dosa,07-04-2023,01:43:24,Completed,419
9480,5,57,Egg Curry,01-12-2023,03:06:30,Completed,426
9481,23,58,Chicken Biryani,07-06-2023,17:02:05,Completed,310
9482,29,53,Masala Dosa,01-02-2023,09:58:58,Completed,340
9483,9,24,Chicken Burger,21-10-2023,21:43:55,Completed,516
9484,8,44,Mutton Biryani,07-11-2023,14:31:53,Completed,505
9485,27,25,Paneer Butter Masala,15-02-2023,23:58:41,Completed,192
9486,2,57,Pasta Alfredo,23-04-2023,11:58:17,Completed,314
9487,12,60,Chicken Burger,13-01-2023,18:47:08,Completed,224
9488,20,48,Paneer Butter Masala,16-06-2023,20:33:30,Completed,586
9489,6,34,Veg Burger,25-08-2023,05:02:18,Completed,308
9490,10,37,Veg Biryani,29-06-2023,21:46:42,Completed,183
9491,33,38,Chicken Biryani,04-06-2023,13:38:51,Completed,535
9492,13,56,Paneer Butter Masala,12-08-2023,03:40:17,Completed,473
9493,18,53,Masala Dosa,12-07-2023,18:51:07,Completed,484
9494,23,11,Egg Curry,13-04-2023,11:34:42,Completed,558
9495,7,1,Paneer Butter Masala,31-05-2023,03:06:58,Completed,507
9496,31,51,Masala Dosa,18-04-2023,21:51:58,Completed,355
9497,27,57,Egg Curry,05-05-2023,00:39:05,Completed,502
9498,13,38,Veg Burger,18-08-2023,04:43:40,Completed,347
9499,18,50,Veg Burger,25-12-2023,11:36:58,Completed,453
9500,13,46,Samosa,20-06-2023,02:36:22,Completed,568
9501,25,21,Chole Bhature,24-12-2023,11:03:34,Completed,585
9502,15,38,Egg Curry,26-10-2023,14:52:22,Completed,162
9503,25,24,Pasta Alfredo,06-05-2023,17:35:23,Completed,502
9504,28,12,Chole Bhature,01-09-2023,00:08:09,Completed,587
9505,33,18,Chicken Burger,08-02-2023,18:48:16,Completed,158
9506,25,25,Mutton Biryani,03-07-2023,09:43:27,Completed,205
9507,3,49,Veg Burger,07-02-2023,17:02:19,Completed,448
9508,15,56,Chicken Biryani,16-10-2023,00:18:52,Completed,170
9509,9,48,Veg Biryani,18-04-2023,12:19:47,Completed,536
9510,33,29,Samosa,09-10-2023,22:17:43,Completed,210
9511,31,14,Butter Chicken,25-10-2023,12:37:24,Completed,291
9512,4,58,Veg Biryani,20-11-2023,11:08:01,Completed,563
9513,1,23,Prawn Masala,17-03-2023,00:19:14,Completed,202
9514,2,47,Paneer Butter Masala,07-11-2023,07:52:03,Completed,262
9515,28,27,Chicken Biryani,17-12-2023,12:47:21,Completed,245
9516,23,41,Butter Chicken,10-09-2023,23:45:56,Completed,303
9517,15,58,Egg Curry,08-10-2023,10:21:25,Completed,393
9518,1,29,Chole Bhature,05-06-2023,18:48:02,Completed,577
9519,27,31,Veg Biryani,26-08-2023,22:33:51,Completed,588
9520,27,44,Egg Curry,09-03-2023,23:33:12,Completed,348
9521,29,60,Paneer Butter Masala,07-02-2023,14:59:29,Completed,354
9522,3,30,Chole Bhature,19-04-2023,15:12:04,Completed,155
9523,23,12,Veg Biryani,14-05-2023,19:46:17,Completed,226
9524,27,56,Rajma Chawal,07-11-2023,02:33:16,Completed,557
9525,28,45,Paneer Lababdar,03-12-2023,19:06:01,Completed,562
9526,5,55,Pasta Alfredo,04-05-2023,11:01:35,Completed,473
9527,8,15,Egg Curry,25-01-2023,17:14:44,Completed,494
9528,31,3,Chole Bhature,06-05-2023,22:21:13,Completed,474
9529,15,24,Samosa,20-06-2023,20:23:59,Completed,223
9530,11,8,Pasta Alfredo,22-03-2023,10:38:11,Completed,580
9531,2,40,Chicken Burger,21-06-2023,05:21:23,Completed,560
9532,32,36,Veg Burger,11-10-2023,21:17:55,Completed,221
9533,9,51,Chicken Biryani,18-05-2023,12:23:49,Completed,469
9534,16,35,Veg Biryani,17-12-2023,01:35:06,Completed,369
9535,14,3,Prawn Masala,21-12-2023,19:30:44,Completed,383
9536,22,14,Masala Dosa,05-05-2023,22:41:56,Completed,321
9537,23,37,Paneer Lababdar,15-11-2023,04:53:23,Completed,360
9538,33,21,Chole Bhature,08-06-2023,15:46:29,Completed,384
9539,24,58,Mutton Biryani,29-05-2023,06:36:28,Completed,230
9540,15,15,Mutton Biryani,26-12-2023,07:11:40,Completed,166
9541,8,37,Samosa,13-08-2023,12:44:09,Completed,377
9542,18,14,Samosa,14-05-2023,22:58:29,Completed,336
9543,32,14,Chicken Biryani,12-09-2023,04:39:06,Completed,587
9544,33,60,Butter Chicken,16-03-2023,08:59:30,Completed,516
9545,10,51,Chicken Biryani,22-06-2023,07:05:52,Completed,573
9546,10,29,Butter Chicken,18-12-2023,11:35:46,Completed,372
9547,26,1,Rajma Chawal,01-01-2023,18:13:30,Completed,439
9548,14,33,Paneer Lababdar,16-02-2023,16:30:43,Completed,372
9549,28,57,Chicken Biryani,18-10-2023,01:22:50,Completed,565
9550,17,2,Chicken Biryani,10-03-2023,19:27:49,Completed,305
9551,12,44,Veg Biryani,05-05-2023,14:20:35,Completed,292
9552,10,47,Paneer Butter Masala,19-08-2023,18:24:14,Completed,170
9553,6,4,Pasta Alfredo,21-11-2023,02:32:49,Completed,256
9554,20,8,Chicken Biryani,21-06-2023,23:55:07,Completed,588
9555,26,33,Pasta Alfredo,08-05-2023,05:11:07,Completed,457
9556,31,48,Pasta Alfredo,20-08-2023,03:54:12,Completed,308
9557,23,40,Paneer Lababdar,28-04-2023,12:21:38,Completed,223
9558,22,5,Paneer Butter Masala,01-11-2023,03:39:11,Completed,452
9559,13,13,Pasta Alfredo,07-12-2023,00:07:06,Completed,448
9560,16,39,Pasta Alfredo,10-03-2023,08:35:26,Completed,165
9561,25,27,Veg Biryani,25-09-2023,18:54:53,Completed,394
9562,8,37,Butter Chicken,04-08-2023,22:46:49,Completed,335
9563,4,17,Rajma Chawal,27-01-2023,03:22:41,Completed,201
9564,26,38,Samosa,04-07-2023,03:46:35,Completed,319
9565,5,53,Masala Dosa,22-01-2023,17:37:23,Completed,431
9566,10,38,Pasta Alfredo,19-06-2023,06:01:09,Completed,426
9567,25,31,Chole Bhature,28-09-2023,20:32:07,Completed,169
9568,25,15,Mutton Biryani,07-02-2023,20:46:08,Completed,313
9569,23,29,Masala Dosa,14-08-2023,03:12:32,Completed,474
9570,33,22,Prawn Masala,12-03-2023,14:01:16,Completed,310
9571,22,16,Masala Dosa,30-10-2023,17:36:15,Completed,450
9572,33,13,Butter Chicken,16-07-2023,05:09:55,Completed,407
9573,20,46,Butter Chicken,11-11-2023,06:15:53,Completed,384
9574,16,32,Pasta Alfredo,03-02-2023,14:11:08,Completed,419
9575,15,4,Rajma Chawal,04-08-2023,00:59:49,Completed,216
9576,8,60,Paneer Butter Masala,21-04-2023,14:43:49,Completed,253
9577,33,40,Chole Bhature,28-06-2023,10:50:09,Completed,219
9578,10,26,Chicken Biryani,17-09-2023,22:47:10,Completed,595
9579,17,28,Paneer Butter Masala,14-11-2023,03:27:01,Completed,194
9580,9,23,Veg Biryani,07-09-2023,17:19:51,Completed,153
9581,25,51,Chicken Burger,23-12-2023,18:09:20,Completed,187
9582,8,10,Paneer Lababdar,21-12-2023,23:52:39,Completed,337
9583,11,16,Rajma Chawal,27-11-2023,04:44:18,Completed,285
9584,30,49,Masala Dosa,15-08-2023,11:55:34,Completed,269
9585,33,2,Paneer Butter Masala,16-06-2023,20:35:07,Completed,590
9586,13,48,Chicken Burger,18-09-2023,20:27:09,Completed,292
9587,10,7,Veg Biryani,28-02-2023,12:56:10,Completed,336
9588,15,39,Egg Curry,10-12-2023,23:11:34,Completed,441
9589,20,50,Paneer Lababdar,04-01-2023,07:53:24,Completed,158
9590,14,14,Paneer Butter Masala,14-03-2023,08:12:35,Completed,357
9591,16,49,Butter Chicken,05-04-2023,04:31:02,Completed,301
9592,20,37,Egg Curry,20-02-2023,09:03:13,Completed,529
9593,15,45,Chicken Burger,18-12-2023,16:32:59,Completed,448
9594,27,22,Rajma Chawal,06-07-2023,11:51:26,Completed,476
9595,32,46,Paneer Lababdar,03-12-2023,20:47:38,Completed,375
9596,7,29,Chole Bhature,07-06-2023,08:12:45,Completed,476
9597,2,10,Mutton Biryani,06-02-2023,14:48:24,Completed,540
9598,19,21,Pasta Alfredo,25-01-2023,09:54:33,Completed,478
9599,8,49,Samosa,19-08-2023,23:32:28,Completed,172
9600,31,50,Butter Chicken,02-04-2023,19:32:04,Completed,387
9601,22,33,Rajma Chawal,21-11-2023,00:16:41,Completed,364
9602,6,41,Samosa,01-09-2023,22:14:59,Completed,217
9603,19,50,Veg Biryani,28-09-2023,17:53:03,Completed,371
9604,6,6,Pasta Alfredo,30-11-2023,15:22:28,Completed,362
9605,2,34,Samosa,01-05-2023,11:12:54,Completed,283
9606,17,29,Chicken Biryani,11-03-2023,19:51:54,Completed,441
9607,6,44,Masala Dosa,12-02-2023,19:02:37,Completed,315
9608,29,22,Samosa,10-09-2023,05:01:38,Completed,178
9609,20,1,Samosa,17-02-2023,01:03:59,Completed,257
9610,16,55,Samosa,21-05-2023,11:21:22,Completed,348
9611,26,37,Mutton Biryani,14-01-2023,23:10:49,Completed,319
9612,1,26,Chicken Burger,13-03-2023,00:45:39,Completed,278
9613,2,33,Veg Burger,05-09-2023,08:24:48,Completed,247
9614,9,12,Prawn Masala,02-01-2023,11:38:32,Completed,533
9615,29,30,Paneer Lababdar,27-08-2023,18:50:14,Completed,577
9616,18,35,Butter Chicken,16-10-2023,17:51:30,Completed,345
9617,23,36,Samosa,06-08-2023,01:32:22,Completed,266
9618,11,33,Masala Dosa,05-04-2023,12:21:27,Completed,480
9619,9,23,Rajma Chawal,04-07-2023,06:56:24,Completed,372
9620,8,30,Paneer Butter Masala,02-02-2023,01:48:53,Completed,325
9621,32,42,Egg Curry,10-11-2023,04:53:54,Completed,599
9622,9,20,Pasta Alfredo,09-05-2023,18:35:34,Completed,534
9623,18,17,Egg Curry,18-12-2023,08:05:10,Completed,193
9624,7,20,Veg Burger,01-06-2023,23:47:37,Completed,194
9625,11,57,Pasta Alfredo,11-06-2023,09:30:44,Completed,594
9626,25,47,Chicken Burger,02-11-2023,04:49:40,Completed,514
9627,11,38,Egg Curry,17-05-2023,10:51:51,Completed,158
9628,28,26,Paneer Lababdar,09-11-2023,09:56:27,Completed,443
9629,22,39,Pasta Alfredo,22-10-2023,11:38:21,Completed,332
9630,1,57,Butter Chicken,15-08-2023,23:47:43,Completed,151
9631,7,17,Paneer Lababdar,06-11-2023,18:15:57,Completed,394
9632,4,25,Rajma Chawal,26-03-2023,03:16:30,Completed,230
9633,18,18,Paneer Butter Masala,18-12-2023,04:22:35,Completed,557
9634,23,59,Rajma Chawal,19-07-2023,04:48:55,Completed,362
9635,11,23,Chicken Burger,15-11-2023,17:14:29,Completed,329
9636,27,43,Chicken Biryani,22-12-2023,11:30:23,Completed,589
9637,27,28,Samosa,05-06-2023,07:38:35,Completed,239
9638,22,56,Veg Biryani,02-06-2023,07:55:17,Completed,412
9639,30,35,Veg Burger,13-07-2023,09:44:04,Completed,318
9640,4,30,Masala Dosa,19-01-2023,08:21:41,Completed,564
9641,26,23,Samosa,02-03-2023,21:45:43,Completed,547
9642,17,34,Mutton Biryani,11-04-2023,06:07:36,Completed,175
9643,11,13,Veg Biryani,13-07-2023,06:19:29,Completed,482
9644,26,39,Butter Chicken,01-06-2023,11:28:20,Completed,228
9645,30,36,Paneer Lababdar,05-10-2023,04:11:43,Completed,203
9646,27,43,Mutton Biryani,24-12-2023,04:06:09,Completed,558
9647,15,4,Egg Curry,20-01-2023,05:38:27,Completed,567
9648,5,34,Egg Curry,09-09-2023,02:06:59,Completed,239
9649,6,41,Egg Curry,04-05-2023,18:15:23,Completed,348
9650,30,42,Prawn Masala,12-07-2023,14:31:19,Completed,178
9651,23,29,Chole Bhature,27-08-2023,07:06:21,Completed,305
9652,22,33,Paneer Lababdar,22-09-2023,17:52:09,Completed,515
9653,7,49,Paneer Lababdar,12-05-2023,12:17:35,Completed,241
9654,25,6,Veg Burger,31-03-2023,17:00:25,Completed,183
9655,9,40,Chicken Biryani,05-11-2023,15:52:01,Completed,180
9656,27,52,Pasta Alfredo,03-12-2023,13:36:49,Completed,353
9657,5,47,Chicken Burger,14-09-2023,14:44:53,Completed,262
9658,23,17,Chicken Biryani,10-10-2023,18:54:10,Completed,449
9659,32,2,Samosa,05-03-2023,04:54:06,Completed,303
9660,9,5,Veg Burger,04-08-2023,03:25:36,Completed,236
9661,10,18,Pasta Alfredo,24-06-2023,17:37:36,Completed,413
9662,12,10,Veg Biryani,08-11-2023,06:37:41,Completed,237
9663,20,17,Prawn Masala,22-07-2023,03:48:15,Completed,481
9664,18,51,Rajma Chawal,21-03-2023,10:57:31,Completed,284
9665,13,34,Chicken Biryani,24-12-2023,19:13:01,Completed,585
9666,27,45,Mutton Biryani,05-06-2023,04:03:10,Completed,573
9667,11,48,Butter Chicken,21-12-2023,05:28:39,Completed,385
9668,26,9,Pasta Alfredo,13-06-2023,13:52:30,Completed,532
9669,30,34,Chicken Burger,15-02-2023,00:12:31,Completed,531
9670,29,34,Veg Biryani,02-08-2023,21:14:06,Completed,417
9671,7,55,Egg Curry,26-08-2023,20:21:36,Completed,477
9672,4,16,Samosa,13-07-2023,15:49:31,Completed,174
9673,2,31,Prawn Masala,07-11-2023,19:21:36,Completed,377
9674,2,46,Paneer Butter Masala,08-01-2023,02:58:18,Completed,472
9675,4,37,Paneer Lababdar,21-04-2023,11:35:27,Completed,312
9676,2,45,Veg Burger,08-02-2023,01:06:08,Completed,435
9677,32,59,Masala Dosa,09-04-2023,07:02:27,Completed,439
9678,27,47,Chicken Burger,11-08-2023,02:34:46,Completed,249
9679,21,22,Egg Curry,16-04-2023,10:01:27,Completed,317
9680,7,29,Samosa,14-01-2023,10:47:23,Completed,478
9681,11,24,Chole Bhature,29-06-2023,02:49:45,Completed,484
9682,17,5,Rajma Chawal,18-01-2023,14:25:04,Completed,488
9683,9,27,Pasta Alfredo,01-05-2023,08:18:25,Completed,249
9684,15,13,Veg Burger,27-01-2023,06:10:16,Completed,269
9685,24,24,Paneer Lababdar,08-04-2023,08:21:58,Completed,379
9686,22,41,Paneer Lababdar,26-07-2023,23:58:04,Completed,404
9687,26,58,Prawn Masala,03-07-2023,21:57:07,Completed,550
9688,4,5,Veg Burger,04-06-2023,14:02:36,Completed,244
9689,26,16,Butter Chicken,25-04-2023,00:40:10,Completed,395
9690,15,44,Veg Burger,28-11-2023,22:46:13,Completed,405
9691,4,9,Paneer Lababdar,08-01-2023,13:29:02,Completed,302
9692,9,12,Pasta Alfredo,14-03-2023,06:26:56,Completed,588
9693,31,24,Veg Biryani,28-04-2023,16:32:24,Completed,251
9694,13,6,Prawn Masala,07-11-2023,12:34:49,Completed,452
9695,20,34,Masala Dosa,18-03-2023,01:07:15,Completed,345
9696,20,28,Egg Curry,18-10-2023,16:39:45,Completed,209
9697,27,50,Rajma Chawal,27-12-2023,06:36:24,Completed,236
9698,11,56,Masala Dosa,22-01-2023,16:15:48,Completed,399
9699,15,45,Pasta Alfredo,05-05-2023,09:22:36,Completed,528
9700,4,32,Veg Biryani,01-03-2023,00:10:34,Completed,236
9701,18,9,Samosa,03-11-2023,11:21:12,Completed,580
9702,20,30,Paneer Butter Masala,03-01-2023,03:46:29,Completed,204
9703,19,20,Masala Dosa,30-03-2023,15:51:16,Completed,254
9704,25,52,Samosa,23-08-2023,23:50:19,Completed,451
9705,13,21,Chicken Burger,28-05-2023,18:28:02,Completed,439
9706,21,40,Veg Biryani,24-01-2023,15:25:14,Completed,539
9707,2,47,Rajma Chawal,14-06-2023,07:50:19,Completed,306
9708,3,38,Veg Burger,19-06-2023,09:00:01,Completed,373
9709,30,58,Masala Dosa,06-03-2023,09:33:27,Completed,568
9710,31,3,Egg Curry,04-10-2023,20:57:16,Completed,329
9711,31,3,Chicken Biryani,08-06-2023,19:39:00,Completed,286
9712,16,32,Egg Curry,10-01-2023,15:52:32,Completed,382
9713,28,11,Rajma Chawal,09-12-2023,01:05:06,Completed,262
9714,15,10,Masala Dosa,20-10-2023,18:53:19,Completed,255
9715,2,10,Chole Bhature,11-08-2023,19:10:21,Completed,399
9716,29,18,Butter Chicken,14-07-2023,15:29:52,Completed,360
9717,29,51,Butter Chicken,14-01-2023,17:30:58,Completed,349
9718,13,33,Butter Chicken,13-06-2023,20:46:27,Completed,265
9719,8,9,Pasta Alfredo,04-12-2023,10:46:32,Completed,207
9720,30,39,Prawn Masala,25-04-2023,09:27:30,Completed,513
9721,21,44,Prawn Masala,28-10-2023,23:44:04,Completed,474
9722,22,46,Paneer Lababdar,16-11-2023,04:21:50,Completed,263
9723,1,47,Mutton Biryani,13-03-2023,13:53:23,Completed,539
9724,30,21,Veg Burger,06-04-2023,10:53:16,Completed,588
9725,3,59,Chicken Burger,02-11-2023,23:44:12,Completed,418
9726,21,60,Masala Dosa,06-07-2023,20:00:51,Completed,363
9727,10,31,Chole Bhature,23-05-2023,10:01:33,Completed,481
9728,2,23,Chole Bhature,27-12-2023,13:49:02,Completed,465
9729,25,9,Mutton Biryani,26-12-2023,23:13:12,Completed,532
9730,12,9,Prawn Masala,01-11-2023,05:51:08,Completed,260
9731,30,20,Prawn Masala,12-01-2023,16:30:23,Completed,157
9732,11,13,Mutton Biryani,08-08-2023,02:31:49,Completed,485
9733,21,53,Veg Biryani,17-07-2023,15:28:26,Completed,422
9734,30,37,Butter Chicken,19-09-2023,20:22:54,Completed,316
9735,12,58,Veg Burger,21-02-2023,12:38:10,Completed,274
9736,29,20,Samosa,28-02-2023,07:26:01,Completed,504
9737,30,36,Samosa,24-04-2023,06:39:00,Completed,450
9738,9,56,Chicken Biryani,06-10-2023,01:34:18,Completed,457
9739,28,14,Samosa,27-03-2023,05:24:52,Completed,439
9740,18,43,Paneer Lababdar,22-08-2023,05:57:46,Completed,600
9741,24,56,Chicken Biryani,28-10-2023,17:29:42,Completed,599
9742,3,30,Masala Dosa,21-10-2023,01:33:43,Completed,412
9743,32,24,Rajma Chawal,07-05-2023,12:30:14,Completed,156
9744,17,48,Butter Chicken,24-04-2023,02:54:01,Completed,531
9745,4,38,Egg Curry,09-04-2023,10:16:54,Completed,402
9746,10,33,Butter Chicken,14-08-2023,03:04:03,Completed,184
9747,6,23,Paneer Lababdar,31-03-2023,08:47:31,Completed,506
9748,2,37,Veg Burger,13-02-2023,18:39:06,Completed,583
9749,6,39,Prawn Masala,17-08-2023,11:14:10,Completed,577
9750,6,32,Prawn Masala,16-11-2023,05:53:31,Completed,431
9751,15,23,Mutton Biryani,07-11-2023,16:06:12,Completed,477
9752,18,22,Paneer Butter Masala,06-07-2023,21:41:28,Completed,241
9753,9,31,Paneer Lababdar,03-11-2023,02:08:51,Completed,518
9754,6,33,Rajma Chawal,30-01-2023,08:16:23,Completed,365
9755,12,59,Butter Chicken,22-06-2023,13:05:23,Completed,364
9756,2,1,Prawn Masala,14-01-2023,14:29:51,Completed,421
9757,3,15,Veg Burger,20-10-2023,05:40:14,Completed,534
9758,26,3,Veg Burger,29-12-2023,18:58:12,Completed,356
9759,3,2,Veg Burger,21-05-2023,04:22:04,Completed,520
9760,16,23,Paneer Butter Masala,22-12-2023,11:54:10,Completed,216
9761,20,6,Chicken Burger,26-05-2023,06:53:13,Completed,282
9762,23,16,Chicken Biryani,23-01-2023,19:34:19,Completed,557
9763,29,20,Paneer Lababdar,19-04-2023,18:42:27,Completed,419
9764,7,5,Veg Burger,08-09-2023,23:40:50,Completed,193
9765,11,52,Rajma Chawal,01-01-2024,19:09:40,Completed,512
9766,15,39,Paneer Lababdar,22-09-2023,23:45:19,Completed,488
9767,32,55,Veg Biryani,31-05-2023,12:18:40,Completed,252
9768,17,37,Masala Dosa,13-12-2023,11:00:58,Completed,210
9769,19,37,Chicken Burger,06-02-2023,07:51:04,Completed,596
9770,20,2,Paneer Lababdar,06-02-2023,09:41:37,Completed,400
9771,19,38,Rajma Chawal,07-04-2023,01:14:17,Completed,259
9772,12,4,Mutton Biryani,09-02-2023,01:19:24,Completed,218
9773,18,27,Chicken Burger,11-04-2023,13:03:15,Completed,315
9774,3,21,Paneer Lababdar,04-04-2023,17:02:50,Completed,528
9775,30,37,Prawn Masala,15-09-2023,20:33:31,Completed,542
9776,12,19,Veg Burger,06-04-2023,17:13:34,Completed,401
9777,26,26,Chole Bhature,03-02-2023,02:27:16,Completed,258
9778,18,36,Paneer Butter Masala,27-07-2023,22:37:41,Completed,235
9779,8,12,Pasta Alfredo,16-06-2023,08:22:26,Completed,397
9780,9,60,Masala Dosa,11-07-2023,23:53:08,Completed,427
9781,30,18,Paneer Lababdar,23-09-2023,11:12:59,Completed,536
9782,29,17,Chole Bhature,27-02-2023,12:28:44,Completed,260
9783,24,22,Veg Biryani,28-04-2023,10:56:59,Completed,421
9784,10,5,Paneer Butter Masala,13-04-2023,17:56:28,Completed,419
9785,16,40,Chicken Biryani,21-09-2023,14:43:10,Completed,297
9786,21,5,Chicken Biryani,01-04-2023,11:21:53,Completed,446
9787,10,26,Masala Dosa,28-07-2023,11:50:46,Completed,510
9788,8,56,Egg Curry,18-01-2023,10:57:06,Completed,594
9789,19,6,Veg Burger,06-02-2023,16:09:18,Completed,542
9790,12,56,Paneer Butter Masala,11-09-2023,21:30:08,Completed,329
9791,5,48,Veg Burger,20-04-2023,08:45:52,Completed,438
9792,17,51,Chole Bhature,25-05-2023,07:55:49,Completed,543
9793,31,43,Chicken Biryani,15-11-2023,00:08:39,Completed,330
9794,21,54,Chicken Biryani,06-06-2023,10:31:57,Completed,257
9795,20,20,Paneer Lababdar,04-04-2023,01:39:08,Completed,497
9796,20,36,Chole Bhature,24-05-2023,17:56:34,Completed,472
9797,25,29,Veg Burger,06-10-2023,22:10:42,Completed,467
9798,2,3,Veg Burger,13-08-2023,17:15:59,Completed,330
9799,33,41,Paneer Lababdar,28-03-2023,22:14:11,Completed,321
9800,7,50,Veg Burger,28-12-2023,05:57:06,Completed,335
9801,2,58,Chole Bhature,03-07-2023,11:22:08,Completed,424
9802,12,41,Paneer Butter Masala,07-08-2023,05:51:49,Completed,322
9803,18,54,Paneer Lababdar,30-04-2023,23:19:04,Completed,504
9804,5,56,Butter Chicken,04-03-2023,12:16:56,Completed,326
9805,29,27,Pasta Alfredo,12-08-2023,21:05:09,Completed,442
9806,32,13,Paneer Butter Masala,03-03-2023,12:29:03,Completed,173
9807,29,38,Prawn Masala,13-08-2023,07:31:37,Completed,344
9808,30,38,Butter Chicken,16-02-2023,03:11:43,Completed,480
9809,26,22,Egg Curry,03-02-2023,03:07:00,Completed,482
9810,15,29,Prawn Masala,15-03-2023,13:29:42,Completed,442
9811,32,16,Veg Biryani,16-04-2023,12:04:15,Completed,599
9812,29,26,Samosa,20-01-2023,03:38:15,Completed,429
9813,4,28,Egg Curry,02-12-2023,05:14:39,Completed,381
9814,23,32,Paneer Lababdar,28-06-2023,10:43:33,Completed,190
9815,9,42,Paneer Lababdar,18-03-2023,15:41:31,Completed,314
9816,11,26,Mutton Biryani,17-10-2023,09:44:54,Completed,550
9817,24,19,Veg Biryani,02-07-2023,18:47:36,Completed,506
9818,16,29,Mutton Biryani,03-01-2023,08:56:54,Completed,354
9819,18,3,Masala Dosa,17-10-2023,23:25:50,Completed,362
9820,13,23,Samosa,04-01-2023,21:30:42,Completed,460
9821,4,21,Veg Biryani,24-05-2023,10:00:55,Completed,599
9822,31,20,Prawn Masala,20-11-2023,00:51:56,Completed,436
9823,2,49,Butter Chicken,30-11-2023,02:41:05,Completed,593
9824,15,59,Chole Bhature,02-06-2023,15:55:37,Completed,237
9825,1,3,Paneer Butter Masala,07-08-2023,07:53:06,Completed,186
9826,20,20,Rajma Chawal,29-04-2023,12:17:14,Completed,300
9827,24,16,Prawn Masala,27-09-2023,19:09:46,Completed,265
9828,31,37,Chole Bhature,14-09-2023,05:27:20,Completed,250
9829,22,4,Prawn Masala,21-09-2023,07:45:52,Completed,296
9830,14,12,Samosa,23-10-2023,17:45:29,Completed,333
9831,32,41,Paneer Butter Masala,30-03-2023,18:14:59,Completed,400
9832,26,12,Butter Chicken,06-03-2023,20:03:51,Completed,465
9833,1,40,Egg Curry,08-08-2023,03:29:04,Completed,182
9834,18,44,Veg Burger,29-12-2023,13:04:15,Completed,200
9835,28,51,Chole Bhature,20-10-2023,06:31:16,Completed,593
9836,14,34,Egg Curry,18-05-2023,22:04:59,Completed,302
9837,31,2,Chicken Biryani,12-07-2023,06:39:53,Completed,427
9838,3,40,Masala Dosa,20-05-2023,03:56:33,Completed,550
9839,18,5,Pasta Alfredo,05-04-2023,00:48:07,Completed,366
9840,25,57,Pasta Alfredo,04-10-2023,07:35:42,Completed,264
9841,32,37,Chicken Biryani,10-08-2023,23:52:00,Completed,569
9842,9,48,Masala Dosa,24-10-2023,19:39:39,Completed,506
9843,3,60,Mutton Biryani,27-02-2023,15:40:46,Completed,345
9844,6,53,Butter Chicken,27-09-2023,06:10:38,Completed,576
9845,9,57,Pasta Alfredo,07-05-2023,05:03:29,Completed,405
9846,33,26,Butter Chicken,02-06-2023,16:33:26,Completed,247
9847,21,20,Egg Curry,07-11-2023,14:18:10,Completed,575
9848,2,35,Pasta Alfredo,13-06-2023,13:09:32,Completed,221
9849,17,26,Chicken Biryani,23-11-2023,11:10:59,Completed,323
9850,32,26,Rajma Chawal,03-12-2023,18:05:02,Completed,465
9851,19,38,Butter Chicken,04-04-2023,10:28:13,Completed,470
9852,24,60,Rajma Chawal,05-06-2023,22:02:01,Completed,507
9853,18,52,Veg Biryani,20-03-2023,11:29:40,Completed,384
9854,30,60,Paneer Lababdar,24-03-2023,10:04:13,Completed,477
9855,4,24,Masala Dosa,22-09-2023,01:37:25,Completed,299
9856,25,2,Rajma Chawal,14-05-2023,02:13:49,Completed,403
9857,5,51,Rajma Chawal,20-02-2023,19:50:03,Completed,258
9858,30,37,Chicken Burger,18-12-2023,01:01:10,Completed,540
9859,11,14,Rajma Chawal,13-02-2023,05:50:30,Completed,238
9860,32,40,Prawn Masala,04-05-2023,17:25:21,Completed,401
9861,33,38,Veg Biryani,01-01-2024,16:19:40,Completed,501
9862,22,8,Mutton Biryani,26-06-2023,21:05:49,Completed,468
9863,32,41,Chicken Burger,21-06-2023,20:55:29,Completed,545
9864,16,14,Chicken Biryani,17-06-2023,14:20:15,Completed,588
9865,2,51,Paneer Lababdar,04-04-2023,19:17:38,Completed,367
9866,27,53,Masala Dosa,10-01-2023,11:50:42,Completed,308
9867,31,29,Pasta Alfredo,27-09-2023,17:38:17,Completed,413
9868,13,14,Prawn Masala,15-01-2023,15:35:31,Completed,486
9869,13,16,Chicken Biryani,12-09-2023,10:34:43,Completed,567
9870,16,36,Butter Chicken,11-08-2023,19:03:47,Completed,525
9871,4,58,Masala Dosa,23-05-2023,04:31:46,Completed,553
9872,33,8,Paneer Lababdar,11-09-2023,18:12:53,Completed,515
9873,28,30,Chicken Biryani,31-07-2023,23:56:06,Completed,540
9874,19,48,Egg Curry,19-07-2023,22:34:41,Completed,216
9875,25,23,Masala Dosa,10-01-2023,07:26:05,Completed,296
9876,29,32,Egg Curry,14-01-2023,09:27:28,Completed,517
9877,4,29,Samosa,23-11-2023,17:37:20,Completed,242
9878,20,4,Rajma Chawal,11-11-2023,02:42:47,Completed,460
9879,24,21,Samosa,01-10-2023,16:59:51,Completed,532
9880,27,54,Veg Biryani,31-10-2023,04:23:20,Completed,455
9881,7,59,Paneer Butter Masala,22-02-2023,01:49:12,Completed,304
9882,25,46,Chicken Burger,18-04-2023,22:26:19,Completed,517
9883,18,8,Butter Chicken,23-12-2023,11:33:24,Completed,225
9884,11,19,Paneer Lababdar,05-02-2023,23:56:18,Completed,542
9885,23,5,Prawn Masala,10-08-2023,23:02:46,Completed,550
9886,19,45,Paneer Lababdar,06-08-2023,03:11:03,Completed,198
9887,17,32,Chole Bhature,28-01-2023,11:55:16,Completed,600
9888,10,12,Chicken Burger,26-08-2023,04:36:43,Completed,322
9889,6,51,Chicken Burger,04-01-2023,14:00:56,Completed,238
9890,29,11,Chicken Burger,25-12-2023,00:32:18,Completed,358
9891,28,21,Prawn Masala,27-12-2023,03:06:35,Completed,475
9892,25,50,Paneer Butter Masala,28-11-2023,12:00:38,Completed,267
9893,15,34,Rajma Chawal,20-09-2023,07:42:49,Completed,534
9894,27,35,Paneer Butter Masala,23-05-2023,00:43:21,Completed,262
9895,4,18,Paneer Lababdar,09-11-2023,04:58:05,Completed,264
9896,18,3,Chole Bhature,04-11-2023,23:08:35,Completed,165
9897,7,55,Masala Dosa,15-03-2023,03:02:34,Completed,532
9898,16,22,Veg Burger,06-08-2023,02:43:20,Completed,567
9899,19,16,Mutton Biryani,04-01-2023,00:48:06,Completed,428
9900,8,26,Chole Bhature,18-01-2023,21:17:36,Completed,210
9901,26,18,Mutton Biryani,16-10-2023,12:09:42,Completed,220
9902,18,49,Pasta Alfredo,17-11-2023,12:41:06,Completed,327
9903,7,43,Veg Biryani,19-09-2023,06:41:06,Completed,545
9904,3,9,Veg Biryani,20-03-2023,12:38:22,Completed,390
9905,25,46,Paneer Lababdar,17-03-2023,12:08:06,Completed,308
9906,19,55,Rajma Chawal,15-01-2023,14:01:18,Completed,160
9907,17,56,Veg Burger,30-11-2023,17:53:54,Completed,273
9908,18,38,Samosa,22-05-2023,19:54:39,Completed,403
9909,27,41,Egg Curry,18-05-2023,02:03:27,Completed,552
9910,14,40,Rajma Chawal,29-12-2023,06:57:34,Completed,401
9911,27,32,Butter Chicken,13-07-2023,16:52:15,Completed,524
9912,22,33,Chicken Biryani,01-03-2023,12:51:49,Completed,407
9913,16,27,Veg Burger,28-12-2023,04:13:18,Completed,426
9914,6,39,Pasta Alfredo,02-12-2023,23:16:58,Completed,401
9915,15,21,Pasta Alfredo,16-06-2023,15:49:37,Completed,443
9916,27,26,Rajma Chawal,10-06-2023,20:29:38,Completed,351
9917,25,8,Butter Chicken,16-06-2023,05:38:00,Completed,273
9918,17,3,Chicken Burger,06-02-2023,00:05:50,Completed,556
9919,25,60,Samosa,29-08-2023,09:36:08,Completed,359
9920,24,1,Mutton Biryani,17-02-2023,14:02:30,Completed,441
9921,26,35,Mutton Biryani,14-10-2023,19:29:05,Completed,472
9922,3,36,Chicken Biryani,19-11-2023,16:18:56,Completed,479
9923,7,19,Paneer Lababdar,17-07-2023,19:24:19,Completed,194
9924,26,18,Paneer Lababdar,05-07-2023,09:16:24,Completed,583
9925,32,53,Samosa,21-04-2023,19:10:51,Completed,218
9926,5,58,Samosa,20-02-2023,16:26:44,Completed,322
9927,13,5,Pasta Alfredo,12-07-2023,03:49:25,Completed,489
9928,13,28,Mutton Biryani,25-04-2023,07:42:39,Completed,582
9929,2,29,Butter Chicken,02-06-2023,13:49:27,Completed,181
9930,12,17,Paneer Lababdar,07-11-2023,05:13:11,Completed,160
9931,21,17,Chicken Biryani,21-04-2023,11:07:58,Completed,394
9932,19,31,Veg Biryani,10-05-2023,15:35:50,Completed,200
9933,10,21,Masala Dosa,27-02-2023,08:44:33,Completed,257
9934,32,38,Chicken Burger,30-01-2023,08:47:07,Completed,495
9935,7,38,Veg Biryani,01-07-2023,20:32:09,Completed,207
9936,9,45,Prawn Masala,06-09-2023,04:38:37,Completed,282
9937,30,41,Butter Chicken,05-09-2023,23:00:20,Completed,382
9938,5,45,Prawn Masala,21-09-2023,02:19:47,Completed,301
9939,3,11,Samosa,04-02-2023,22:27:30,Completed,306
9940,9,17,Paneer Butter Masala,15-01-2023,13:08:10,Completed,555
9941,25,6,Mutton Biryani,09-03-2023,23:24:06,Completed,336
9942,26,8,Paneer Butter Masala,02-04-2023,17:53:46,Completed,516
9943,23,36,Chicken Burger,30-08-2023,21:11:48,Completed,254
9944,25,42,Egg Curry,14-06-2023,06:09:16,Completed,172
9945,15,27,Masala Dosa,30-04-2023,20:06:51,Completed,196
9946,8,50,Chicken Burger,23-02-2023,06:17:02,Completed,540
9947,29,36,Rajma Chawal,25-12-2023,16:01:46,Completed,359
9948,20,52,Paneer Lababdar,06-05-2023,00:15:32,Completed,284
9949,8,52,Masala Dosa,28-04-2023,18:49:58,Completed,387
9950,26,60,Veg Burger,29-09-2023,05:51:19,Completed,291
9951,20,26,Mutton Biryani,07-10-2023,14:56:28,Completed,505
9952,25,14,Paneer Butter Masala,01-11-2023,06:29:44,Completed,570
9953,27,10,Butter Chicken,05-08-2023,21:09:31,Completed,210
9954,32,34,Paneer Butter Masala,09-08-2023,21:13:17,Completed,155
9955,4,18,Mutton Biryani,03-06-2023,09:04:59,Completed,403
9956,33,60,Chicken Burger,01-02-2023,16:11:19,Completed,578
9957,18,18,Samosa,22-11-2023,01:49:45,Completed,342
9958,11,17,Paneer Lababdar,27-10-2023,23:20:41,Completed,366
9959,29,48,Veg Burger,13-12-2023,23:01:43,Completed,545
9960,10,47,Egg Curry,24-04-2023,15:25:18,Completed,286
9961,31,19,Samosa,19-01-2023,23:51:24,Completed,546
9962,21,58,Egg Curry,06-05-2023,15:00:14,Completed,169
9963,11,9,Prawn Masala,29-01-2023,00:13:37,Completed,165
9964,11,45,Paneer Lababdar,07-02-2023,03:32:53,Completed,245
9965,16,26,Egg Curry,25-02-2023,07:39:44,Completed,458
9966,3,35,Mutton Biryani,23-03-2023,20:36:43,Completed,212
9967,22,51,Pasta Alfredo,07-09-2023,06:27:14,Completed,203
9968,15,6,Chicken Biryani,07-02-2023,05:04:03,Completed,437
9969,17,20,Veg Biryani,11-06-2023,14:15:38,Completed,552
9970,24,27,Chole Bhature,29-06-2023,07:52:24,Completed,239
9971,9,19,Paneer Butter Masala,23-05-2023,20:26:45,Completed,196
9972,27,4,Masala Dosa,17-07-2023,11:28:19,Completed,153
9973,14,45,Chicken Biryani,02-11-2023,07:25:48,Completed,212
9974,7,35,Paneer Lababdar,06-09-2023,12:39:34,Completed,273
9975,29,8,Chole Bhature,27-04-2023,04:57:21,Completed,546
9976,29,44,Egg Curry,03-04-2023,10:11:11,Completed,416
9977,19,46,Paneer Lababdar,12-03-2023,15:34:12,Completed,282
9978,5,3,Chicken Burger,11-02-2023,08:26:24,Completed,250
9979,8,2,Prawn Masala,19-02-2023,05:08:22,Completed,238
9980,24,6,Masala Dosa,04-02-2023,19:28:18,Completed,276
9981,8,60,Pasta Alfredo,30-03-2023,05:47:31,Completed,275
9982,8,58,Samosa,16-01-2023,08:08:40,Completed,326
9983,22,23,Mutton Biryani,13-08-2023,06:25:23,Completed,231
9984,3,20,Chole Bhature,19-11-2023,11:52:40,Completed,408
9985,23,32,Paneer Butter Masala,19-05-2023,01:37:53,Completed,209
9986,23,38,Chicken Biryani,24-09-2023,08:34:52,Completed,344
9987,18,53,Chole Bhature,11-10-2023,08:02:44,Completed,289
9988,1,42,Chicken Burger,18-06-2023,10:37:05,Completed,575
9989,6,60,Chicken Biryani,03-09-2023,05:46:50,Completed,542
9990,5,2,Masala Dosa,21-10-2023,07:44:29,Completed,432
9991,33,59,Butter Chicken,06-01-2023,23:55:21,Completed,385
9992,21,12,Mutton Biryani,28-05-2023,22:16:53,Completed,413
9993,3,29,Veg Biryani,26-06-2023,05:03:53,Completed,241
9994,11,45,Masala Dosa,15-08-2023,07:47:49,Completed,442
9995,31,59,Prawn Masala,07-01-2023,15:31:06,Completed,501
9996,16,50,Chicken Burger,03-08-2023,02:55:43,Completed,350
9997,21,25,Chicken Burger,22-07-2023,12:31:26,Completed,513
9998,26,3,Egg Curry,09-05-2023,11:05:40,Completed,241
9999,12,22,Chole Bhature,01-09-2023,04:52:47,Completed,551
10000,17,25,Butter Chicken,21-12-2023,07:38:01,Completed,369
